catalog_row,record_type,qualified_name,signature_or_value,constructor_signature,source,line,documentation_evidence,audit_status,api_disposition,evidence_refs,rationale
21,documented-import,starlette.applications.Starlette,,,docs/authentication.md,8,explicit Python import in upstream docs,confirmed documented import path,supported,docs/authentication.md:8,"The pinned guide contains this exact import statement, establishing the documented consumer import path for starlette.applications.Starlette."
23,documented-import,starlette.applications.Starlette,,,docs/config.md,9,explicit Python import in upstream docs,confirmed documented import path,supported,docs/config.md:9,"The pinned guide contains this exact import statement, establishing the documented consumer import path for starlette.applications.Starlette."
25,documented-import,starlette.applications.Starlette,,,docs/exceptions.md,6,explicit Python import in upstream docs,confirmed documented import path,supported,docs/exceptions.md:6,"The pinned guide contains this exact import statement, establishing the documented consumer import path for starlette.applications.Starlette."
49,class,starlette.authentication.AuthCredentials,class AuthCredentials:,"def __init__(self, scopes: Sequence[str] | None=None):",starlette/authentication.py,110,module source only; symbol not matched in docs scan,public-name candidate; not reviewed,supported,starlette/authentication.py:110;docs/authentication.md:55-78,"The pinned authentication guide demonstrates or describes this named class/decorator behavior; the assigned authentication tests corroborate its request, WebSocket, and user-facing behavior."
50,constructor,starlette.authentication.AuthCredentials.__init__,"def __init__(self, scopes: Sequence[str] | None=None):",,starlette/authentication.py,111,class source only; method not matched in docs scan,method candidate; not reviewed,supported,starlette/authentication.py:111;docs/authentication.md:55-78,"The pinned authentication guide demonstrates or describes this named class/decorator behavior; the assigned authentication tests corroborate its request, WebSocket, and user-facing behavior."
51,class,starlette.authentication.AuthenticationBackend,class AuthenticationBackend:,inherited or object default; verify,starlette/authentication.py,105,module source only; symbol not matched in docs scan,public-name candidate; not reviewed,supported,starlette/authentication.py:105;docs/authentication.md:8-53,"The pinned authentication guide demonstrates or describes this named class/decorator behavior; the assigned authentication tests corroborate its request, WebSocket, and user-facing behavior."
52,public-method,starlette.authentication.AuthenticationBackend.authenticate,"async def authenticate(self, conn: HTTPConnection) -> tuple[AuthCredentials, BaseUser] | None:",,starlette/authentication.py,106,class source only; method not matched in docs scan,method candidate; not reviewed,supported,starlette/authentication.py:106;docs/authentication.md:20-36,"The pinned authentication guide demonstrates or describes this named class/decorator behavior; the assigned authentication tests corroborate its request, WebSocket, and user-facing behavior."
53,class,starlette.authentication.AuthenticationError,class AuthenticationError(Exception):,inherited or object default; verify,starlette/authentication.py,101,module source only; symbol not matched in docs scan,public-name candidate; not reviewed,supported,starlette/authentication.py:101;docs/authentication.md:8-53,"The pinned authentication guide demonstrates or describes this named class/decorator behavior; the assigned authentication tests corroborate its request, WebSocket, and user-facing behavior."
54,class,starlette.authentication.BaseUser,class BaseUser:,inherited or object default; verify,starlette/authentication.py,115,module source only; symbol not matched in docs scan,public-name candidate; not reviewed,supported,starlette/authentication.py:115;docs/authentication.md:55-78,"The pinned authentication guide demonstrates or describes this named class/decorator behavior; the assigned authentication tests corroborate its request, WebSocket, and user-facing behavior."
55,public-method,starlette.authentication.BaseUser.display_name,def display_name(self) -> str:,,starlette/authentication.py,121,class source only; method not matched in docs scan,method candidate; not reviewed,supported,starlette/authentication.py:121;docs/authentication.md:55-78,"The pinned authentication guide demonstrates or describes this named class/decorator behavior; the assigned authentication tests corroborate its request, WebSocket, and user-facing behavior."
56,public-method,starlette.authentication.BaseUser.identity,def identity(self) -> str:,,starlette/authentication.py,125,class source only; method not matched in docs scan,method candidate; not reviewed,uncertain,starlette/authentication.py:125;docs/authentication.md:55-67;tests/test_authentication.py::test_user_interface,The guide documents BaseUser.is_authenticated and BaseUser.display_name but does not establish identity as a consumer property; implementation and test evidence alone leave this candidate unresolved.
57,public-method,starlette.authentication.BaseUser.is_authenticated,def is_authenticated(self) -> bool:,,starlette/authentication.py,117,class source only; method not matched in docs scan,method candidate; not reviewed,supported,starlette/authentication.py:117;docs/authentication.md:55-78,"The pinned authentication guide demonstrates or describes this named class/decorator behavior; the assigned authentication tests corroborate its request, WebSocket, and user-facing behavior."
58,source-reexport-candidate,starlette.authentication.HTTPConnection,from starlette.requests import HTTPConnection,,starlette/authentication.py,11,source import only,candidate only; importability is not public-status evidence,uncertain,starlette/authentication.py:11;docs/authentication.md:8-16;docs/authentication.md:141-166,The imported symbol is documented under its canonical owning module; the pinned guide does not establish a starlette.authentication re-export contract.
59,source-reexport-candidate,starlette.authentication.HTTPException,from starlette.exceptions import HTTPException,,starlette/authentication.py,10,source import only,candidate only; importability is not public-status evidence,uncertain,starlette/authentication.py:10;docs/authentication.md:8-16;docs/authentication.md:141-166,The imported symbol is documented under its canonical owning module; the pinned guide does not establish a starlette.authentication re-export contract.
60,source-reexport-candidate,starlette.authentication.RedirectResponse,from starlette.responses import RedirectResponse,,starlette/authentication.py,12,source import only,candidate only; importability is not public-status evidence,uncertain,starlette/authentication.py:12;docs/authentication.md:8-16;docs/authentication.md:141-166,The imported symbol is documented under its canonical owning module; the pinned guide does not establish a starlette.authentication re-export contract.
61,source-reexport-candidate,starlette.authentication.Request,from starlette.requests import Request,,starlette/authentication.py,11,source import only,candidate only; importability is not public-status evidence,uncertain,starlette/authentication.py:11;docs/authentication.md:8-16;docs/authentication.md:141-166,The imported symbol is documented under its canonical owning module; the pinned guide does not establish a starlette.authentication re-export contract.
62,class,starlette.authentication.SimpleUser,class SimpleUser(BaseUser):,"def __init__(self, username: str) -> None:",starlette/authentication.py,129,module source only; symbol not matched in docs scan,public-name candidate; not reviewed,supported,starlette/authentication.py:129;docs/authentication.md:55-78,"The pinned authentication guide demonstrates or describes this named class/decorator behavior; the assigned authentication tests corroborate its request, WebSocket, and user-facing behavior."
63,constructor,starlette.authentication.SimpleUser.__init__,"def __init__(self, username: str) -> None:",,starlette/authentication.py,130,class source only; method not matched in docs scan,method candidate; not reviewed,supported,starlette/authentication.py:130;docs/authentication.md:55-78,"The pinned authentication guide demonstrates or describes this named class/decorator behavior; the assigned authentication tests corroborate its request, WebSocket, and user-facing behavior."
64,public-method,starlette.authentication.SimpleUser.display_name,def display_name(self) -> str:,,starlette/authentication.py,138,class source only; method not matched in docs scan,method candidate; not reviewed,supported,starlette/authentication.py:138;docs/authentication.md:55-78,"The pinned authentication guide demonstrates or describes this named class/decorator behavior; the assigned authentication tests corroborate its request, WebSocket, and user-facing behavior."
65,public-method,starlette.authentication.SimpleUser.is_authenticated,def is_authenticated(self) -> bool:,,starlette/authentication.py,134,class source only; method not matched in docs scan,method candidate; not reviewed,supported,starlette/authentication.py:134;docs/authentication.md:55-78,"The pinned authentication guide demonstrates or describes this named class/decorator behavior; the assigned authentication tests corroborate its request, WebSocket, and user-facing behavior."
66,class,starlette.authentication.UnauthenticatedUser,class UnauthenticatedUser(BaseUser):,inherited or object default; verify,starlette/authentication.py,142,module source only; symbol not matched in docs scan,public-name candidate; not reviewed,supported,starlette/authentication.py:142;docs/authentication.md:55-78,"The pinned authentication guide demonstrates or describes this named class/decorator behavior; the assigned authentication tests corroborate its request, WebSocket, and user-facing behavior."
67,public-method,starlette.authentication.UnauthenticatedUser.display_name,def display_name(self) -> str:,,starlette/authentication.py,148,class source only; method not matched in docs scan,method candidate; not reviewed,supported,starlette/authentication.py:148;docs/authentication.md:55-78,"The pinned authentication guide demonstrates or describes this named class/decorator behavior; the assigned authentication tests corroborate its request, WebSocket, and user-facing behavior."
68,public-method,starlette.authentication.UnauthenticatedUser.is_authenticated,def is_authenticated(self) -> bool:,,starlette/authentication.py,144,class source only; method not matched in docs scan,method candidate; not reviewed,supported,starlette/authentication.py:144;docs/authentication.md:55-78,"The pinned authentication guide demonstrates or describes this named class/decorator behavior; the assigned authentication tests corroborate its request, WebSocket, and user-facing behavior."
69,source-reexport-candidate,starlette.authentication.WebSocket,from starlette.websockets import WebSocket,,starlette/authentication.py,13,source import only,candidate only; importability is not public-status evidence,uncertain,starlette/authentication.py:13;docs/authentication.md:8-16;docs/authentication.md:141-166,The imported symbol is documented under its canonical owning module; the pinned guide does not establish a starlette.authentication re-export contract.
70,function,starlette.authentication.has_required_scope,"def has_required_scope(conn: HTTPConnection, scopes: Sequence[str]) -> bool:",,starlette/authentication.py,18,module source only; symbol not matched in docs scan,public-name candidate; not reviewed,private/internal,starlette/authentication.py:18;starlette/authentication.py:18-22;starlette/authentication.py:53-94,This helper exists to implement the public requires decorator and is not documented as a standalone consumer API.
71,source-reexport-candidate,starlette.authentication.is_async_callable,from starlette._utils import is_async_callable,,starlette/authentication.py,9,source import only,candidate only; importability is not public-status evidence,private/internal,starlette/authentication.py:9;starlette/authentication.py:18-22;starlette/authentication.py:53-94,This helper exists to implement the public requires decorator and is not documented as a standalone consumer API.
72,documented-import,starlette.authentication.requires,,,docs/authentication.md,86,explicit Python import in upstream docs,confirmed documented import path,supported,docs/authentication.md:86,"The pinned guide contains this exact import statement, establishing the documented consumer import path for starlette.authentication.requires."
73,function,starlette.authentication.requires,"def requires(scopes: str | Sequence[str], status_code: int=403, redirect: str | None=None) -> Callable[[Callable[_P, Any]], Callable[_P, Any]]:",,starlette/authentication.py,25,explicitly referenced in docs,documented symbol; review defaults and behavior,supported,starlette/authentication.py:25;docs/authentication.md:80-173,"The pinned authentication guide demonstrates or describes this named class/decorator behavior; the assigned authentication tests corroborate its request, WebSocket, and user-facing behavior."
92,class,starlette.config.Config,class Config:,"def __init__(self, env_file: str | Path | None=None, environ: Mapping[str, str]=environ, env_prefix: str='', encoding: str='utf-8') -> None:",starlette/config.py,49,explicitly referenced in docs,documented symbol; review defaults and behavior,supported,starlette/config.py:49;docs/config.md:7-43;docs/config.md:105-133;tests/test_config.py::test_config,"The guide establishes Config construction, callable lookup, source precedence, prefixing, and casting; this overload or constructor belongs to that documented interface."
93,documented-import,starlette.config.Config,,,docs/config.md,10,explicit Python import in upstream docs,confirmed documented import path,supported,docs/config.md:10,"The pinned guide contains this exact import statement, establishing the documented consumer import path for starlette.config.Config."
94,special-method,starlette.config.Config.__call__,"def __call__(self, key: str, *, default: None) -> str | None:",,starlette/config.py,67,class source only; method not matched in docs scan,method candidate; not reviewed,supported,starlette/config.py:67;docs/config.md:7-43;docs/config.md:105-133;tests/test_config.py::test_config,"The guide establishes Config construction, callable lookup, source precedence, prefixing, and casting; this overload or constructor belongs to that documented interface."
95,special-method,starlette.config.Config.__call__,"def __call__(self, key: str, cast: type[T], default: T=...) -> T:",,starlette/config.py,70,class source only; method not matched in docs scan,method candidate; not reviewed,supported,starlette/config.py:70;docs/config.md:7-43;docs/config.md:105-133;tests/test_config.py::test_config,"The guide establishes Config construction, callable lookup, source precedence, prefixing, and casting; this overload or constructor belongs to that documented interface."
96,special-method,starlette.config.Config.__call__,"def __call__(self, key: str, cast: type[str]=..., default: str=...) -> str:",,starlette/config.py,73,class source only; method not matched in docs scan,method candidate; not reviewed,supported,starlette/config.py:73;docs/config.md:7-43;docs/config.md:105-133;tests/test_config.py::test_config,"The guide establishes Config construction, callable lookup, source precedence, prefixing, and casting; this overload or constructor belongs to that documented interface."
97,special-method,starlette.config.Config.__call__,"def __call__(self, key: str, cast: Callable[[Any], T]=..., default: Any=...) -> T:",,starlette/config.py,76,class source only; method not matched in docs scan,method candidate; not reviewed,supported,starlette/config.py:76;docs/config.md:7-43;docs/config.md:105-133;tests/test_config.py::test_config,"The guide establishes Config construction, callable lookup, source precedence, prefixing, and casting; this overload or constructor belongs to that documented interface."
98,special-method,starlette.config.Config.__call__,"def __call__(self, key: str, cast: type[str]=..., default: T=...) -> T | str:",,starlette/config.py,84,class source only; method not matched in docs scan,method candidate; not reviewed,supported,starlette/config.py:84;docs/config.md:7-43;docs/config.md:105-133;tests/test_config.py::test_config,"The guide establishes Config construction, callable lookup, source precedence, prefixing, and casting; this overload or constructor belongs to that documented interface."
99,special-method,starlette.config.Config.__call__,"def __call__(self, key: str, cast: Callable[[Any], Any] | None=None, default: Any=undefined) -> Any:",,starlette/config.py,86,class source only; method not matched in docs scan,method candidate; not reviewed,supported,starlette/config.py:86;docs/config.md:7-43;docs/config.md:105-133;tests/test_config.py::test_config,"The guide establishes Config construction, callable lookup, source precedence, prefixing, and casting; this overload or constructor belongs to that documented interface."
100,constructor,starlette.config.Config.__init__,"def __init__(self, env_file: str | Path | None=None, environ: Mapping[str, str]=environ, env_prefix: str='', encoding: str='utf-8') -> None:",,starlette/config.py,50,class source only; method not matched in docs scan,method candidate; not reviewed,supported,starlette/config.py:50;docs/config.md:7-43;docs/config.md:105-133;tests/test_config.py::test_config,"The guide establishes Config construction, callable lookup, source precedence, prefixing, and casting; this overload or constructor belongs to that documented interface."
101,public-method,starlette.config.Config.get,"def get(self, key: str, cast: Callable[[Any], Any] | None=None, default: Any=undefined) -> Any:",,starlette/config.py,94,class source only; method not matched in docs scan,method candidate; not reviewed,uncertain,starlette/config.py:94;docs/config.md:7-43;tests/test_config.py::test_config,"The pinned guide documents the callable Config interface, while get is only exercised by tests and is not named in the guide; its standalone method status remains unresolved."
102,class,starlette.config.Environ,"class Environ(MutableMapping[str, str]):","def __init__(self, environ: MutableMapping[str, str]=os.environ):",starlette/config.py,18,module source only; symbol not matched in docs scan,public-name candidate; not reviewed,uncertain,starlette/config.py:18;docs/config.md:85-103;tests/test_config.py::test_environ,"The guide documents the shared environ instance and its read-before-write protection, but does not promise direct Environ construction or the EnvironError class spelling; tests corroborate without establishing those names as public."
103,special-method,starlette.config.Environ.__delitem__,"def __delitem__(self, key: str) -> None:",,starlette/config.py,32,class source only; method not matched in docs scan,method candidate; not reviewed,supported,starlette/config.py:32;docs/config.md:85-103,"This mapping operation implements the documented environ instance interface; test_environ corroborates reads, writes, deletes, iteration, and length."
104,special-method,starlette.config.Environ.__getitem__,"def __getitem__(self, key: str) -> str:",,starlette/config.py,23,class source only; method not matched in docs scan,method candidate; not reviewed,supported,starlette/config.py:23;docs/config.md:85-103,"This mapping operation implements the documented environ instance interface; test_environ corroborates reads, writes, deletes, iteration, and length."
105,constructor,starlette.config.Environ.__init__,"def __init__(self, environ: MutableMapping[str, str]=os.environ):",,starlette/config.py,19,class source only; method not matched in docs scan,method candidate; not reviewed,uncertain,starlette/config.py:19;docs/config.md:85-103;tests/test_config.py::test_environ,"The guide documents the shared environ instance and its read-before-write protection, but does not promise direct Environ construction or the EnvironError class spelling; tests corroborate without establishing those names as public."
106,special-method,starlette.config.Environ.__iter__,def __iter__(self) -> Iterator[str]:,,starlette/config.py,37,class source only; method not matched in docs scan,method candidate; not reviewed,supported,starlette/config.py:37;docs/config.md:85-103,"This mapping operation implements the documented environ instance interface; test_environ corroborates reads, writes, deletes, iteration, and length."
107,special-method,starlette.config.Environ.__len__,def __len__(self) -> int:,,starlette/config.py,40,class source only; method not matched in docs scan,method candidate; not reviewed,supported,starlette/config.py:40;docs/config.md:85-103,"This mapping operation implements the documented environ instance interface; test_environ corroborates reads, writes, deletes, iteration, and length."
108,special-method,starlette.config.Environ.__setitem__,"def __setitem__(self, key: str, value: str) -> None:",,starlette/config.py,27,class source only; method not matched in docs scan,method candidate; not reviewed,supported,starlette/config.py:27;docs/config.md:85-103,"This mapping operation implements the documented environ instance interface; test_environ corroborates reads, writes, deletes, iteration, and length."
109,class,starlette.config.EnvironError,class EnvironError(Exception):,inherited or object default; verify,starlette/config.py,14,module source only; symbol not matched in docs scan,public-name candidate; not reviewed,uncertain,starlette/config.py:14;docs/config.md:85-103;tests/test_config.py::test_environ,"The guide documents the shared environ instance and its read-before-write protection, but does not promise direct Environ construction or the EnvironError class spelling; tests corroborate without establishing those names as public."
110,assignment,starlette.config.T,"TypeVar(""T"")",,starlette/config.py,46,module source only; name not matched in docs scan,public-name candidate; not reviewed,private/internal,starlette/config.py:46,This is a missing-default sentinel or typing-only TypeVar used internally by Config; it is not documented as a consumer API.
111,assignment,starlette.config.environ,Environ(),,starlette/config.py,44,explicitly referenced in docs,documented value; review aliases and behavior,supported,starlette/config.py:44;docs/config.md:85-103,"The guide explicitly imports and describes this environment mapping instance, including its mutation guard."
112,documented-import,starlette.config.environ,,,docs/config.md,100,explicit Python import in upstream docs,confirmed documented import path,supported,docs/config.md:100,"The pinned guide contains this exact import statement, establishing the documented consumer import path for starlette.config.environ."
113,class,starlette.config.undefined,class undefined:,inherited or object default; verify,starlette/config.py,10,module source only; symbol not matched in docs scan,public-name candidate; not reviewed,private/internal,starlette/config.py:10,This is a missing-default sentinel or typing-only TypeVar used internally by Config; it is not documented as a consumer API.
137,class,starlette.datastructures.Address,class Address(NamedTuple):,inherited or object default; verify,starlette/datastructures.py,13,module source only; symbol not matched in docs scan,public-name candidate; not reviewed,supported,starlette/datastructures.py:13-16;docs/requests.md:61-67;tests/test_requests.py:10;tests/test_requests.py:71-76,"The pinned test suite explicitly imports Address from starlette.datastructures and compares Request.client with Address(""client"", 42). HTTPConnection.client constructs this type for a non-null ASGI client pair. The input-only Request.client case observes the returned type, tuple values, host, port, and null/missing behavior."
138,class,starlette.datastructures.CommaSeparatedStrings,class CommaSeparatedStrings(Sequence[str]):,"def __init__(self, value: str | Sequence[str]):",starlette/datastructures.py,225,explicitly referenced in docs,documented symbol; review defaults and behavior,supported,starlette/datastructures.py:225;docs/config.md:11-11;docs/config.md:68-82,The pinned public guide or release note establishes CommaSeparatedStrings as a consumer data structure and documents the relevant representation or operation; assigned tests corroborate concrete behavior.
139,documented-import,starlette.datastructures.CommaSeparatedStrings,,,docs/config.md,11,explicit Python import in upstream docs,confirmed documented import path,supported,docs/config.md:11,"The pinned guide contains this exact import statement, establishing the documented consumer import path for starlette.datastructures.CommaSeparatedStrings."
140,special-method,starlette.datastructures.CommaSeparatedStrings.__getitem__,"def __getitem__(self, index: int | slice) -> Any:",,starlette/datastructures.py,238,class source only; method not matched in docs scan,method candidate; not reviewed,supported,starlette/datastructures.py:238;docs/config.md:11-11;docs/config.md:68-82,The pinned public guide or release note establishes CommaSeparatedStrings as a consumer data structure and documents the relevant representation or operation; assigned tests corroborate concrete behavior.
141,constructor,starlette.datastructures.CommaSeparatedStrings.__init__,"def __init__(self, value: str | Sequence[str]):",,starlette/datastructures.py,226,class source only; method not matched in docs scan,method candidate; not reviewed,supported,starlette/datastructures.py:226;docs/config.md:11-11;docs/config.md:68-82,The pinned public guide or release note establishes CommaSeparatedStrings as a consumer data structure and documents the relevant representation or operation; assigned tests corroborate concrete behavior.
142,special-method,starlette.datastructures.CommaSeparatedStrings.__iter__,def __iter__(self) -> Iterator[str]:,,starlette/datastructures.py,241,class source only; method not matched in docs scan,method candidate; not reviewed,supported,starlette/datastructures.py:241;docs/config.md:11-11;docs/config.md:68-82,The pinned public guide or release note establishes CommaSeparatedStrings as a consumer data structure and documents the relevant representation or operation; assigned tests corroborate concrete behavior.
143,special-method,starlette.datastructures.CommaSeparatedStrings.__len__,def __len__(self) -> int:,,starlette/datastructures.py,235,class source only; method not matched in docs scan,method candidate; not reviewed,supported,starlette/datastructures.py:235;docs/config.md:11-11;docs/config.md:68-82,The pinned public guide or release note establishes CommaSeparatedStrings as a consumer data structure and documents the relevant representation or operation; assigned tests corroborate concrete behavior.
144,special-method,starlette.datastructures.CommaSeparatedStrings.__repr__,def __repr__(self) -> str:,,starlette/datastructures.py,244,class source only; method not matched in docs scan,method candidate; not reviewed,supported,starlette/datastructures.py:244;docs/config.md:11-11;docs/config.md:68-82,The pinned public guide or release note establishes CommaSeparatedStrings as a consumer data structure and documents the relevant representation or operation; assigned tests corroborate concrete behavior.
145,special-method,starlette.datastructures.CommaSeparatedStrings.__str__,def __str__(self) -> str:,,starlette/datastructures.py,249,class source only; method not matched in docs scan,method candidate; not reviewed,supported,starlette/datastructures.py:249;docs/config.md:11-11;docs/config.md:68-82,The pinned public guide or release note establishes CommaSeparatedStrings as a consumer data structure and documents the relevant representation or operation; assigned tests corroborate concrete behavior.
146,class,starlette.datastructures.FormData,"class FormData(ImmutableMultiDict[str, UploadFile | str]):","def __init__(self, *args: FormData | Mapping[str, str | UploadFile] | list[tuple[str, str | UploadFile]], **kwargs: str | UploadFile) -> None:",starlette/datastructures.py,482,explicitly referenced in docs,documented symbol; review defaults and behavior,supported,"starlette/datastructures.py:253-315,482-498;docs/requests.md:135-136;tests/test_datastructures.py::test_formdata","The requests guide names the fully qualified FormData class and describes its immutable multidict role; upstream tests exercise repeated-item construction, mapping views, lookup, getlist, equality, and representation."
147,constructor,starlette.datastructures.FormData.__init__,"def __init__(self, *args: FormData | Mapping[str, str | UploadFile] | list[tuple[str, str | UploadFile]], **kwargs: str | UploadFile) -> None:",,starlette/datastructures.py,487,class source only; method not matched in docs scan,method candidate; not reviewed,supported,starlette/datastructures.py:487;docs/requests.md:135-169,The pinned public guide or release note establishes FormData as a consumer data structure and documents the relevant representation or operation; assigned tests corroborate concrete behavior.
148,public-method,starlette.datastructures.FormData.close,async def close(self) -> None:,,starlette/datastructures.py,494,class source only; method not matched in docs scan,method candidate; not reviewed,uncertain,starlette/datastructures.py:494;docs/requests.md:135-162;tests/test_datastructures.py::test_formdata,"FormData is documented as an immutable form multidict, but the guide does not establish a direct close method contract; the implementation method and related tests do not settle that public status."
149,class,starlette.datastructures.Headers,"class Headers(Mapping[str, str]):","def __init__(self, headers: Mapping[str, str] | None=None, raw: list[tuple[bytes, bytes]] | None=None, scope: MutableMapping[str, Any] | None=None) -> None:",starlette/datastructures.py,500,explicitly referenced in docs,documented symbol; review defaults and behavior,supported,starlette/datastructures.py:500;docs/requests.md:43-47;docs/middleware.md:698-750,The pinned public guide or release note establishes Headers as a consumer data structure and documents the relevant representation or operation; assigned tests corroborate concrete behavior.
151,special-method,starlette.datastructures.Headers.__contains__,"def __contains__(self, key: Any) -> bool:",,starlette/datastructures.py,551,class source only; method not matched in docs scan,method candidate; not reviewed,supported,starlette/datastructures.py:551;docs/requests.md:43-47;docs/middleware.md:698-750,The pinned public guide or release note establishes Headers as a consumer data structure and documents the relevant representation or operation; assigned tests corroborate concrete behavior.
152,special-method,starlette.datastructures.Headers.__eq__,"def __eq__(self, other: Any) -> bool:",,starlette/datastructures.py,564,class source only; method not matched in docs scan,method candidate; not reviewed,uncertain,starlette/datastructures.py:564-567;docs/requests.md:43-47;tests/test_datastructures.py::test_headers,The guide establishes case-insensitive multi-dict lookup but does not specify equality ordering or duplicate-pair comparison; the exact equality contract appears only in source/tests.
153,special-method,starlette.datastructures.Headers.__getitem__,"def __getitem__(self, key: str) -> str:",,starlette/datastructures.py,544,class source only; method not matched in docs scan,method candidate; not reviewed,supported,starlette/datastructures.py:544;docs/requests.md:43-47;docs/middleware.md:698-750,The pinned public guide or release note establishes Headers as a consumer data structure and documents the relevant representation or operation; assigned tests corroborate concrete behavior.
154,constructor,starlette.datastructures.Headers.__init__,"def __init__(self, headers: Mapping[str, str] | None=None, raw: list[tuple[bytes, bytes]] | None=None, scope: MutableMapping[str, Any] | None=None) -> None:",,starlette/datastructures.py,505,class source only; method not matched in docs scan,method candidate; not reviewed,supported,starlette/datastructures.py:505;docs/requests.md:43-47;docs/middleware.md:698-750,The pinned public guide or release note establishes Headers as a consumer data structure and documents the relevant representation or operation; assigned tests corroborate concrete behavior.
155,special-method,starlette.datastructures.Headers.__iter__,def __iter__(self) -> Iterator[Any]:,,starlette/datastructures.py,558,class source only; method not matched in docs scan,method candidate; not reviewed,supported,starlette/datastructures.py:558;docs/requests.md:43-47;docs/middleware.md:698-750,The pinned public guide or release note establishes Headers as a consumer data structure and documents the relevant representation or operation; assigned tests corroborate concrete behavior.
156,special-method,starlette.datastructures.Headers.__len__,def __len__(self) -> int:,,starlette/datastructures.py,561,class source only; method not matched in docs scan,method candidate; not reviewed,supported,starlette/datastructures.py:561;docs/requests.md:43-47;docs/middleware.md:698-750,The pinned public guide or release note establishes Headers as a consumer data structure and documents the relevant representation or operation; assigned tests corroborate concrete behavior.
157,special-method,starlette.datastructures.Headers.__repr__,def __repr__(self) -> str:,,starlette/datastructures.py,569,class source only; method not matched in docs scan,method candidate; not reviewed,uncertain,starlette/datastructures.py:569-574;tests/test_datastructures.py::test_headers,"The Header class is documented, but its precise debug representation is established only by source/test evidence and is not specified in the public guide."
158,public-method,starlette.datastructures.Headers.getlist,"def getlist(self, key: str) -> list[str]:",,starlette/datastructures.py,537,class source only; method not matched in docs scan,method candidate; not reviewed,supported,starlette/datastructures.py:537;docs/requests.md:43-47;docs/middleware.md:698-750,The pinned public guide or release note establishes Headers as a consumer data structure and documents the relevant representation or operation; assigned tests corroborate concrete behavior.
159,public-method,starlette.datastructures.Headers.items,"def items(self) -> list[tuple[str, str]]:",,starlette/datastructures.py,534,class source only; method not matched in docs scan,method candidate; not reviewed,supported,starlette/datastructures.py:534;docs/requests.md:43-47;docs/middleware.md:698-750,The pinned public guide or release note establishes Headers as a consumer data structure and documents the relevant representation or operation; assigned tests corroborate concrete behavior.
160,public-method,starlette.datastructures.Headers.keys,def keys(self) -> list[str]:,,starlette/datastructures.py,528,class source only; method not matched in docs scan,method candidate; not reviewed,supported,starlette/datastructures.py:528;docs/requests.md:43-47;docs/middleware.md:698-750,The pinned public guide or release note establishes Headers as a consumer data structure and documents the relevant representation or operation; assigned tests corroborate concrete behavior.
161,public-method,starlette.datastructures.Headers.mutablecopy,def mutablecopy(self) -> MutableHeaders:,,starlette/datastructures.py,541,class source only; method not matched in docs scan,method candidate; not reviewed,supported,starlette/datastructures.py:541;docs/requests.md:43-47;docs/middleware.md:698-750,The pinned public guide or release note establishes Headers as a consumer data structure and documents the relevant representation or operation; assigned tests corroborate concrete behavior.
162,public-method,starlette.datastructures.Headers.raw,"def raw(self) -> list[tuple[bytes, bytes]]:",,starlette/datastructures.py,525,class source only; method not matched in docs scan,method candidate; not reviewed,supported,starlette/datastructures.py:525;docs/requests.md:43-47;docs/middleware.md:698-750,The pinned public guide or release note establishes Headers as a consumer data structure and documents the relevant representation or operation; assigned tests corroborate concrete behavior.
163,public-method,starlette.datastructures.Headers.values,def values(self) -> list[str]:,,starlette/datastructures.py,531,class source only; method not matched in docs scan,method candidate; not reviewed,supported,starlette/datastructures.py:531;docs/requests.md:43-47;docs/middleware.md:698-750,The pinned public guide or release note establishes Headers as a consumer data structure and documents the relevant representation or operation; assigned tests corroborate concrete behavior.
164,class,starlette.datastructures.ImmutableMultiDict,"class ImmutableMultiDict(Mapping[_KeyType, _CovariantValueType]):","def __init__(self, *args: ImmutableMultiDict[_KeyType, _CovariantValueType] | Mapping[_KeyType, _CovariantValueType] | Iterable[tuple[_KeyType, _CovariantValueType]], **kwargs: Any) -> None:",starlette/datastructures.py,253,module source only; symbol not matched in docs scan,public-name candidate; not reviewed,supported,starlette/datastructures.py:253;docs/release-notes.md:948-948,The pinned public guide or release note establishes ImmutableMultiDict as a consumer data structure and documents the relevant representation or operation; assigned tests corroborate concrete behavior.
165,special-method,starlette.datastructures.ImmutableMultiDict.__contains__,"def __contains__(self, key: Any) -> bool:",,starlette/datastructures.py,302,class source only; method not matched in docs scan,method candidate; not reviewed,supported,starlette/datastructures.py:302;docs/release-notes.md:948-948,The pinned public guide or release note establishes ImmutableMultiDict as a consumer data structure and documents the relevant representation or operation; assigned tests corroborate concrete behavior.
166,special-method,starlette.datastructures.ImmutableMultiDict.__eq__,"def __eq__(self, other: Any) -> bool:",,starlette/datastructures.py,311,class source only; method not matched in docs scan,method candidate; not reviewed,supported,starlette/datastructures.py:311;docs/release-notes.md:948-948,The pinned public guide or release note establishes ImmutableMultiDict as a consumer data structure and documents the relevant representation or operation; assigned tests corroborate concrete behavior.
167,special-method,starlette.datastructures.ImmutableMultiDict.__getitem__,"def __getitem__(self, key: _KeyType) -> _CovariantValueType:",,starlette/datastructures.py,299,class source only; method not matched in docs scan,method candidate; not reviewed,supported,starlette/datastructures.py:299;docs/release-notes.md:948-948,The pinned public guide or release note establishes ImmutableMultiDict as a consumer data structure and documents the relevant representation or operation; assigned tests corroborate concrete behavior.
168,constructor,starlette.datastructures.ImmutableMultiDict.__init__,"def __init__(self, *args: ImmutableMultiDict[_KeyType, _CovariantValueType] | Mapping[_KeyType, _CovariantValueType] | Iterable[tuple[_KeyType, _CovariantValueType]], **kwargs: Any) -> None:",,starlette/datastructures.py,256,class source only; method not matched in docs scan,method candidate; not reviewed,supported,starlette/datastructures.py:256;docs/release-notes.md:948-948,The pinned public guide or release note establishes ImmutableMultiDict as a consumer data structure and documents the relevant representation or operation; assigned tests corroborate concrete behavior.
169,special-method,starlette.datastructures.ImmutableMultiDict.__iter__,def __iter__(self) -> Iterator[_KeyType]:,,starlette/datastructures.py,305,class source only; method not matched in docs scan,method candidate; not reviewed,supported,starlette/datastructures.py:305;docs/release-notes.md:948-948,The pinned public guide or release note establishes ImmutableMultiDict as a consumer data structure and documents the relevant representation or operation; assigned tests corroborate concrete behavior.
170,special-method,starlette.datastructures.ImmutableMultiDict.__len__,def __len__(self) -> int:,,starlette/datastructures.py,308,class source only; method not matched in docs scan,method candidate; not reviewed,supported,starlette/datastructures.py:308;docs/release-notes.md:948-948,The pinned public guide or release note establishes ImmutableMultiDict as a consumer data structure and documents the relevant representation or operation; assigned tests corroborate concrete behavior.
171,special-method,starlette.datastructures.ImmutableMultiDict.__repr__,def __repr__(self) -> str:,,starlette/datastructures.py,316,class source only; method not matched in docs scan,method candidate; not reviewed,supported,starlette/datastructures.py:253-319;docs/release-notes.md:948;tests/test_datastructures.py::test_queryparams;tests/test_datastructures.py::test_formdata,"ImmutableMultiDict.getlist is named in the pinned release notes, and the pinned QueryParams and FormData consumer tests assert the inherited multidict representation for public subclasses."
172,public-method,starlette.datastructures.ImmutableMultiDict.getlist,"def getlist(self, key: Any) -> list[_CovariantValueType]:",,starlette/datastructures.py,284,class source only; method not matched in docs scan,method candidate; not reviewed,supported,starlette/datastructures.py:284;docs/release-notes.md:948-948,The pinned public guide or release note establishes ImmutableMultiDict as a consumer data structure and documents the relevant representation or operation; assigned tests corroborate concrete behavior.
173,public-method,starlette.datastructures.ImmutableMultiDict.items,"def items(self) -> ItemsView[_KeyType, _CovariantValueType]:",,starlette/datastructures.py,293,class source only; method not matched in docs scan,method candidate; not reviewed,supported,starlette/datastructures.py:293;docs/release-notes.md:948-948,The pinned public guide or release note establishes ImmutableMultiDict as a consumer data structure and documents the relevant representation or operation; assigned tests corroborate concrete behavior.
174,public-method,starlette.datastructures.ImmutableMultiDict.keys,def keys(self) -> KeysView[_KeyType]:,,starlette/datastructures.py,287,class source only; method not matched in docs scan,method candidate; not reviewed,supported,starlette/datastructures.py:287;docs/release-notes.md:948-948,The pinned public guide or release note establishes ImmutableMultiDict as a consumer data structure and documents the relevant representation or operation; assigned tests corroborate concrete behavior.
175,public-method,starlette.datastructures.ImmutableMultiDict.multi_items,"def multi_items(self) -> list[tuple[_KeyType, _CovariantValueType]]:",,starlette/datastructures.py,296,class source only; method not matched in docs scan,method candidate; not reviewed,supported,starlette/datastructures.py:296;docs/release-notes.md:948-948,The pinned public guide or release note establishes ImmutableMultiDict as a consumer data structure and documents the relevant representation or operation; assigned tests corroborate concrete behavior.
176,public-method,starlette.datastructures.ImmutableMultiDict.values,def values(self) -> ValuesView[_CovariantValueType]:,,starlette/datastructures.py,290,class source only; method not matched in docs scan,method candidate; not reviewed,supported,starlette/datastructures.py:290;docs/release-notes.md:948-948,The pinned public guide or release note establishes ImmutableMultiDict as a consumer data structure and documents the relevant representation or operation; assigned tests corroborate concrete behavior.
177,class,starlette.datastructures.MultiDict,"class MultiDict(ImmutableMultiDict[Any, Any]):",inherited or object default; verify,starlette/datastructures.py,322,module source only; symbol not matched in docs scan,public-name candidate; not reviewed,supported,starlette/datastructures.py:322-375;tests/test_datastructures.py::test_multidict,"The pinned Starlette compatibility test explicitly imports MultiDict from starlette.datastructures and exercises this constructor or method through the public class, establishing the import spelling and behavior."
178,special-method,starlette.datastructures.MultiDict.__delitem__,"def __delitem__(self, key: Any) -> None:",,starlette/datastructures.py,326,class source only; method not matched in docs scan,method candidate; not reviewed,supported,starlette/datastructures.py:322-375;tests/test_datastructures.py::test_multidict,"The pinned Starlette compatibility test explicitly imports MultiDict from starlette.datastructures and exercises this constructor or method through the public class, establishing the import spelling and behavior."
179,special-method,starlette.datastructures.MultiDict.__setitem__,"def __setitem__(self, key: Any, value: Any) -> None:",,starlette/datastructures.py,323,class source only; method not matched in docs scan,method candidate; not reviewed,supported,starlette/datastructures.py:322-375;tests/test_datastructures.py::test_multidict,"The pinned Starlette compatibility test explicitly imports MultiDict from starlette.datastructures and exercises this constructor or method through the public class, establishing the import spelling and behavior."
180,public-method,starlette.datastructures.MultiDict.append,"def append(self, key: Any, value: Any) -> None:",,starlette/datastructures.py,363,class source only; method not matched in docs scan,method candidate; not reviewed,supported,starlette/datastructures.py:322-375;tests/test_datastructures.py::test_multidict,"The pinned Starlette compatibility test explicitly imports MultiDict from starlette.datastructures and exercises this constructor or method through the public class, establishing the import spelling and behavior."
181,public-method,starlette.datastructures.MultiDict.clear,def clear(self) -> None:,,starlette/datastructures.py,344,class source only; method not matched in docs scan,method candidate; not reviewed,supported,starlette/datastructures.py:322-375;tests/test_datastructures.py::test_multidict,"The pinned Starlette compatibility test explicitly imports MultiDict from starlette.datastructures and exercises this constructor or method through the public class, establishing the import spelling and behavior."
182,public-method,starlette.datastructures.MultiDict.pop,"def pop(self, key: Any, default: Any=None) -> Any:",,starlette/datastructures.py,330,class source only; method not matched in docs scan,method candidate; not reviewed,supported,starlette/datastructures.py:322-375;tests/test_datastructures.py::test_multidict,"The pinned Starlette compatibility test explicitly imports MultiDict from starlette.datastructures and exercises this constructor or method through the public class, establishing the import spelling and behavior."
183,public-method,starlette.datastructures.MultiDict.popitem,"def popitem(self) -> tuple[Any, Any]:",,starlette/datastructures.py,334,class source only; method not matched in docs scan,method candidate; not reviewed,supported,starlette/datastructures.py:322-375;tests/test_datastructures.py::test_multidict,"The pinned Starlette compatibility test explicitly imports MultiDict from starlette.datastructures and exercises this constructor or method through the public class, establishing the import spelling and behavior."
184,public-method,starlette.datastructures.MultiDict.poplist,"def poplist(self, key: Any) -> list[Any]:",,starlette/datastructures.py,339,class source only; method not matched in docs scan,method candidate; not reviewed,supported,starlette/datastructures.py:322-375;tests/test_datastructures.py::test_multidict,"The pinned Starlette compatibility test explicitly imports MultiDict from starlette.datastructures and exercises this constructor or method through the public class, establishing the import spelling and behavior."
185,public-method,starlette.datastructures.MultiDict.setdefault,"def setdefault(self, key: Any, default: Any=None) -> Any:",,starlette/datastructures.py,348,class source only; method not matched in docs scan,method candidate; not reviewed,supported,starlette/datastructures.py:322-375;tests/test_datastructures.py::test_multidict,"The pinned Starlette compatibility test explicitly imports MultiDict from starlette.datastructures and exercises this constructor or method through the public class, establishing the import spelling and behavior."
186,public-method,starlette.datastructures.MultiDict.setlist,"def setlist(self, key: Any, values: list[Any]) -> None:",,starlette/datastructures.py,355,class source only; method not matched in docs scan,method candidate; not reviewed,supported,starlette/datastructures.py:322-375;tests/test_datastructures.py::test_multidict,"The pinned Starlette compatibility test explicitly imports MultiDict from starlette.datastructures and exercises this constructor or method through the public class, establishing the import spelling and behavior."
187,public-method,starlette.datastructures.MultiDict.update,"def update(self, *args: MultiDict | Mapping[Any, Any] | list[tuple[Any, Any]], **kwargs: Any) -> None:",,starlette/datastructures.py,367,class source only; method not matched in docs scan,method candidate; not reviewed,supported,starlette/datastructures.py:322-375;tests/test_datastructures.py::test_multidict,"The pinned Starlette compatibility test explicitly imports MultiDict from starlette.datastructures and exercises this constructor or method through the public class, establishing the import spelling and behavior."
188,class,starlette.datastructures.MutableHeaders,class MutableHeaders(Headers):,inherited or object default; verify,starlette/datastructures.py,577,explicitly referenced in docs,documented symbol; review defaults and behavior,supported,starlette/datastructures.py:577;docs/middleware.md:613-626;docs/release-notes.md:898-898,The pinned public guide or release note establishes MutableHeaders as a consumer data structure and documents the relevant representation or operation; assigned tests corroborate concrete behavior.
190,special-method,starlette.datastructures.MutableHeaders.__delitem__,"def __delitem__(self, key: str) -> None:",,starlette/datastructures.py,600,class source only; method not matched in docs scan,method candidate; not reviewed,supported,starlette/datastructures.py:600;docs/middleware.md:613-626;docs/release-notes.md:898-898,The pinned public guide or release note establishes MutableHeaders as a consumer data structure and documents the relevant representation or operation; assigned tests corroborate concrete behavior.
191,special-method,starlette.datastructures.MutableHeaders.__ior__,"def __ior__(self, other: Mapping[str, str]) -> MutableHeaders:",,starlette/datastructures.py,614,class source only; method not matched in docs scan,method candidate; not reviewed,supported,starlette/datastructures.py:614;docs/middleware.md:613-626;docs/release-notes.md:898-898,The pinned public guide or release note establishes MutableHeaders as a consumer data structure and documents the relevant representation or operation; assigned tests corroborate concrete behavior.
192,special-method,starlette.datastructures.MutableHeaders.__or__,"def __or__(self, other: Mapping[str, str]) -> MutableHeaders:",,starlette/datastructures.py,620,class source only; method not matched in docs scan,method candidate; not reviewed,supported,starlette/datastructures.py:620;docs/middleware.md:613-626;docs/release-notes.md:898-898,The pinned public guide or release note establishes MutableHeaders as a consumer data structure and documents the relevant representation or operation; assigned tests corroborate concrete behavior.
193,special-method,starlette.datastructures.MutableHeaders.__setitem__,"def __setitem__(self, key: str, value: str) -> None:",,starlette/datastructures.py,578,class source only; method not matched in docs scan,method candidate; not reviewed,supported,starlette/datastructures.py:578;docs/middleware.md:613-626;docs/release-notes.md:898-898,The pinned public guide or release note establishes MutableHeaders as a consumer data structure and documents the relevant representation or operation; assigned tests corroborate concrete behavior.
194,public-method,starlette.datastructures.MutableHeaders.add_vary_header,"def add_vary_header(self, vary: str) -> None:",,starlette/datastructures.py,657,class source only; method not matched in docs scan,method candidate; not reviewed,uncertain,starlette/datastructures.py:657-662;starlette/middleware/cors.py:179-179;starlette/middleware/sessions.py:63-63;starlette/middleware/gzip.py:137-150,The method is used by built-in middleware but the pinned public guide does not establish it as a consumer method; internal usage alone does not settle its public status.
195,public-method,starlette.datastructures.MutableHeaders.append,"def append(self, key: str, value: str) -> None:",,starlette/datastructures.py,649,class source only; method not matched in docs scan,method candidate; not reviewed,supported,starlette/datastructures.py:649;docs/middleware.md:613-626;docs/release-notes.md:898-898,The pinned public guide or release note establishes MutableHeaders as a consumer data structure and documents the relevant representation or operation; assigned tests corroborate concrete behavior.
196,public-method,starlette.datastructures.MutableHeaders.raw,"def raw(self) -> list[tuple[bytes, bytes]]:",,starlette/datastructures.py,628,class source only; method not matched in docs scan,method candidate; not reviewed,supported,starlette/datastructures.py:628;docs/middleware.md:613-626;docs/release-notes.md:898-898,The pinned public guide or release note establishes MutableHeaders as a consumer data structure and documents the relevant representation or operation; assigned tests corroborate concrete behavior.
197,public-method,starlette.datastructures.MutableHeaders.setdefault,"def setdefault(self, key: str, value: str) -> str:",,starlette/datastructures.py,631,class source only; method not matched in docs scan,method candidate; not reviewed,supported,starlette/datastructures.py:631;docs/middleware.md:613-626;docs/release-notes.md:898-898,The pinned public guide or release note establishes MutableHeaders as a consumer data structure and documents the relevant representation or operation; assigned tests corroborate concrete behavior.
198,public-method,starlette.datastructures.MutableHeaders.update,"def update(self, other: Mapping[str, str]) -> None:",,starlette/datastructures.py,645,class source only; method not matched in docs scan,method candidate; not reviewed,supported,starlette/datastructures.py:645;docs/middleware.md:613-626;docs/release-notes.md:898-898,The pinned public guide or release note establishes MutableHeaders as a consumer data structure and documents the relevant representation or operation; assigned tests corroborate concrete behavior.
199,class,starlette.datastructures.QueryParams,"class QueryParams(ImmutableMultiDict[str, str]):","def __init__(self, *args: ImmutableMultiDict[Any, Any] | Mapping[Any, Any] | list[tuple[Any, Any]] | str | bytes, **kwargs: Any) -> None:",starlette/datastructures.py,378,module source only; symbol not matched in docs scan,public-name candidate; not reviewed,supported,starlette/datastructures.py:378;docs/middleware.md:493-493;docs/requests.md:49-53;docs/release-notes.md:1158-1158,The pinned public guide or release note establishes QueryParams as a consumer data structure and documents the relevant representation or operation; assigned tests corroborate concrete behavior.
200,constructor,starlette.datastructures.QueryParams.__init__,"def __init__(self, *args: ImmutableMultiDict[Any, Any] | Mapping[Any, Any] | list[tuple[Any, Any]] | str | bytes, **kwargs: Any) -> None:",,starlette/datastructures.py,383,class source only; method not matched in docs scan,method candidate; not reviewed,supported,starlette/datastructures.py:383;docs/middleware.md:493-493;docs/requests.md:49-53;docs/release-notes.md:1158-1158,The pinned public guide or release note establishes QueryParams as a consumer data structure and documents the relevant representation or operation; assigned tests corroborate concrete behavior.
201,special-method,starlette.datastructures.QueryParams.__repr__,def __repr__(self) -> str:,,starlette/datastructures.py,404,class source only; method not matched in docs scan,method candidate; not reviewed,uncertain,starlette/datastructures.py:401-407;docs/requests.md:49-53;tests/test_datastructures.py::test_queryparams,The public guide describes query parameters as a multidict but does not specify the class repr format; the precise repr behavior appears only in source/tests.
202,special-method,starlette.datastructures.QueryParams.__str__,def __str__(self) -> str:,,starlette/datastructures.py,401,class source only; method not matched in docs scan,method candidate; not reviewed,supported,starlette/datastructures.py:401;docs/middleware.md:493-493;docs/requests.md:49-53;docs/release-notes.md:1158-1158,The pinned public guide or release note establishes QueryParams as a consumer data structure and documents the relevant representation or operation; assigned tests corroborate concrete behavior.
203,source-reexport-candidate,starlette.datastructures.Scope,from starlette.types import Scope,,starlette/datastructures.py,10,source import only,candidate only; importability is not public-status evidence,private/internal,starlette/datastructures.py:10;starlette/datastructures.py:3-10,This imported helper or ASGI typing name supports the module implementation and is not established as a starlette.datastructures consumer re-export.
204,class,starlette.datastructures.Secret,class Secret:,"def __init__(self, value: str):",starlette/datastructures.py,205,explicitly referenced in docs,documented symbol; review defaults and behavior,supported,starlette/datastructures.py:205;docs/config.md:11-11;docs/config.md:45-59;docs/release-notes.md:869,The pinned public guide or release note establishes Secret as a consumer data structure and documents the relevant representation or operation; assigned tests corroborate concrete behavior.
205,documented-import,starlette.datastructures.Secret,,,docs/config.md,11,explicit Python import in upstream docs,confirmed documented import path,supported,docs/config.md:11,"The pinned guide contains this exact import statement, establishing the documented consumer import path for starlette.datastructures.Secret."
206,special-method,starlette.datastructures.Secret.__bool__,def __bool__(self) -> bool:,,starlette/datastructures.py,221,class source only; method not matched in docs scan,method candidate; not reviewed,supported,starlette/datastructures.py:221;docs/config.md:11-11;docs/config.md:45-59;docs/release-notes.md:869,The pinned public guide or release note establishes Secret as a consumer data structure and documents the relevant representation or operation; assigned tests corroborate concrete behavior.
207,constructor,starlette.datastructures.Secret.__init__,"def __init__(self, value: str):",,starlette/datastructures.py,211,class source only; method not matched in docs scan,method candidate; not reviewed,supported,starlette/datastructures.py:211;docs/config.md:11-11;docs/config.md:45-59;docs/release-notes.md:869,The pinned public guide or release note establishes Secret as a consumer data structure and documents the relevant representation or operation; assigned tests corroborate concrete behavior.
208,special-method,starlette.datastructures.Secret.__repr__,def __repr__(self) -> str:,,starlette/datastructures.py,214,class source only; method not matched in docs scan,method candidate; not reviewed,supported,starlette/datastructures.py:214;docs/config.md:11-11;docs/config.md:45-59;docs/release-notes.md:869,The pinned public guide or release note establishes Secret as a consumer data structure and documents the relevant representation or operation; assigned tests corroborate concrete behavior.
209,special-method,starlette.datastructures.Secret.__str__,def __str__(self) -> str:,,starlette/datastructures.py,218,class source only; method not matched in docs scan,method candidate; not reviewed,supported,starlette/datastructures.py:218;docs/config.md:11-11;docs/config.md:45-59;docs/release-notes.md:869,The pinned public guide or release note establishes Secret as a consumer data structure and documents the relevant representation or operation; assigned tests corroborate concrete behavior.
210,class,starlette.datastructures.State,class State:,"def __init__(self, state: dict[str, Any] | None=None):",starlette/datastructures.py,664,module source only; symbol not matched in docs scan,public-name candidate; not reviewed,supported,starlette/datastructures.py:664;docs/requests.md:176-179;docs/lifespan.md:76-120;docs/release-notes.md:226-256,The pinned public guide or release note establishes State as a consumer data structure and documents the relevant representation or operation; assigned tests corroborate concrete behavior.
211,special-method,starlette.datastructures.State.__delattr__,"def __delattr__(self, key: Any) -> None:",,starlette/datastructures.py,688,class source only; method not matched in docs scan,method candidate; not reviewed,supported,starlette/datastructures.py:688;docs/requests.md:176-179;docs/lifespan.md:76-120;docs/release-notes.md:226-256,The pinned public guide or release note establishes State as a consumer data structure and documents the relevant representation or operation; assigned tests corroborate concrete behavior.
212,special-method,starlette.datastructures.State.__delitem__,"def __delitem__(self, key: str) -> None:",,starlette/datastructures.py,697,class source only; method not matched in docs scan,method candidate; not reviewed,supported,starlette/datastructures.py:697;docs/requests.md:176-179;docs/lifespan.md:76-120;docs/release-notes.md:226-256;docs/release-notes.md:226-256,The pinned public guide or release note establishes State as a consumer data structure and documents the relevant representation or operation; assigned tests corroborate concrete behavior.
213,special-method,starlette.datastructures.State.__getattr__,"def __getattr__(self, key: Any) -> Any:",,starlette/datastructures.py,681,class source only; method not matched in docs scan,method candidate; not reviewed,supported,starlette/datastructures.py:681;docs/requests.md:176-179;docs/lifespan.md:76-120;docs/release-notes.md:226-256,The pinned public guide or release note establishes State as a consumer data structure and documents the relevant representation or operation; assigned tests corroborate concrete behavior.
214,special-method,starlette.datastructures.State.__getitem__,"def __getitem__(self, key: str) -> Any:",,starlette/datastructures.py,691,class source only; method not matched in docs scan,method candidate; not reviewed,supported,starlette/datastructures.py:691;docs/requests.md:176-179;docs/lifespan.md:76-120;docs/release-notes.md:226-256;docs/release-notes.md:226-256,The pinned public guide or release note establishes State as a consumer data structure and documents the relevant representation or operation; assigned tests corroborate concrete behavior.
215,constructor,starlette.datastructures.State.__init__,"def __init__(self, state: dict[str, Any] | None=None):",,starlette/datastructures.py,673,class source only; method not matched in docs scan,method candidate; not reviewed,supported,starlette/datastructures.py:673;docs/requests.md:176-179;docs/lifespan.md:76-120;docs/release-notes.md:226-256,The pinned public guide or release note establishes State as a consumer data structure and documents the relevant representation or operation; assigned tests corroborate concrete behavior.
216,special-method,starlette.datastructures.State.__iter__,def __iter__(self) -> Iterator[str]:,,starlette/datastructures.py,700,class source only; method not matched in docs scan,method candidate; not reviewed,supported,starlette/datastructures.py:700;docs/requests.md:176-179;docs/lifespan.md:76-120;docs/release-notes.md:226-256,The pinned public guide or release note establishes State as a consumer data structure and documents the relevant representation or operation; assigned tests corroborate concrete behavior.
217,special-method,starlette.datastructures.State.__len__,def __len__(self) -> int:,,starlette/datastructures.py,703,class source only; method not matched in docs scan,method candidate; not reviewed,supported,starlette/datastructures.py:703;docs/requests.md:176-179;docs/lifespan.md:76-120;docs/release-notes.md:226-256,The pinned public guide or release note establishes State as a consumer data structure and documents the relevant representation or operation; assigned tests corroborate concrete behavior.
218,special-method,starlette.datastructures.State.__setattr__,"def __setattr__(self, key: Any, value: Any) -> None:",,starlette/datastructures.py,678,class source only; method not matched in docs scan,method candidate; not reviewed,supported,starlette/datastructures.py:678;docs/requests.md:176-179;docs/lifespan.md:76-120;docs/release-notes.md:226-256,The pinned public guide or release note establishes State as a consumer data structure and documents the relevant representation or operation; assigned tests corroborate concrete behavior.
219,special-method,starlette.datastructures.State.__setitem__,"def __setitem__(self, key: str, value: Any) -> None:",,starlette/datastructures.py,694,class source only; method not matched in docs scan,method candidate; not reviewed,supported,starlette/datastructures.py:694;docs/requests.md:176-179;docs/lifespan.md:76-120;docs/release-notes.md:226-256;docs/release-notes.md:226-256,The pinned public guide or release note establishes State as a consumer data structure and documents the relevant representation or operation; assigned tests corroborate concrete behavior.
220,class,starlette.datastructures.URL,class URL:,"def __init__(self, url: str='', scope: Scope | None=None, **components: Any) -> None:",starlette/datastructures.py,28,explicitly referenced in docs,documented symbol; review defaults and behavior,supported,starlette/datastructures.py:28;docs/requests.md:34-47;docs/middleware.md:493-534;docs/release-notes.md:1098-1100,The pinned public guide or release note establishes URL as a consumer data structure and documents the relevant representation or operation; assigned tests corroborate concrete behavior.
222,special-method,starlette.datastructures.URL.__eq__,"def __eq__(self, other: Any) -> bool:",,starlette/datastructures.py,162,class source only; method not matched in docs scan,method candidate; not reviewed,supported,starlette/datastructures.py:162;docs/requests.md:34-47;docs/middleware.md:493-534;docs/release-notes.md:1098-1100,The pinned public guide or release note establishes URL as a consumer data structure and documents the relevant representation or operation; assigned tests corroborate concrete behavior.
223,constructor,starlette.datastructures.URL.__init__,"def __init__(self, url: str='', scope: Scope | None=None, **components: Any) -> None:",,starlette/datastructures.py,29,class source only; method not matched in docs scan,method candidate; not reviewed,supported,starlette/datastructures.py:29;docs/requests.md:34-47;docs/middleware.md:493-534;docs/release-notes.md:1098-1100,The pinned public guide or release note establishes URL as a consumer data structure and documents the relevant representation or operation; assigned tests corroborate concrete behavior.
224,special-method,starlette.datastructures.URL.__repr__,def __repr__(self) -> str:,,starlette/datastructures.py,168,class source only; method not matched in docs scan,method candidate; not reviewed,supported,starlette/datastructures.py:168;docs/requests.md:34-47;docs/middleware.md:493-534;docs/release-notes.md:1098-1100,The pinned public guide or release note establishes URL as a consumer data structure and documents the relevant representation or operation; assigned tests corroborate concrete behavior.
225,special-method,starlette.datastructures.URL.__str__,def __str__(self) -> str:,,starlette/datastructures.py,165,class source only; method not matched in docs scan,method candidate; not reviewed,supported,starlette/datastructures.py:165;docs/requests.md:34-47;docs/middleware.md:493-534;docs/release-notes.md:1098-1100,The pinned public guide or release note establishes URL as a consumer data structure and documents the relevant representation or operation; assigned tests corroborate concrete behavior.
226,public-method,starlette.datastructures.URL.components,def components(self) -> SplitResult:,,starlette/datastructures.py,70,class source only; method not matched in docs scan,method candidate; not reviewed,supported,starlette/datastructures.py:70;docs/requests.md:34-47;docs/middleware.md:493-534;docs/release-notes.md:1098-1100,The pinned public guide or release note establishes URL as a consumer data structure and documents the relevant representation or operation; assigned tests corroborate concrete behavior.
227,public-method,starlette.datastructures.URL.fragment,def fragment(self) -> str:,,starlette/datastructures.py,92,class source only; method not matched in docs scan,method candidate; not reviewed,supported,starlette/datastructures.py:92;docs/requests.md:34-47;docs/middleware.md:493-534;docs/release-notes.md:1098-1100,The pinned public guide or release note establishes URL as a consumer data structure and documents the relevant representation or operation; assigned tests corroborate concrete behavior.
228,public-method,starlette.datastructures.URL.hostname,def hostname(self) -> None | str:,,starlette/datastructures.py,104,class source only; method not matched in docs scan,method candidate; not reviewed,supported,starlette/datastructures.py:104;docs/requests.md:34-47;docs/middleware.md:493-534;docs/release-notes.md:1098-1100,The pinned public guide or release note establishes URL as a consumer data structure and documents the relevant representation or operation; assigned tests corroborate concrete behavior.
229,public-method,starlette.datastructures.URL.include_query_params,"def include_query_params(self, **kwargs: Any) -> URL:",,starlette/datastructures.py,143,class source only; method not matched in docs scan,method candidate; not reviewed,supported,starlette/datastructures.py:143;docs/requests.md:34-47;docs/middleware.md:493-534;docs/release-notes.md:1098-1100;docs/release-notes.md:1098-1100,The pinned public guide or release note establishes URL as a consumer data structure and documents the relevant representation or operation; assigned tests corroborate concrete behavior.
230,public-method,starlette.datastructures.URL.is_secure,def is_secure(self) -> bool:,,starlette/datastructures.py,112,class source only; method not matched in docs scan,method candidate; not reviewed,supported,starlette/datastructures.py:112;docs/requests.md:34-47;docs/middleware.md:493-534;docs/release-notes.md:1098-1100,The pinned public guide or release note establishes URL as a consumer data structure and documents the relevant representation or operation; assigned tests corroborate concrete behavior.
231,public-method,starlette.datastructures.URL.netloc,def netloc(self) -> str:,,starlette/datastructures.py,80,class source only; method not matched in docs scan,method candidate; not reviewed,supported,starlette/datastructures.py:80;docs/requests.md:34-47;docs/middleware.md:493-534;docs/release-notes.md:1098-1100,The pinned public guide or release note establishes URL as a consumer data structure and documents the relevant representation or operation; assigned tests corroborate concrete behavior.
232,public-method,starlette.datastructures.URL.password,def password(self) -> None | str:,,starlette/datastructures.py,100,class source only; method not matched in docs scan,method candidate; not reviewed,supported,starlette/datastructures.py:100;docs/requests.md:34-47;docs/middleware.md:493-534;docs/release-notes.md:1098-1100,The pinned public guide or release note establishes URL as a consumer data structure and documents the relevant representation or operation; assigned tests corroborate concrete behavior.
233,public-method,starlette.datastructures.URL.path,def path(self) -> str:,,starlette/datastructures.py,84,class source only; method not matched in docs scan,method candidate; not reviewed,supported,starlette/datastructures.py:84;docs/requests.md:34-47;docs/middleware.md:493-534;docs/release-notes.md:1098-1100,The pinned public guide or release note establishes URL as a consumer data structure and documents the relevant representation or operation; assigned tests corroborate concrete behavior.
234,public-method,starlette.datastructures.URL.port,def port(self) -> int | None:,,starlette/datastructures.py,108,class source only; method not matched in docs scan,method candidate; not reviewed,supported,starlette/datastructures.py:108;docs/requests.md:34-47;docs/middleware.md:493-534;docs/release-notes.md:1098-1100,The pinned public guide or release note establishes URL as a consumer data structure and documents the relevant representation or operation; assigned tests corroborate concrete behavior.
235,public-method,starlette.datastructures.URL.query,def query(self) -> str:,,starlette/datastructures.py,88,class source only; method not matched in docs scan,method candidate; not reviewed,supported,starlette/datastructures.py:88;docs/requests.md:34-47;docs/middleware.md:493-534;docs/release-notes.md:1098-1100,The pinned public guide or release note establishes URL as a consumer data structure and documents the relevant representation or operation; assigned tests corroborate concrete behavior.
236,public-method,starlette.datastructures.URL.remove_query_params,"def remove_query_params(self, keys: str | Sequence[str]) -> URL:",,starlette/datastructures.py,153,class source only; method not matched in docs scan,method candidate; not reviewed,supported,starlette/datastructures.py:153;docs/requests.md:34-47;docs/middleware.md:493-534;docs/release-notes.md:1098-1100;docs/release-notes.md:1098-1100,The pinned public guide or release note establishes URL as a consumer data structure and documents the relevant representation or operation; assigned tests corroborate concrete behavior.
237,public-method,starlette.datastructures.URL.replace,"def replace(self, **kwargs: Any) -> URL:",,starlette/datastructures.py,115,class source only; method not matched in docs scan,method candidate; not reviewed,supported,starlette/datastructures.py:115;docs/requests.md:34-47;docs/middleware.md:493-534;docs/release-notes.md:1098-1100,The pinned public guide or release note establishes URL as a consumer data structure and documents the relevant representation or operation; assigned tests corroborate concrete behavior.
238,public-method,starlette.datastructures.URL.replace_query_params,"def replace_query_params(self, **kwargs: Any) -> URL:",,starlette/datastructures.py,149,class source only; method not matched in docs scan,method candidate; not reviewed,supported,starlette/datastructures.py:149;docs/requests.md:34-47;docs/middleware.md:493-534;docs/release-notes.md:1098-1100;docs/release-notes.md:1098-1100,The pinned public guide or release note establishes URL as a consumer data structure and documents the relevant representation or operation; assigned tests corroborate concrete behavior.
239,public-method,starlette.datastructures.URL.scheme,def scheme(self) -> str:,,starlette/datastructures.py,76,class source only; method not matched in docs scan,method candidate; not reviewed,supported,starlette/datastructures.py:76;docs/requests.md:34-47;docs/middleware.md:493-534;docs/release-notes.md:1098-1100,The pinned public guide or release note establishes URL as a consumer data structure and documents the relevant representation or operation; assigned tests corroborate concrete behavior.
240,public-method,starlette.datastructures.URL.username,def username(self) -> None | str:,,starlette/datastructures.py,96,class source only; method not matched in docs scan,method candidate; not reviewed,supported,starlette/datastructures.py:96;docs/requests.md:34-47;docs/middleware.md:493-534;docs/release-notes.md:1098-1100,The pinned public guide or release note establishes URL as a consumer data structure and documents the relevant representation or operation; assigned tests corroborate concrete behavior.
241,class,starlette.datastructures.URLPath,class URLPath(str):,"def __init__(self, path: str, protocol: Literal['http', 'websocket', '']='', host: str='') -> None:",starlette/datastructures.py,175,module source only; symbol not matched in docs scan,public-name candidate; not reviewed,supported,starlette/datastructures.py:175;starlette/routing.py:171-171;starlette/routing.py:260-269;docs/release-notes.md:63,The pinned public guide or release note establishes URLPath as a consumer data structure and documents the relevant representation or operation; assigned tests corroborate concrete behavior.
242,constructor,starlette.datastructures.URLPath.__init__,"def __init__(self, path: str, protocol: Literal['http', 'websocket', '']='', host: str='') -> None:",,starlette/datastructures.py,185,class source only; method not matched in docs scan,method candidate; not reviewed,supported,starlette/datastructures.py:185;starlette/routing.py:171-171;starlette/routing.py:260-269;docs/release-notes.md:63,The pinned public guide or release note establishes URLPath as a consumer data structure and documents the relevant representation or operation; assigned tests corroborate concrete behavior.
243,special-method,starlette.datastructures.URLPath.__new__,"def __new__(cls, path: str, protocol: Literal['http', 'websocket', '']='', host: str='') -> URLPath:",,starlette/datastructures.py,181,class source only; method not matched in docs scan,method candidate; not reviewed,supported,starlette/datastructures.py:181;starlette/routing.py:171-171;starlette/routing.py:260-269;docs/release-notes.md:63,The pinned public guide or release note establishes URLPath as a consumer data structure and documents the relevant representation or operation; assigned tests corroborate concrete behavior.
244,public-method,starlette.datastructures.URLPath.make_absolute_url,"def make_absolute_url(self, base_url: str | URL) -> URL:",,starlette/datastructures.py,189,class source only; method not matched in docs scan,method candidate; not reviewed,supported,starlette/datastructures.py:189;starlette/routing.py:171-171;starlette/routing.py:260-269;docs/release-notes.md:63;docs/release-notes.md:1421-1423,The pinned public guide or release note establishes URLPath as a consumer data structure and documents the relevant representation or operation; assigned tests corroborate concrete behavior.
245,class,starlette.datastructures.UploadFile,class UploadFile:,"def __init__(self, file: BinaryIO, *, size: int | None=None, filename: str | None=None, headers: Headers | None=None) -> None:",starlette/datastructures.py,410,explicitly referenced in docs,documented symbol; review defaults and behavior,supported,starlette/datastructures.py:410;docs/requests.md:135-162;docs/release-notes.md:791-798,The pinned public guide or release note establishes UploadFile as a consumer data structure and documents the relevant representation or operation; assigned tests corroborate concrete behavior.
246,constructor,starlette.datastructures.UploadFile.__init__,"def __init__(self, file: BinaryIO, *, size: int | None=None, filename: str | None=None, headers: Headers | None=None) -> None:",,starlette/datastructures.py,415,class source only; method not matched in docs scan,method candidate; not reviewed,supported,starlette/datastructures.py:415;docs/requests.md:135-162;docs/release-notes.md:791-798,The pinned public guide or release note establishes UploadFile as a consumer data structure and documents the relevant representation or operation; assigned tests corroborate concrete behavior.
247,special-method,starlette.datastructures.UploadFile.__repr__,def __repr__(self) -> str:,,starlette/datastructures.py,478,class source only; method not matched in docs scan,method candidate; not reviewed,supported,starlette/datastructures.py:478;docs/requests.md:135-162;docs/release-notes.md:791-798,The pinned public guide or release note establishes UploadFile as a consumer data structure and documents the relevant representation or operation; assigned tests corroborate concrete behavior.
248,public-method,starlette.datastructures.UploadFile.close,async def close(self) -> None:,,starlette/datastructures.py,472,class source only; method not matched in docs scan,method candidate; not reviewed,supported,starlette/datastructures.py:472;docs/requests.md:135-162;docs/release-notes.md:791-798,The pinned public guide or release note establishes UploadFile as a consumer data structure and documents the relevant representation or operation; assigned tests corroborate concrete behavior.
249,public-method,starlette.datastructures.UploadFile.content_type,def content_type(self) -> str | None:,,starlette/datastructures.py,433,class source only; method not matched in docs scan,method candidate; not reviewed,supported,starlette/datastructures.py:433;docs/requests.md:135-162;docs/release-notes.md:791-798,The pinned public guide or release note establishes UploadFile as a consumer data structure and documents the relevant representation or operation; assigned tests corroborate concrete behavior.
250,public-method,starlette.datastructures.UploadFile.read,"async def read(self, size: int=-1) -> bytes:",,starlette/datastructures.py,461,class source only; method not matched in docs scan,method candidate; not reviewed,supported,starlette/datastructures.py:461;docs/requests.md:135-162;docs/release-notes.md:791-798,The pinned public guide or release note establishes UploadFile as a consumer data structure and documents the relevant representation or operation; assigned tests corroborate concrete behavior.
251,public-method,starlette.datastructures.UploadFile.seek,"async def seek(self, offset: int) -> None:",,starlette/datastructures.py,466,class source only; method not matched in docs scan,method candidate; not reviewed,supported,starlette/datastructures.py:466;docs/requests.md:135-162;docs/release-notes.md:791-798,The pinned public guide or release note establishes UploadFile as a consumer data structure and documents the relevant representation or operation; assigned tests corroborate concrete behavior.
252,public-method,starlette.datastructures.UploadFile.write,"async def write(self, data: bytes) -> None:",,starlette/datastructures.py,451,class source only; method not matched in docs scan,method candidate; not reviewed,supported,starlette/datastructures.py:451;docs/requests.md:135-162;docs/release-notes.md:791-798,The pinned public guide or release note establishes UploadFile as a consumer data structure and documents the relevant representation or operation; assigned tests corroborate concrete behavior.
253,source-reexport-candidate,starlette.datastructures.run_in_threadpool,from starlette.concurrency import run_in_threadpool,,starlette/datastructures.py,9,source import only,candidate only; importability is not public-status evidence,private/internal,starlette/datastructures.py:9;starlette/datastructures.py:3-10,This imported helper or ASGI typing name supports the module implementation and is not established as a starlette.datastructures consumer re-export.
255,documented-import,starlette.endpoints.HTTPEndpoint,,,docs/authentication.md,166,explicit Python import in upstream docs,confirmed documented import path,supported,docs/authentication.md:166,"The pinned guide contains this exact import statement, establishing the documented consumer import path for starlette.endpoints.HTTPEndpoint."
282,class,starlette.exceptions.HTTPException,class HTTPException(Exception):,"def __init__(self, status_code: int, detail: str | None=None, headers: Mapping[str, str] | None=None) -> None:",starlette/exceptions.py,7,explicitly referenced in docs,documented symbol; review defaults and behavior,supported,starlette/exceptions.py:7;docs/exceptions.md:116-149;docs/exceptions.md:53-74,"The pinned exceptions guide documents the class and its handling contract; constructor payload, string form, and WebSocket close behavior are part of the described error interface."
283,documented-import,starlette.exceptions.HTTPException,,,docs/exceptions.md,7,explicit Python import in upstream docs,confirmed documented import path,supported,docs/exceptions.md:7,"The pinned guide contains this exact import statement, establishing the documented consumer import path for starlette.exceptions.HTTPException."
285,constructor,starlette.exceptions.HTTPException.__init__,"def __init__(self, status_code: int, detail: str | None=None, headers: Mapping[str, str] | None=None) -> None:",,starlette/exceptions.py,8,class source only; method not matched in docs scan,method candidate; not reviewed,supported,starlette/exceptions.py:8;docs/exceptions.md:116-149;docs/exceptions.md:53-74,"The pinned exceptions guide documents the class and its handling contract; constructor payload, string form, and WebSocket close behavior are part of the described error interface."
286,special-method,starlette.exceptions.HTTPException.__repr__,def __repr__(self) -> str:,,starlette/exceptions.py,18,class source only; method not matched in docs scan,method candidate; not reviewed,uncertain,starlette/exceptions.py:18;docs/exceptions.md:116-149;tests/test_exceptions.py::test_http_repr;tests/test_exceptions.py::test_websocket_repr,"The class itself is documented, but the exact repr string is supported only by implementation and test evidence, not by the pinned public guide or release notes."
287,special-method,starlette.exceptions.HTTPException.__str__,def __str__(self) -> str:,,starlette/exceptions.py,15,class source only; method not matched in docs scan,method candidate; not reviewed,supported,starlette/exceptions.py:15;docs/exceptions.md:116-149;docs/exceptions.md:53-74;docs/release-notes.md:721,"The pinned exceptions guide documents the class and its handling contract; constructor payload, string form, and WebSocket close behavior are part of the described error interface."
288,class,starlette.exceptions.StarletteDeprecationWarning,class StarletteDeprecationWarning(UserWarning):,inherited or object default; verify,starlette/exceptions.py,36,module source only; symbol not matched in docs scan,public-name candidate; not reviewed,uncertain,starlette/exceptions.py:36;starlette/status.py:190-204;tests/test_status.py:5-25,"The class is used as a warning category and imported in tests, but the pinned user guides do not establish its import path as public."
289,class,starlette.exceptions.WebSocketException,class WebSocketException(Exception):,"def __init__(self, code: int, reason: str | None=None) -> None:",starlette/exceptions.py,23,module source only; symbol not matched in docs scan,public-name candidate; not reviewed,supported,starlette/exceptions.py:23;docs/exceptions.md:116-149;docs/exceptions.md:53-74,"The pinned exceptions guide documents the class and its handling contract; constructor payload, string form, and WebSocket close behavior are part of the described error interface."
290,constructor,starlette.exceptions.WebSocketException.__init__,"def __init__(self, code: int, reason: str | None=None) -> None:",,starlette/exceptions.py,24,class source only; method not matched in docs scan,method candidate; not reviewed,supported,starlette/exceptions.py:24;docs/exceptions.md:116-149;docs/exceptions.md:53-74,"The pinned exceptions guide documents the class and its handling contract; constructor payload, string form, and WebSocket close behavior are part of the described error interface."
291,special-method,starlette.exceptions.WebSocketException.__repr__,def __repr__(self) -> str:,,starlette/exceptions.py,31,class source only; method not matched in docs scan,method candidate; not reviewed,uncertain,starlette/exceptions.py:31;docs/exceptions.md:116-149;tests/test_exceptions.py::test_http_repr;tests/test_exceptions.py::test_websocket_repr,"The class itself is documented, but the exact repr string is supported only by implementation and test evidence, not by the pinned public guide or release notes."
292,special-method,starlette.exceptions.WebSocketException.__str__,def __str__(self) -> str:,,starlette/exceptions.py,28,class source only; method not matched in docs scan,method candidate; not reviewed,supported,starlette/exceptions.py:28;docs/exceptions.md:116-149;docs/exceptions.md:53-74;docs/release-notes.md:721,"The pinned exceptions guide documents the class and its handling contract; constructor payload, string form, and WebSocket close behavior are part of the described error interface."
320,documented-import,starlette.middleware.Middleware,,,docs/authentication.md,12,explicit Python import in upstream docs,confirmed documented import path,supported,docs/authentication.md:12,"The pinned guide contains this exact import statement, establishing the documented consumer import path for starlette.middleware.Middleware."
321,documented-import,starlette.middleware.Middleware,,,docs/config.md,172,explicit Python import in upstream docs,confirmed documented import path,supported,docs/config.md:172,"The pinned guide contains this exact import statement, establishing the documented consumer import path for starlette.middleware.Middleware."
332,documented-import,starlette.middleware.authentication.AuthenticationMiddleware,,,docs/authentication.md,13,explicit Python import in upstream docs,confirmed documented import path,supported,docs/authentication.md:13,"The pinned guide contains this exact import statement, establishing the documented consumer import path for starlette.middleware.authentication.AuthenticationMiddleware."
501,documented-import,starlette.middleware.sessions.SessionMiddleware,,,docs/config.md,173,explicit Python import in upstream docs,confirmed documented import path,supported,docs/config.md:173,"The pinned guide contains this exact import statement, establishing the documented consumer import path for starlette.middleware.sessions.SessionMiddleware."
566,documented-import,starlette.requests.Request,,,docs/authentication.md,184,explicit Python import in upstream docs,confirmed documented import path,supported,docs/authentication.md:184,"The pinned guide contains this exact import statement, establishing the documented consumer import path for starlette.requests.Request."
567,documented-import,starlette.requests.Request,,,docs/exceptions.md,8,explicit Python import in upstream docs,confirmed documented import path,supported,docs/exceptions.md:8,"The pinned guide contains this exact import statement, establishing the documented consumer import path for starlette.requests.Request."
606,documented-import,starlette.responses.HTMLResponse,,,docs/exceptions.md,9,explicit Python import in upstream docs,confirmed documented import path,supported,docs/exceptions.md:9,"The pinned guide contains this exact import statement, establishing the documented consumer import path for starlette.responses.HTMLResponse."
612,documented-import,starlette.responses.JSONResponse,,,docs/authentication.md,185,explicit Python import in upstream docs,confirmed documented import path,supported,docs/authentication.md:185,"The pinned guide contains this exact import statement, establishing the documented consumer import path for starlette.responses.JSONResponse."
624,documented-import,starlette.responses.PlainTextResponse,,,docs/authentication.md,14,explicit Python import in upstream docs,confirmed documented import path,supported,docs/authentication.md:14,"The pinned guide contains this exact import statement, establishing the documented consumer import path for starlette.responses.PlainTextResponse."
635,documented-import,starlette.responses.RedirectResponse,,,docs/authentication.md,142,explicit Python import in upstream docs,confirmed documented import path,supported,docs/authentication.md:142,"The pinned guide contains this exact import statement, establishing the documented consumer import path for starlette.responses.RedirectResponse."
707,documented-import,starlette.routing.Route,,,docs/authentication.md,15,explicit Python import in upstream docs,confirmed documented import path,supported,docs/authentication.md:15,"The pinned guide contains this exact import statement, establishing the documented consumer import path for starlette.routing.Route."
709,documented-import,starlette.routing.Route,,,docs/config.md,174,explicit Python import in upstream docs,confirmed documented import path,supported,docs/config.md:174,"The pinned guide contains this exact import statement, establishing the documented consumer import path for starlette.routing.Route."
748,documented-import,starlette.routing.WebSocketRoute,,,docs/exceptions.md,132,explicit Python import in upstream docs,confirmed documented import path,supported,docs/exceptions.md:132,"The pinned guide contains this exact import statement, establishing the documented consumer import path for starlette.routing.WebSocketRoute."
811,assignment,starlette.status.HTTP_100_CONTINUE,100,,starlette/status.py,96,module source only; name not matched in docs scan,public-name candidate; not reviewed,supported,starlette/status.py:96;starlette/status.py:15-94,"The pinned module explicitly lists this HTTP or WebSocket status constant in __all__, making the named constant part of its exported contract."
812,assignment,starlette.status.HTTP_101_SWITCHING_PROTOCOLS,101,,starlette/status.py,97,module source only; name not matched in docs scan,public-name candidate; not reviewed,supported,starlette/status.py:97;starlette/status.py:15-94,"The pinned module explicitly lists this HTTP or WebSocket status constant in __all__, making the named constant part of its exported contract."
813,assignment,starlette.status.HTTP_102_PROCESSING,102,,starlette/status.py,98,module source only; name not matched in docs scan,public-name candidate; not reviewed,supported,starlette/status.py:98;starlette/status.py:15-94,"The pinned module explicitly lists this HTTP or WebSocket status constant in __all__, making the named constant part of its exported contract."
814,assignment,starlette.status.HTTP_103_EARLY_HINTS,103,,starlette/status.py,99,module source only; name not matched in docs scan,public-name candidate; not reviewed,supported,starlette/status.py:99;starlette/status.py:15-94,"The pinned module explicitly lists this HTTP or WebSocket status constant in __all__, making the named constant part of its exported contract."
815,assignment,starlette.status.HTTP_200_OK,200,,starlette/status.py,100,module source only; name not matched in docs scan,public-name candidate; not reviewed,supported,starlette/status.py:100;starlette/status.py:15-94,"The pinned module explicitly lists this HTTP or WebSocket status constant in __all__, making the named constant part of its exported contract."
816,assignment,starlette.status.HTTP_201_CREATED,201,,starlette/status.py,101,module source only; name not matched in docs scan,public-name candidate; not reviewed,supported,starlette/status.py:101;starlette/status.py:15-94,"The pinned module explicitly lists this HTTP or WebSocket status constant in __all__, making the named constant part of its exported contract."
817,assignment,starlette.status.HTTP_202_ACCEPTED,202,,starlette/status.py,102,module source only; name not matched in docs scan,public-name candidate; not reviewed,supported,starlette/status.py:102;starlette/status.py:15-94,"The pinned module explicitly lists this HTTP or WebSocket status constant in __all__, making the named constant part of its exported contract."
818,assignment,starlette.status.HTTP_203_NON_AUTHORITATIVE_INFORMATION,203,,starlette/status.py,103,module source only; name not matched in docs scan,public-name candidate; not reviewed,supported,starlette/status.py:103;starlette/status.py:15-94,"The pinned module explicitly lists this HTTP or WebSocket status constant in __all__, making the named constant part of its exported contract."
819,assignment,starlette.status.HTTP_204_NO_CONTENT,204,,starlette/status.py,104,module source only; name not matched in docs scan,public-name candidate; not reviewed,supported,starlette/status.py:104;starlette/status.py:15-94,"The pinned module explicitly lists this HTTP or WebSocket status constant in __all__, making the named constant part of its exported contract."
820,assignment,starlette.status.HTTP_205_RESET_CONTENT,205,,starlette/status.py,105,module source only; name not matched in docs scan,public-name candidate; not reviewed,supported,starlette/status.py:105;starlette/status.py:15-94,"The pinned module explicitly lists this HTTP or WebSocket status constant in __all__, making the named constant part of its exported contract."
821,assignment,starlette.status.HTTP_206_PARTIAL_CONTENT,206,,starlette/status.py,106,module source only; name not matched in docs scan,public-name candidate; not reviewed,supported,starlette/status.py:106;starlette/status.py:15-94,"The pinned module explicitly lists this HTTP or WebSocket status constant in __all__, making the named constant part of its exported contract."
822,assignment,starlette.status.HTTP_207_MULTI_STATUS,207,,starlette/status.py,107,module source only; name not matched in docs scan,public-name candidate; not reviewed,supported,starlette/status.py:107;starlette/status.py:15-94,"The pinned module explicitly lists this HTTP or WebSocket status constant in __all__, making the named constant part of its exported contract."
823,assignment,starlette.status.HTTP_208_ALREADY_REPORTED,208,,starlette/status.py,108,module source only; name not matched in docs scan,public-name candidate; not reviewed,supported,starlette/status.py:108;starlette/status.py:15-94,"The pinned module explicitly lists this HTTP or WebSocket status constant in __all__, making the named constant part of its exported contract."
824,assignment,starlette.status.HTTP_226_IM_USED,226,,starlette/status.py,109,module source only; name not matched in docs scan,public-name candidate; not reviewed,supported,starlette/status.py:109;starlette/status.py:15-94,"The pinned module explicitly lists this HTTP or WebSocket status constant in __all__, making the named constant part of its exported contract."
825,assignment,starlette.status.HTTP_300_MULTIPLE_CHOICES,300,,starlette/status.py,110,module source only; name not matched in docs scan,public-name candidate; not reviewed,supported,starlette/status.py:110;starlette/status.py:15-94,"The pinned module explicitly lists this HTTP or WebSocket status constant in __all__, making the named constant part of its exported contract."
826,assignment,starlette.status.HTTP_301_MOVED_PERMANENTLY,301,,starlette/status.py,111,module source only; name not matched in docs scan,public-name candidate; not reviewed,supported,starlette/status.py:111;starlette/status.py:15-94,"The pinned module explicitly lists this HTTP or WebSocket status constant in __all__, making the named constant part of its exported contract."
827,assignment,starlette.status.HTTP_302_FOUND,302,,starlette/status.py,112,module source only; name not matched in docs scan,public-name candidate; not reviewed,supported,starlette/status.py:112;starlette/status.py:15-94,"The pinned module explicitly lists this HTTP or WebSocket status constant in __all__, making the named constant part of its exported contract."
828,assignment,starlette.status.HTTP_303_SEE_OTHER,303,,starlette/status.py,113,module source only; name not matched in docs scan,public-name candidate; not reviewed,supported,starlette/status.py:113;starlette/status.py:15-94,"The pinned module explicitly lists this HTTP or WebSocket status constant in __all__, making the named constant part of its exported contract."
829,assignment,starlette.status.HTTP_304_NOT_MODIFIED,304,,starlette/status.py,114,module source only; name not matched in docs scan,public-name candidate; not reviewed,supported,starlette/status.py:114;starlette/status.py:15-94,"The pinned module explicitly lists this HTTP or WebSocket status constant in __all__, making the named constant part of its exported contract."
830,assignment,starlette.status.HTTP_305_USE_PROXY,305,,starlette/status.py,115,module source only; name not matched in docs scan,public-name candidate; not reviewed,supported,starlette/status.py:115;starlette/status.py:15-94,"The pinned module explicitly lists this HTTP or WebSocket status constant in __all__, making the named constant part of its exported contract."
831,assignment,starlette.status.HTTP_306_RESERVED,306,,starlette/status.py,116,module source only; name not matched in docs scan,public-name candidate; not reviewed,supported,starlette/status.py:116;starlette/status.py:15-94,"The pinned module explicitly lists this HTTP or WebSocket status constant in __all__, making the named constant part of its exported contract."
832,assignment,starlette.status.HTTP_307_TEMPORARY_REDIRECT,307,,starlette/status.py,117,module source only; name not matched in docs scan,public-name candidate; not reviewed,supported,starlette/status.py:117;starlette/status.py:15-94,"The pinned module explicitly lists this HTTP or WebSocket status constant in __all__, making the named constant part of its exported contract."
833,assignment,starlette.status.HTTP_308_PERMANENT_REDIRECT,308,,starlette/status.py,118,module source only; name not matched in docs scan,public-name candidate; not reviewed,supported,starlette/status.py:118;starlette/status.py:15-94,"The pinned module explicitly lists this HTTP or WebSocket status constant in __all__, making the named constant part of its exported contract."
834,assignment,starlette.status.HTTP_400_BAD_REQUEST,400,,starlette/status.py,119,module source only; name not matched in docs scan,public-name candidate; not reviewed,supported,starlette/status.py:119;starlette/status.py:15-94,"The pinned module explicitly lists this HTTP or WebSocket status constant in __all__, making the named constant part of its exported contract."
835,assignment,starlette.status.HTTP_401_UNAUTHORIZED,401,,starlette/status.py,120,module source only; name not matched in docs scan,public-name candidate; not reviewed,supported,starlette/status.py:120;starlette/status.py:15-94,"The pinned module explicitly lists this HTTP or WebSocket status constant in __all__, making the named constant part of its exported contract."
836,assignment,starlette.status.HTTP_402_PAYMENT_REQUIRED,402,,starlette/status.py,121,module source only; name not matched in docs scan,public-name candidate; not reviewed,supported,starlette/status.py:121;starlette/status.py:15-94,"The pinned module explicitly lists this HTTP or WebSocket status constant in __all__, making the named constant part of its exported contract."
837,assignment,starlette.status.HTTP_403_FORBIDDEN,403,,starlette/status.py,122,module source only; name not matched in docs scan,public-name candidate; not reviewed,supported,starlette/status.py:122;starlette/status.py:15-94,"The pinned module explicitly lists this HTTP or WebSocket status constant in __all__, making the named constant part of its exported contract."
838,assignment,starlette.status.HTTP_404_NOT_FOUND,404,,starlette/status.py,123,module source only; name not matched in docs scan,public-name candidate; not reviewed,supported,starlette/status.py:123;starlette/status.py:15-94,"The pinned module explicitly lists this HTTP or WebSocket status constant in __all__, making the named constant part of its exported contract."
839,assignment,starlette.status.HTTP_405_METHOD_NOT_ALLOWED,405,,starlette/status.py,124,module source only; name not matched in docs scan,public-name candidate; not reviewed,supported,starlette/status.py:124;starlette/status.py:15-94,"The pinned module explicitly lists this HTTP or WebSocket status constant in __all__, making the named constant part of its exported contract."
840,assignment,starlette.status.HTTP_406_NOT_ACCEPTABLE,406,,starlette/status.py,125,module source only; name not matched in docs scan,public-name candidate; not reviewed,supported,starlette/status.py:125;starlette/status.py:15-94,"The pinned module explicitly lists this HTTP or WebSocket status constant in __all__, making the named constant part of its exported contract."
841,assignment,starlette.status.HTTP_407_PROXY_AUTHENTICATION_REQUIRED,407,,starlette/status.py,126,module source only; name not matched in docs scan,public-name candidate; not reviewed,supported,starlette/status.py:126;starlette/status.py:15-94,"The pinned module explicitly lists this HTTP or WebSocket status constant in __all__, making the named constant part of its exported contract."
842,assignment,starlette.status.HTTP_408_REQUEST_TIMEOUT,408,,starlette/status.py,127,module source only; name not matched in docs scan,public-name candidate; not reviewed,supported,starlette/status.py:127;starlette/status.py:15-94,"The pinned module explicitly lists this HTTP or WebSocket status constant in __all__, making the named constant part of its exported contract."
843,assignment,starlette.status.HTTP_409_CONFLICT,409,,starlette/status.py,128,module source only; name not matched in docs scan,public-name candidate; not reviewed,supported,starlette/status.py:128;starlette/status.py:15-94,"The pinned module explicitly lists this HTTP or WebSocket status constant in __all__, making the named constant part of its exported contract."
844,assignment,starlette.status.HTTP_410_GONE,410,,starlette/status.py,129,module source only; name not matched in docs scan,public-name candidate; not reviewed,supported,starlette/status.py:129;starlette/status.py:15-94,"The pinned module explicitly lists this HTTP or WebSocket status constant in __all__, making the named constant part of its exported contract."
845,assignment,starlette.status.HTTP_411_LENGTH_REQUIRED,411,,starlette/status.py,130,module source only; name not matched in docs scan,public-name candidate; not reviewed,supported,starlette/status.py:130;starlette/status.py:15-94,"The pinned module explicitly lists this HTTP or WebSocket status constant in __all__, making the named constant part of its exported contract."
846,assignment,starlette.status.HTTP_412_PRECONDITION_FAILED,412,,starlette/status.py,131,module source only; name not matched in docs scan,public-name candidate; not reviewed,supported,starlette/status.py:131;starlette/status.py:15-94,"The pinned module explicitly lists this HTTP or WebSocket status constant in __all__, making the named constant part of its exported contract."
847,assignment,starlette.status.HTTP_413_CONTENT_TOO_LARGE,413,,starlette/status.py,132,module source only; name not matched in docs scan,public-name candidate; not reviewed,supported,starlette/status.py:132;starlette/status.py:15-94,"The pinned module explicitly lists this HTTP or WebSocket status constant in __all__, making the named constant part of its exported contract."
848,assignment,starlette.status.HTTP_414_URI_TOO_LONG,414,,starlette/status.py,133,module source only; name not matched in docs scan,public-name candidate; not reviewed,supported,starlette/status.py:133;starlette/status.py:15-94,"The pinned module explicitly lists this HTTP or WebSocket status constant in __all__, making the named constant part of its exported contract."
849,assignment,starlette.status.HTTP_415_UNSUPPORTED_MEDIA_TYPE,415,,starlette/status.py,134,module source only; name not matched in docs scan,public-name candidate; not reviewed,supported,starlette/status.py:134;starlette/status.py:15-94,"The pinned module explicitly lists this HTTP or WebSocket status constant in __all__, making the named constant part of its exported contract."
850,assignment,starlette.status.HTTP_416_RANGE_NOT_SATISFIABLE,416,,starlette/status.py,135,module source only; name not matched in docs scan,public-name candidate; not reviewed,supported,starlette/status.py:135;starlette/status.py:15-94,"The pinned module explicitly lists this HTTP or WebSocket status constant in __all__, making the named constant part of its exported contract."
851,assignment,starlette.status.HTTP_417_EXPECTATION_FAILED,417,,starlette/status.py,136,module source only; name not matched in docs scan,public-name candidate; not reviewed,supported,starlette/status.py:136;starlette/status.py:15-94,"The pinned module explicitly lists this HTTP or WebSocket status constant in __all__, making the named constant part of its exported contract."
852,assignment,starlette.status.HTTP_418_IM_A_TEAPOT,418,,starlette/status.py,137,module source only; name not matched in docs scan,public-name candidate; not reviewed,supported,starlette/status.py:137;starlette/status.py:15-94,"The pinned module explicitly lists this HTTP or WebSocket status constant in __all__, making the named constant part of its exported contract."
853,assignment,starlette.status.HTTP_421_MISDIRECTED_REQUEST,421,,starlette/status.py,138,module source only; name not matched in docs scan,public-name candidate; not reviewed,supported,starlette/status.py:138;starlette/status.py:15-94,"The pinned module explicitly lists this HTTP or WebSocket status constant in __all__, making the named constant part of its exported contract."
854,assignment,starlette.status.HTTP_422_UNPROCESSABLE_CONTENT,422,,starlette/status.py,139,module source only; name not matched in docs scan,public-name candidate; not reviewed,supported,starlette/status.py:139;starlette/status.py:15-94,"The pinned module explicitly lists this HTTP or WebSocket status constant in __all__, making the named constant part of its exported contract."
855,assignment,starlette.status.HTTP_423_LOCKED,423,,starlette/status.py,140,module source only; name not matched in docs scan,public-name candidate; not reviewed,supported,starlette/status.py:140;starlette/status.py:15-94,"The pinned module explicitly lists this HTTP or WebSocket status constant in __all__, making the named constant part of its exported contract."
856,assignment,starlette.status.HTTP_424_FAILED_DEPENDENCY,424,,starlette/status.py,141,module source only; name not matched in docs scan,public-name candidate; not reviewed,supported,starlette/status.py:141;starlette/status.py:15-94,"The pinned module explicitly lists this HTTP or WebSocket status constant in __all__, making the named constant part of its exported contract."
857,assignment,starlette.status.HTTP_425_TOO_EARLY,425,,starlette/status.py,142,module source only; name not matched in docs scan,public-name candidate; not reviewed,supported,starlette/status.py:142;starlette/status.py:15-94,"The pinned module explicitly lists this HTTP or WebSocket status constant in __all__, making the named constant part of its exported contract."
858,assignment,starlette.status.HTTP_426_UPGRADE_REQUIRED,426,,starlette/status.py,143,module source only; name not matched in docs scan,public-name candidate; not reviewed,supported,starlette/status.py:143;starlette/status.py:15-94,"The pinned module explicitly lists this HTTP or WebSocket status constant in __all__, making the named constant part of its exported contract."
859,assignment,starlette.status.HTTP_428_PRECONDITION_REQUIRED,428,,starlette/status.py,144,module source only; name not matched in docs scan,public-name candidate; not reviewed,supported,starlette/status.py:144;starlette/status.py:15-94,"The pinned module explicitly lists this HTTP or WebSocket status constant in __all__, making the named constant part of its exported contract."
860,assignment,starlette.status.HTTP_429_TOO_MANY_REQUESTS,429,,starlette/status.py,145,module source only; name not matched in docs scan,public-name candidate; not reviewed,supported,starlette/status.py:145;starlette/status.py:15-94,"The pinned module explicitly lists this HTTP or WebSocket status constant in __all__, making the named constant part of its exported contract."
861,assignment,starlette.status.HTTP_431_REQUEST_HEADER_FIELDS_TOO_LARGE,431,,starlette/status.py,146,module source only; name not matched in docs scan,public-name candidate; not reviewed,supported,starlette/status.py:146;starlette/status.py:15-94,"The pinned module explicitly lists this HTTP or WebSocket status constant in __all__, making the named constant part of its exported contract."
862,assignment,starlette.status.HTTP_451_UNAVAILABLE_FOR_LEGAL_REASONS,451,,starlette/status.py,147,module source only; name not matched in docs scan,public-name candidate; not reviewed,supported,starlette/status.py:147;starlette/status.py:15-94,"The pinned module explicitly lists this HTTP or WebSocket status constant in __all__, making the named constant part of its exported contract."
863,assignment,starlette.status.HTTP_500_INTERNAL_SERVER_ERROR,500,,starlette/status.py,148,module source only; name not matched in docs scan,public-name candidate; not reviewed,supported,starlette/status.py:148;starlette/status.py:15-94,"The pinned module explicitly lists this HTTP or WebSocket status constant in __all__, making the named constant part of its exported contract."
864,assignment,starlette.status.HTTP_501_NOT_IMPLEMENTED,501,,starlette/status.py,149,module source only; name not matched in docs scan,public-name candidate; not reviewed,supported,starlette/status.py:149;starlette/status.py:15-94,"The pinned module explicitly lists this HTTP or WebSocket status constant in __all__, making the named constant part of its exported contract."
865,assignment,starlette.status.HTTP_502_BAD_GATEWAY,502,,starlette/status.py,150,module source only; name not matched in docs scan,public-name candidate; not reviewed,supported,starlette/status.py:150;starlette/status.py:15-94,"The pinned module explicitly lists this HTTP or WebSocket status constant in __all__, making the named constant part of its exported contract."
866,assignment,starlette.status.HTTP_503_SERVICE_UNAVAILABLE,503,,starlette/status.py,151,module source only; name not matched in docs scan,public-name candidate; not reviewed,supported,starlette/status.py:151;starlette/status.py:15-94,"The pinned module explicitly lists this HTTP or WebSocket status constant in __all__, making the named constant part of its exported contract."
867,assignment,starlette.status.HTTP_504_GATEWAY_TIMEOUT,504,,starlette/status.py,152,module source only; name not matched in docs scan,public-name candidate; not reviewed,supported,starlette/status.py:152;starlette/status.py:15-94,"The pinned module explicitly lists this HTTP or WebSocket status constant in __all__, making the named constant part of its exported contract."
868,assignment,starlette.status.HTTP_505_HTTP_VERSION_NOT_SUPPORTED,505,,starlette/status.py,153,module source only; name not matched in docs scan,public-name candidate; not reviewed,supported,starlette/status.py:153;starlette/status.py:15-94,"The pinned module explicitly lists this HTTP or WebSocket status constant in __all__, making the named constant part of its exported contract."
869,assignment,starlette.status.HTTP_506_VARIANT_ALSO_NEGOTIATES,506,,starlette/status.py,154,module source only; name not matched in docs scan,public-name candidate; not reviewed,supported,starlette/status.py:154;starlette/status.py:15-94,"The pinned module explicitly lists this HTTP or WebSocket status constant in __all__, making the named constant part of its exported contract."
870,assignment,starlette.status.HTTP_507_INSUFFICIENT_STORAGE,507,,starlette/status.py,155,module source only; name not matched in docs scan,public-name candidate; not reviewed,supported,starlette/status.py:155;starlette/status.py:15-94,"The pinned module explicitly lists this HTTP or WebSocket status constant in __all__, making the named constant part of its exported contract."
871,assignment,starlette.status.HTTP_508_LOOP_DETECTED,508,,starlette/status.py,156,module source only; name not matched in docs scan,public-name candidate; not reviewed,supported,starlette/status.py:156;starlette/status.py:15-94,"The pinned module explicitly lists this HTTP or WebSocket status constant in __all__, making the named constant part of its exported contract."
872,assignment,starlette.status.HTTP_510_NOT_EXTENDED,510,,starlette/status.py,157,module source only; name not matched in docs scan,public-name candidate; not reviewed,supported,starlette/status.py:157;starlette/status.py:15-94,"The pinned module explicitly lists this HTTP or WebSocket status constant in __all__, making the named constant part of its exported contract."
873,assignment,starlette.status.HTTP_511_NETWORK_AUTHENTICATION_REQUIRED,511,,starlette/status.py,158,module source only; name not matched in docs scan,public-name candidate; not reviewed,supported,starlette/status.py:158;starlette/status.py:15-94,"The pinned module explicitly lists this HTTP or WebSocket status constant in __all__, making the named constant part of its exported contract."
874,source-reexport-candidate,starlette.status.StarletteDeprecationWarning,from starlette.exceptions import StarletteDeprecationWarning,,starlette/status.py,13,source import only,candidate only; importability is not public-status evidence,private/internal,starlette/status.py:13;starlette/status.py:15-94,This warning category is imported to implement deprecated status aliases but is excluded from the explicit module __all__; the binding is not a documented status API.
875,assignment,starlette.status.WS_1000_NORMAL_CLOSURE,1000,,starlette/status.py,166,module source only; name not matched in docs scan,public-name candidate; not reviewed,supported,starlette/status.py:166;starlette/status.py:15-94,"The pinned module explicitly lists this HTTP or WebSocket status constant in __all__, making the named constant part of its exported contract."
876,assignment,starlette.status.WS_1001_GOING_AWAY,1001,,starlette/status.py,167,module source only; name not matched in docs scan,public-name candidate; not reviewed,supported,starlette/status.py:167;starlette/status.py:15-94,"The pinned module explicitly lists this HTTP or WebSocket status constant in __all__, making the named constant part of its exported contract."
877,assignment,starlette.status.WS_1002_PROTOCOL_ERROR,1002,,starlette/status.py,168,module source only; name not matched in docs scan,public-name candidate; not reviewed,supported,starlette/status.py:168;starlette/status.py:15-94,"The pinned module explicitly lists this HTTP or WebSocket status constant in __all__, making the named constant part of its exported contract."
878,assignment,starlette.status.WS_1003_UNSUPPORTED_DATA,1003,,starlette/status.py,169,module source only; name not matched in docs scan,public-name candidate; not reviewed,supported,starlette/status.py:169;starlette/status.py:15-94,"The pinned module explicitly lists this HTTP or WebSocket status constant in __all__, making the named constant part of its exported contract."
879,assignment,starlette.status.WS_1005_NO_STATUS_RCVD,1005,,starlette/status.py,170,module source only; name not matched in docs scan,public-name candidate; not reviewed,supported,starlette/status.py:170;starlette/status.py:15-94,"The pinned module explicitly lists this HTTP or WebSocket status constant in __all__, making the named constant part of its exported contract."
880,assignment,starlette.status.WS_1006_ABNORMAL_CLOSURE,1006,,starlette/status.py,171,module source only; name not matched in docs scan,public-name candidate; not reviewed,supported,starlette/status.py:171;starlette/status.py:15-94,"The pinned module explicitly lists this HTTP or WebSocket status constant in __all__, making the named constant part of its exported contract."
881,assignment,starlette.status.WS_1007_INVALID_FRAME_PAYLOAD_DATA,1007,,starlette/status.py,172,module source only; name not matched in docs scan,public-name candidate; not reviewed,supported,starlette/status.py:172;starlette/status.py:15-94,"The pinned module explicitly lists this HTTP or WebSocket status constant in __all__, making the named constant part of its exported contract."
882,assignment,starlette.status.WS_1008_POLICY_VIOLATION,1008,,starlette/status.py,173,module source only; name not matched in docs scan,public-name candidate; not reviewed,supported,starlette/status.py:173;starlette/status.py:15-94,"The pinned module explicitly lists this HTTP or WebSocket status constant in __all__, making the named constant part of its exported contract."
883,assignment,starlette.status.WS_1009_MESSAGE_TOO_BIG,1009,,starlette/status.py,174,module source only; name not matched in docs scan,public-name candidate; not reviewed,supported,starlette/status.py:174;starlette/status.py:15-94,"The pinned module explicitly lists this HTTP or WebSocket status constant in __all__, making the named constant part of its exported contract."
884,assignment,starlette.status.WS_1010_MANDATORY_EXT,1010,,starlette/status.py,175,module source only; name not matched in docs scan,public-name candidate; not reviewed,supported,starlette/status.py:175;starlette/status.py:15-94,"The pinned module explicitly lists this HTTP or WebSocket status constant in __all__, making the named constant part of its exported contract."
885,assignment,starlette.status.WS_1011_INTERNAL_ERROR,1011,,starlette/status.py,176,module source only; name not matched in docs scan,public-name candidate; not reviewed,supported,starlette/status.py:176;starlette/status.py:15-94,"The pinned module explicitly lists this HTTP or WebSocket status constant in __all__, making the named constant part of its exported contract."
886,assignment,starlette.status.WS_1012_SERVICE_RESTART,1012,,starlette/status.py,177,module source only; name not matched in docs scan,public-name candidate; not reviewed,supported,starlette/status.py:177;starlette/status.py:15-94,"The pinned module explicitly lists this HTTP or WebSocket status constant in __all__, making the named constant part of its exported contract."
887,assignment,starlette.status.WS_1013_TRY_AGAIN_LATER,1013,,starlette/status.py,178,module source only; name not matched in docs scan,public-name candidate; not reviewed,supported,starlette/status.py:178;starlette/status.py:15-94,"The pinned module explicitly lists this HTTP or WebSocket status constant in __all__, making the named constant part of its exported contract."
888,assignment,starlette.status.WS_1014_BAD_GATEWAY,1014,,starlette/status.py,179,module source only; name not matched in docs scan,public-name candidate; not reviewed,supported,starlette/status.py:179;starlette/status.py:15-94,"The pinned module explicitly lists this HTTP or WebSocket status constant in __all__, making the named constant part of its exported contract."
889,assignment,starlette.status.WS_1015_TLS_HANDSHAKE,1015,,starlette/status.py,180,module source only; name not matched in docs scan,public-name candidate; not reviewed,supported,starlette/status.py:180;starlette/status.py:15-94,"The pinned module explicitly lists this HTTP or WebSocket status constant in __all__, making the named constant part of its exported contract."
916,documented-import,starlette.testclient.TestClient,,,docs/config.md,202,explicit Python import in upstream docs,confirmed documented import path,supported,docs/config.md:202,"The pinned guide contains this exact import statement, establishing the documented consumer import path for starlette.testclient.TestClient."
976,documented-import,starlette.websockets.WebSocket,,,docs/exceptions.md,133,explicit Python import in upstream docs,confirmed documented import path,supported,docs/exceptions.md:133,"The pinned guide contains this exact import statement, establishing the documented consumer import path for starlette.websockets.WebSocket."
