backlog_id,source_kind,source_path,source_item,api_disposition,requirement_ids,stimulus_summary,observation_selectors,fixture_status,fixture_path,exclusion_reason,evidence_refs
middleware.test.base.test_custom_middleware,upstream_test,tests/middleware/test_base.py,test_custom_middleware,supported,starlette.middleware.base.BaseHTTPMiddleware,"Wrap routes for ordinary HTTP, endpoint exceptions, a streaming exception, an exception group, a missing response, and a WebSocket endpoint in the custom BaseHTTPMiddleware; issue GET requests and one WebSocket connection.",ASGI http.response.start status and headers; ordered response body chunks; receive/send event order; downstream exception type/context; disconnect observations; background-task and cleanup completion,backlog,,,tests/middleware/test_base.py:97-120;starlette/middleware/base.py
middleware.test.base.test_state_data_across_multiple_middlewares,upstream_test,tests/middleware/test_base.py,test_state_data_across_multiple_middlewares,supported,starlette.middleware.base.BaseHTTPMiddleware,Stack three BaseHTTPMiddleware classes; the outer layers set/read request.state values around a GET to a text endpoint.,ASGI http.response.start status and headers; ordered response body chunks; receive/send event order; downstream exception type/context; disconnect observations; background-task and cleanup completion,backlog,,,tests/middleware/test_base.py:123-176;starlette/middleware/base.py
middleware.test.base.test_app_middleware_argument,upstream_test,tests/middleware/test_base.py,test_app_middleware_argument,supported,starlette.middleware.base.BaseHTTPMiddleware,"Create a Starlette app with Middleware(CustomMiddleware), issue GET /, and have dispatch await call_next before mutating the returned response header.",starlette.middleware.base.BaseHTTPMiddleware.base-http-workflow: ordered ASGI response headers including Custom-Header,existing,tests/fixtures/sources/parity/base-http-middleware.yaml,,tests/middleware/test_base.py:179-187;docs/middleware.md:282-302;starlette/middleware/base.py:96-203
middleware.test.base.test_fully_evaluated_response,upstream_test,tests/middleware/test_base.py,test_fully_evaluated_response,supported,starlette.middleware.base.BaseHTTPMiddleware,Configure Middleware(CustomMiddleware) on a route-less Starlette app; dispatch awaits call_next for a route miss and returns a new PlainTextResponse.,starlette.middleware.base.BaseHTTPMiddleware.base-http-workflow: ASGI response body bytes,existing,tests/fixtures/sources/parity/base-http-middleware.yaml,,tests/middleware/test_base.py:190-205;docs/middleware.md:282-302;starlette/middleware/base.py:96-203
middleware.test.base.test_contextvars,upstream_test,tests/middleware/test_base.py,test_contextvars,supported,starlette.middleware.base.BaseHTTPMiddleware,"Run the input-defined async endpoint that reads a ContextVar set by middleware and changes it under BaseHTTPMiddleware and a pure-ASGI control, each wrapped by the same surrounding pure-ASGI observer.",surrounding observer ContextVar before/after values; middleware and endpoint ContextVar values; exact response status/headers/body; ordered ASGI events,existing,tests/fixtures/sources/parity/base-http-contextvars.yaml,,tests/middleware/test_base.py:208-265;starlette/middleware/base.py:101-199;tests/fixtures/sources/parity/base-http-contextvars.yaml
middleware.test.base.test_run_background_tasks_even_if_client_disconnects,upstream_test,tests/middleware/test_base.py,test_run_background_tasks_even_if_client_disconnects,supported,starlette.middleware.base.BaseHTTPMiddleware.base-http-workflow.construct-configured-middleware;starlette.middleware.base.BaseHTTPMiddleware.base-http-workflow.background-task-completes-after-response-send,"Directly invoke the configured BaseHTTPMiddleware app with the pinned source scope, an unused receive callback that raises if called, and an endpoint response with an input-delayed async background task.",response status; ordered headers; response bytes; ASGI event tape; receive callback call count; response-send and background-task completion; propagated exception,existing,tests/fixtures/sources/parity/base-http-middleware.yaml,,"tests/middleware/test_base.py:269-312;starlette/middleware/base.py:112-203;starlette/responses.py:34-44,82-90;starlette/background.py:13-25;tests/fixtures/sources/parity/base-http-middleware.yaml"
middleware.test.base.test_run_background_tasks_raise_exceptions,upstream_test,tests/middleware/test_base.py,test_run_background_tasks_raise_exceptions,supported,starlette.middleware.base.BaseHTTPMiddleware,Issue GET to an endpoint with a delayed background task that raises after response handling.,ASGI http.response.start status and headers; ordered response body chunks; receive/send event order; downstream exception type/context; disconnect observations; background-task and cleanup completion,backlog,,,tests/middleware/test_base.py:315-335;starlette/middleware/base.py
middleware.test.base.test_exception_can_be_caught,upstream_test,tests/middleware/test_base.py,test_exception_can_be_caught,supported,starlette.middleware.base.BaseHTTPMiddleware.base-http-workflow.catch-call-next-exception,"Dispatch awaits call_next, catches the endpoint's ValueError(""TEST""), and returns an input-configured PlainTextResponse with status 400.","caught exception class and message; response status, ordered headers, and body; ASGI event order and messages",existing,tests/fixtures/sources/parity/base-http-middleware.yaml,,tests/middleware/test_base.py:338-356;starlette/middleware/base.py:112-168;tests/fixtures/sources/parity/base-http-middleware.yaml
middleware.test.base.test_do_not_block_on_background_tasks,upstream_test,tests/middleware/test_base.py,test_do_not_block_on_background_tasks,supported,starlette.middleware.base.BaseHTTPMiddleware,Start two concurrent direct ASGI requests to responses with delayed background tasks; capture response-body and task lifecycle ordering.,ASGI http.response.start status and headers; ordered response body chunks; receive/send event order; downstream exception type/context; disconnect observations; background-task and cleanup completion,backlog,,,tests/middleware/test_base.py:360-411;starlette/middleware/base.py
middleware.test.base.test_run_context_manager_exit_even_if_client_disconnects,upstream_test,tests/middleware/test_base.py,test_run_context_manager_exit_even_if_client_disconnects,supported,starlette.middleware.base.BaseHTTPMiddleware;starlette.types.Receive;starlette.types.Message,Invoke the app through BaseHTTPMiddleware and a pure ASGI context-manager middleware whose exit callback and endpoint background task are delayed.,ASGI http.response.start status and headers; ordered response body chunks; receive/send event order; downstream exception type/context; disconnect observations; background-task and cleanup completion,backlog,,,tests/middleware/test_base.py:415-470;starlette/middleware/base.py
middleware.test.base.test_app_receives_http_disconnect_while_sending_if_discarded,upstream_test,tests/middleware/test_base.py,test_app_receives_http_disconnect_while_sending_if_discarded,supported,starlette.middleware.base.BaseHTTPMiddleware;starlette.types.Receive;starlette.types.Message,"Dispatch reads one body chunk from the downstream call_next response and closes its iterator before returning a replacement; the downstream ASGI app repeatedly sends the input-defined non-terminal body message and must observe http.disconnect, cancelling its task group before the input-defined safety guard expires.",dispatch_response_stream_reads; downstream_receive_events; downstream_stream_cancellation_results; replacement response status/headers/body; ordered outer ASGI events,existing,tests/fixtures/sources/parity/base-http-middleware.yaml,,"tests/middleware/test_base.py:473-546;starlette/middleware/base.py:108-139,190-197;tests/fixtures/sources/parity/base-http-middleware.yaml"
middleware.test.base.test_app_receives_http_disconnect_after_sending_if_discarded,upstream_test,tests/middleware/test_base.py,test_app_receives_http_disconnect_after_sending_if_discarded,supported,starlette.middleware.base.BaseHTTPMiddleware;starlette.types.Receive;starlette.types.Message,"Directly invoke BaseHTTPMiddleware around an ASGI app that sends http.response.start and two non-terminal response.body chunks, then enters a receive that blocks; dispatch returns a replacement response and completion wakes that receive with http.disconnect.",ordered execution_trace; outer ASGI response status and bytes; downstream receive result is http.disconnect,existing,tests/fixtures/sources/parity/base-http-middleware.yaml,,"tests/middleware/test_base.py:549-596;starlette/middleware/base.py:108-139,190-197;tests/fixtures/sources/parity/base-http-middleware.yaml"
middleware.test.base.test_read_request_stream_in_app_after_middleware_calls_stream,upstream_test,tests/middleware/test_base.py,test_read_request_stream_in_app_after_middleware_calls_stream,supported,starlette.middleware.base.BaseHTTPMiddleware.base-http-workflow.downstream-stream-read-after-stream-consumption,"POST a body; dispatch exhausts Request.stream() before call_next, then the downstream endpoint consumes its stream and returns an input-defined plain-text response.",dispatch_stream_reads; downstream_stream_reads; response status and body; ordered ASGI events,existing,tests/fixtures/sources/parity/base-http-middleware.yaml,,"tests/middleware/test_base.py:599-628;starlette/middleware/base.py:20-59,80-93,112-130;starlette/requests.py:234-260;tests/fixtures/sources/parity/base-http-middleware.yaml"
middleware.test.base.test_read_request_stream_in_app_after_middleware_calls_body,upstream_test,tests/middleware/test_base.py,test_read_request_stream_in_app_after_middleware_calls_body,supported,starlette.middleware.base.BaseHTTPMiddleware.base-http-workflow.downstream-stream-read-after-body-cache,POST a body; middleware consumes Request.body() before call_next and the endpoint subsequently consumes Request.stream().,ASGI http.response.start status and headers; ordered response body chunks; receive/send event order; downstream exception type/context; disconnect observations; background-task and cleanup completion,existing,tests/fixtures/sources/parity/base-http-middleware.yaml,,"tests/middleware/test_base.py:631-657;starlette/middleware/base.py:80-93,112-130;starlette/requests.py:234-260;tests/fixtures/sources/parity/base-http-middleware.yaml"
middleware.test.base.test_read_request_body_in_app_after_middleware_calls_stream,upstream_test,tests/middleware/test_base.py,test_read_request_body_in_app_after_middleware_calls_stream,supported,starlette.middleware.base.BaseHTTPMiddleware,POST a body; middleware consumes Request.stream() before call_next and the endpoint subsequently consumes Request.body().,ASGI http.response.start status and headers; ordered response body chunks; receive/send event order; downstream exception type/context; disconnect observations; background-task and cleanup completion,existing,tests/fixtures/sources/parity/base-http-middleware.yaml,,tests/middleware/test_base.py:660-686;starlette/middleware/base.py
middleware.test.base.test_read_request_body_in_app_after_middleware_calls_body,upstream_test,tests/middleware/test_base.py,test_read_request_body_in_app_after_middleware_calls_body,supported,starlette.middleware.base.BaseHTTPMiddleware.base-http-workflow.downstream-body-read-after-body-cache,"POST body b""a""; dispatch consumes Request.body() before call_next, then the endpoint reads and returns that cached body.",dispatch body bytes; downstream body bytes; response status/body; ordered ASGI events,existing,tests/fixtures/sources/parity/base-http-middleware.yaml,,"tests/middleware/test_base.py:689-712;starlette/middleware/base.py:20-59,80-93,112-130;starlette/requests.py:234-260;tests/fixtures/sources/parity/base-http-middleware.yaml"
middleware.test.base.test_read_request_stream_in_dispatch_after_app_calls_stream,upstream_test,tests/middleware/test_base.py,test_read_request_stream_in_dispatch_after_app_calls_stream,supported,starlette.middleware.base.BaseHTTPMiddleware.base-http-workflow.dispatch-stream-read-after-downstream-stream-consumption,"POST a body; the endpoint exhausts Request.stream(), then dispatch captures one Request.stream() read after call_next.",dispatch_stream_reads; downstream_stream_reads; response status and body; ordered ASGI events,existing,tests/fixtures/sources/parity/base-http-middleware.yaml,,"tests/middleware/test_base.py:715-744;starlette/middleware/base.py:20-59,80-93,112-130;starlette/requests.py:234-260;tests/fixtures/sources/parity/base-http-middleware.yaml"
middleware.test.base.test_read_request_stream_in_dispatch_after_app_calls_body,upstream_test,tests/middleware/test_base.py,test_read_request_stream_in_dispatch_after_app_calls_body,supported,starlette.middleware.base.BaseHTTPMiddleware.base-http-workflow.dispatch-stream-read-after-downstream-body-read,"POST a body; the endpoint reads Request.body(), then dispatch captures one Request.stream() read after call_next.",dispatch_stream_reads; downstream_body_reads; response status and body; ordered ASGI events,existing,tests/fixtures/sources/parity/base-http-middleware.yaml,,"tests/middleware/test_base.py:747-773;starlette/middleware/base.py:20-59,80-93,112-130;starlette/requests.py:234-260;tests/fixtures/sources/parity/base-http-middleware.yaml"
middleware.test.base.test_read_request_stream_in_dispatch_wrapping_app_calls_body,upstream_test,tests/middleware/test_base.py,test_read_request_stream_in_dispatch_wrapping_app_calls_body,supported,starlette.middleware.base.BaseHTTPMiddleware,POST a body through a pure ASGI wrapper and BaseHTTPMiddleware; downstream reads Request.body() while dispatch reads Request.stream().,ASGI http.response.start status and headers; ordered response body chunks; receive/send event order; downstream exception type/context; disconnect observations; background-task and cleanup completion,backlog,,,tests/middleware/test_base.py:777-832;starlette/middleware/base.py
middleware.test.base.test_read_request_stream_in_dispatch_after_app_calls_body_with_middleware_calling_body_before_call_next,upstream_test,tests/middleware/test_base.py,test_read_request_stream_in_dispatch_after_app_calls_body_with_middleware_calling_body_before_call_next,supported,starlette.middleware.base.BaseHTTPMiddleware.base-http-workflow.dispatch-stream-replay-after-pre-call-next-body-cache,"POST a body; dispatch caches Request.body() before call_next, the endpoint reads the cached body, then dispatch captures the cached stream body chunk, empty terminal chunk, and exhaustion.",dispatch_body_reads; dispatch_stream_reads; downstream_body_reads; response status and body; ordered ASGI events,existing,tests/fixtures/sources/parity/base-http-middleware.yaml,,"tests/middleware/test_base.py:835-862;starlette/middleware/base.py:20-93,112-130;starlette/requests.py:234-260;tests/fixtures/sources/parity/base-http-middleware.yaml"
middleware.test.base.test_read_request_body_in_dispatch_after_app_calls_body_with_middleware_calling_body_before_call_next,upstream_test,tests/middleware/test_base.py,test_read_request_body_in_dispatch_after_app_calls_body_with_middleware_calling_body_before_call_next,supported,starlette.middleware.base.BaseHTTPMiddleware;starlette.requests.Request.body,"POST two request-body chunks; dispatch reads Request.body() before call_next, the endpoint reads and returns Request.body(), then dispatch reads its cached body again.",dispatch_body_reads; response_bytes; ASGI response event order,existing,tests/fixtures/sources/parity/base-http-middleware.yaml,,tests/middleware/test_base.py:865-890;starlette/middleware/base.py:20-93;tests/fixtures/sources/parity/base-http-middleware.yaml
middleware.test.base.test_read_request_disconnected_client,upstream_test,tests/middleware/test_base.py,test_read_request_disconnected_client,supported,starlette.middleware.base.BaseHTTPMiddleware.base-http-workflow.construct-configured-middleware;starlette.middleware.base.BaseHTTPMiddleware.base-http-workflow.request-disconnect-observation,"POST a direct ASGI request containing only http.disconnect; the downstream app receives it, dispatch checks Request.is_disconnected(), then returns the call_next response.","dispatch_disconnect_checks; request_receive_events; downstream receive messages in execution_trace; response status, body, and ordered ASGI events",existing,tests/fixtures/sources/parity/base-http-middleware.yaml,,"tests/middleware/test_base.py:894-934;starlette/middleware/base.py:20-59,80-93,112-130;starlette/requests.py:234-260,313-328;tests/fixtures/sources/parity/base-http-middleware.yaml"
middleware.test.base.test_read_request_disconnected_after_consuming_steam,upstream_test,tests/middleware/test_base.py,test_read_request_disconnected_after_consuming_steam,supported,starlette.middleware.base.BaseHTTPMiddleware.base-http-workflow.construct-configured-middleware;starlette.middleware.base.BaseHTTPMiddleware.base-http-workflow.request-disconnect-observation,"POST body b'hi'; dispatch caches Request.body(), polls Request.is_disconnected() to consume the following http.disconnect, then the downstream app receives the cached body and disconnect.","dispatch_body_reads; dispatch_disconnect_checks; request_receive_events; downstream receive messages in execution_trace; response status, body, and ordered ASGI events",existing,tests/fixtures/sources/parity/base-http-middleware.yaml,,"tests/middleware/test_base.py:938-976;starlette/middleware/base.py:20-59,80-93,112-130;starlette/requests.py:234-260,313-328;tests/fixtures/sources/parity/base-http-middleware.yaml"
middleware.test.base.test_downstream_middleware_modifies_receive,upstream_test,tests/middleware/test_base.py,test_downstream_middleware_modifies_receive,supported,starlette.middleware.base.BaseHTTPMiddleware.base-http-workflow.downstream-middleware-receive-transformation,POST body `foo `; dispatch reads Request.body() before call_next; a downstream ASGI receive wrapper duplicates the http.request body bytes; endpoint reads Request.body() and sends an empty 200 response.,dispatch_body_reads; downstream_receive_transformations before/after payloads; downstream_body_reads; response status and ordered headers; ASGI event order and messages,existing,tests/fixtures/sources/parity/base-http-middleware.yaml,,tests/middleware/test_base.py:979-1017;starlette/middleware/base.py:20-93;starlette/middleware/base.py:101-198;tests/fixtures/sources/parity/base-http-middleware.yaml
middleware.test.base.test_pr_1519_comment_1236166180_example,upstream_test,tests/middleware/test_base.py,test_pr_1519_comment_1236166180_example,supported,starlette.middleware.base.BaseHTTPMiddleware,Replay the direct ASGI receive/send and cancellation ordering from the referenced regression scenario through BaseHTTPMiddleware.,ASGI http.response.start status and headers; ordered response body chunks; receive/send event order; downstream exception type/context; disconnect observations; background-task and cleanup completion,backlog,,,tests/middleware/test_base.py:1020-1059;starlette/middleware/base.py
middleware.test.base.test_multiple_middlewares_stacked_client_disconnected,upstream_test,tests/middleware/test_base.py,test_multiple_middlewares_stacked_client_disconnected,supported,starlette.middleware.base.BaseHTTPMiddleware;starlette.types.Receive;starlette.types.Message,Stack multiple BaseHTTPMiddleware layers around streaming/request-reading endpoints; deliver the request and client-disconnect event sequence.,ASGI http.response.start status and headers; ordered response body chunks; receive/send event order; downstream exception type/context; disconnect observations; background-task and cleanup completion,backlog,,,tests/middleware/test_base.py:1063-1165;starlette/middleware/base.py
middleware.test.base.test_poll_for_disconnect_repeated,upstream_test,tests/middleware/test_base.py,test_poll_for_disconnect_repeated,supported,starlette.middleware.base.BaseHTTPMiddleware.base-http-workflow.repeated-disconnect-polling,"Pass call_next through to a direct ASGI app that polls receive twice, draining request events until disconnect before returning Response(b'good!'); cover send_body=True with a chunked body and send_body=False with disconnect only.","raw request_receive_events; downstream_receive_events; per-poll drained request events and results; response status, ordered headers, body bytes and ASGI event order",existing,tests/fixtures/sources/parity/base-http-middleware.yaml,,tests/middleware/test_base.py:1168-1215;starlette/middleware/base.py:28-59;starlette/middleware/base.py:80-93;starlette/middleware/base.py:112-130;tests/fixtures/sources/parity/base-http-middleware.yaml
middleware.test.base.test_asgi_pathsend_events,upstream_test,tests/middleware/test_base.py,test_asgi_pathsend_events,supported,starlette.middleware.base.BaseHTTPMiddleware.base-http-workflow.construct-configured-middleware;starlette.middleware.base.BaseHTTPMiddleware.base-http-workflow.pathsend-event-forwarding,Run GET / through configured BaseHTTPMiddleware to a FileResponse while the scope advertises http.response.pathsend; the receive callback raises if called.,response_status;ordered_repeated_headers;asgi_event_order;asgi_events;request_receive_events,existing,tests/fixtures/sources/parity/base-http-middleware.yaml,,tests/middleware/test_base.py:1219-1259;starlette/middleware/base.py:112-197;starlette/responses.py:344-392;tests/fixtures/sources/parity/base-http-middleware.yaml
middleware.test.base.test_error_context_propagation,upstream_test,tests/middleware/test_base.py,test_error_context_propagation,supported,starlette.middleware.base.BaseHTTPMiddleware.base-http-workflow.construct-configured-middleware;starlette.middleware.base.BaseHTTPMiddleware.base-http-workflow.exception-context-propagation,"Drive the three exception forms from the source case through a BaseHTTPMiddleware-wrapped Starlette application: an exception without prior context, an outer exception raised while handling an inner exception, and an outer exception explicitly raised from an inner exception.",propagated exception class/message/cause/context/suppress_context; ASGI response event order and body,existing,tests/fixtures/sources/parity/base-http-middleware.yaml,,tests/middleware/test_base.py:1262-1318;starlette/middleware/base.py:150-168;tests/fixtures/sources/parity/base-http-middleware.yaml
middleware.test.body_limit.test_body_size_limit,upstream_test,tests/middleware/test_body_limit.py,test_body_size_limit,supported,starlette.middleware.body_limit.RequestBodyLimitMiddleware.construct;starlette.middleware.body_limit.RequestBodyLimitMiddleware.streamed-body-count;starlette.routing.Route.max_body_size.application-default;starlette.middleware.body_limit.RequestBodyLimitMiddleware.exact-limit-success,"POST body inputs at, then above, a configured 5-byte maximum to an endpoint that reads and echoes the body.",response status and headers; response body bytes; receive call count and request chunk totals; ASGI event order; scope limit value/restoration; downstream exception type,existing,tests/fixtures/sources/parity/body-limit-middleware.yaml;tests/fixtures/sources/parity/route-body-limits.yaml,,tests/middleware/test_body_limit.py:23-36;starlette/middleware/body_limit.py;tests/fixtures/sources/parity/body-limit-middleware.yaml;tests/fixtures/sources/parity/route-body-limits.yaml
middleware.test.body_limit.test_content_length_is_checked_without_reading_body,upstream_test,tests/middleware/test_body_limit.py,test_content_length_is_checked_without_reading_body,supported,starlette.routing.Route.max_body_size.application-default,Send a Content-Length declaring a body over the limit and instrument downstream receive to observe whether the body is consumed.,response status and headers; response body bytes; receive call count and request chunk totals; ASGI event order; scope limit value/restoration; downstream exception type,existing,tests/fixtures/sources/parity/route-body-limits.yaml,,tests/middleware/test_body_limit.py:39-53;starlette/middleware/body_limit.py;tests/fixtures/sources/parity/route-body-limits.yaml
middleware.test.body_limit.test_route_override_applies_when_middleware_defers_response_start,upstream_test,tests/middleware/test_body_limit.py,test_route_override_applies_when_middleware_defers_response_start,supported,starlette.routing.Route.max_body_size.raise-application-limit,Configure application and route body limits with middleware that delays response start; POST a body between the two configured limits.,response status and headers; response body bytes; receive call count and request chunk totals; ASGI event order; scope limit value/restoration; downstream exception type,existing,tests/fixtures/sources/parity/route-body-limits.yaml,,tests/middleware/test_body_limit.py:56-72;starlette/middleware/body_limit.py;tests/fixtures/sources/parity/route-body-limits.yaml
middleware.test.body_limit.test_content_length_rejects_before_receiving_body,upstream_test,tests/middleware/test_body_limit.py,test_content_length_rejects_before_receiving_body,supported,starlette.middleware.body_limit.RequestBodyLimitMiddleware.content-length-precheck,Directly invoke RequestBodyLimitMiddleware with an oversized Content-Length and a receive callable that records calls.,response status and headers; response body bytes; receive call count and request chunk totals; ASGI event order; scope limit value/restoration; downstream exception type,existing,tests/fixtures/sources/parity/body-limit-middleware.yaml,,tests/middleware/test_body_limit.py:76-97;starlette/middleware/body_limit.py;tests/fixtures/sources/parity/body-limit-middleware.yaml
middleware.test.body_limit.test_received_bytes_are_counted_without_content_length,upstream_test,tests/middleware/test_body_limit.py,test_received_bytes_are_counted_without_content_length,supported,starlette.middleware.body_limit.RequestBodyLimitMiddleware.streamed-body-count,POST fragmented request-body events without Content-Length whose combined bytes cross the configured limit.,response status and headers; response body bytes; receive call count and request chunk totals; ASGI event order; scope limit value/restoration; downstream exception type,existing,tests/fixtures/sources/parity/body-limit-middleware.yaml,,tests/middleware/test_body_limit.py:101-125;starlette/middleware/body_limit.py;tests/fixtures/sources/parity/body-limit-middleware.yaml
middleware.test.body_limit.test_received_bytes_are_counted_with_unreliable_content_length,upstream_test,tests/middleware/test_body_limit.py,test_received_bytes_are_counted_with_unreliable_content_length,supported,starlette.middleware.body_limit.RequestBodyLimitMiddleware.understated-content-length;starlette.middleware.body_limit.RequestBodyLimitMiddleware.invalid-content-length,POST fragmented body events with an understated Content-Length so received bytes exceed the configured limit.,response status and headers; response body bytes; receive call count and request chunk totals; ASGI event order; scope limit value/restoration; downstream exception type,existing,tests/fixtures/sources/parity/body-limit-middleware.yaml,,tests/middleware/test_body_limit.py:128-141;starlette/middleware/body_limit.py;tests/fixtures/sources/parity/body-limit-middleware.yaml
middleware.test.body_limit.test_limit_exceeded_after_response_started_is_raised,upstream_test,tests/middleware/test_body_limit.py,test_limit_exceeded_after_response_started_is_raised,supported,starlette.middleware.body_limit.RequestBodyLimitMiddleware.already-started-propagation;starlette.middleware.body_limit.RequestBodyLimitMiddleware.streamed-body-count,Use a downstream app that starts a response before reading enough request-body chunks to exceed the limit.,response status and headers; response body bytes; receive call count and request chunk totals; ASGI event order; scope limit value/restoration; downstream exception type,existing,tests/fixtures/sources/parity/body-limit-middleware.yaml,,tests/middleware/test_body_limit.py:145-170;starlette/middleware/body_limit.py;tests/fixtures/sources/parity/body-limit-middleware.yaml
middleware.test.body_limit.test_non_http_scope_is_unchanged,upstream_test,tests/middleware/test_body_limit.py,test_non_http_scope_is_unchanged,supported,starlette.middleware.body_limit.RequestBodyLimitMiddleware.non-http-pass-through,Invoke the middleware with the source-case non-HTTP scope and event stream.,response status and headers; response body bytes; receive call count and request chunk totals; ASGI event order; scope limit value/restoration; downstream exception type,existing,tests/fixtures/sources/parity/body-limit-middleware.yaml,,tests/middleware/test_body_limit.py:174-193;starlette/middleware/body_limit.py;tests/fixtures/sources/parity/body-limit-middleware.yaml
middleware.test.body_limit.test_non_request_message_passes_through,upstream_test,tests/middleware/test_body_limit.py,test_non_request_message_passes_through,supported,starlette.middleware.body_limit.RequestBodyLimitMiddleware.non-request-message-pass-through,Send a non-http.request receive event through the body-limit wrapper to a downstream ASGI app.,response status and headers; response body bytes; receive call count and request chunk totals; ASGI event order; scope limit value/restoration; downstream exception type,existing,tests/fixtures/sources/parity/body-limit-middleware.yaml,,tests/middleware/test_body_limit.py:197-216;starlette/middleware/body_limit.py;tests/fixtures/sources/parity/body-limit-middleware.yaml
middleware.test.body_limit.test_existing_scope_limit_is_restored,upstream_test,tests/middleware/test_body_limit.py,test_existing_scope_limit_is_restored,supported,starlette.middleware.body_limit.RequestBodyLimitMiddleware.scope-restoration,Invoke middleware with an existing body-size scope key; preserve and inspect the original scope input after completion.,response status and headers; response body bytes; receive call count and request chunk totals; ASGI event order; scope limit value/restoration; downstream exception type,existing,tests/fixtures/sources/parity/body-limit-middleware.yaml,,tests/middleware/test_body_limit.py:220-241;starlette/middleware/body_limit.py;tests/fixtures/sources/parity/body-limit-middleware.yaml
middleware.test.body_limit.test_starlette_limit_applies_before_user_middleware,upstream_test,tests/middleware/test_body_limit.py,test_starlette_limit_applies_before_user_middleware,supported,starlette.routing.Route.max_body_size.application-default,Configure the app max_body_size and a user middleware that reads the incoming body; POST a body that crosses the app limit.,response status and headers; response body bytes; receive call count and request chunk totals; ASGI event order; scope limit value/restoration; downstream exception type,existing,tests/fixtures/sources/parity/route-body-limits.yaml,,tests/middleware/test_body_limit.py:244-263;starlette/middleware/body_limit.py;tests/fixtures/sources/parity/route-body-limits.yaml
middleware.test.body_limit.test_route_can_raise_application_limit,upstream_test,tests/middleware/test_body_limit.py,test_route_can_raise_application_limit,supported,starlette.routing.Route.max_body_size.raise-application-limit,Configure a lower app max_body_size and a higher route max_body_size; POST a body between those limits.,response status and headers; response body bytes; receive call count and request chunk totals; ASGI event order; scope limit value/restoration; downstream exception type,existing,tests/fixtures/sources/parity/route-body-limits.yaml,,tests/middleware/test_body_limit.py:266-281;starlette/middleware/body_limit.py;tests/fixtures/sources/parity/route-body-limits.yaml
middleware.test.body_limit.test_route_can_lower_application_limit,upstream_test,tests/middleware/test_body_limit.py,test_route_can_lower_application_limit,supported,starlette.routing.Route.max_body_size.lower-application-limit,Configure a higher app max_body_size and a lower route max_body_size; POST a body between those limits.,response status and headers; response body bytes; receive call count and request chunk totals; ASGI event order; scope limit value/restoration; downstream exception type,existing,tests/fixtures/sources/parity/route-body-limits.yaml,,tests/middleware/test_body_limit.py:284-292;starlette/middleware/body_limit.py;tests/fixtures/sources/parity/route-body-limits.yaml
middleware.test.body_limit.test_mount_can_override_application_limit,upstream_test,tests/middleware/test_body_limit.py,test_mount_can_override_application_limit,supported,starlette.routing.Mount.route-dispatch.max-body-size-override,Configure app and mounted-subapplication body limits; POST through the mount using a body between those limits.,response status and headers; response body bytes; receive call count and request chunk totals; ASGI event order; scope limit value/restoration; downstream exception type,existing,tests/fixtures/sources/parity/router-converter-dispatch.yaml,,tests/middleware/test_body_limit.py:295-310;starlette/middleware/body_limit.py;tests/fixtures/sources/parity/router-converter-dispatch.yaml
middleware.test.body_limit.test_router_limit,upstream_test,tests/middleware/test_body_limit.py,test_router_limit,supported,starlette.routing.Router.route-dispatch.max-body-size,Create a Router with its own max_body_size and POST a body across that configured threshold.,response status and headers; response body bytes; receive call count and request chunk totals; ASGI event order; scope limit value/restoration; downstream exception type,existing,tests/fixtures/sources/parity/router-converter-dispatch.yaml,,tests/middleware/test_body_limit.py:313-318;starlette/middleware/body_limit.py;tests/fixtures/sources/parity/router-converter-dispatch.yaml
middleware.test.body_limit.test_route_override_survives_shallow_scope_copy,upstream_test,tests/middleware/test_body_limit.py,test_route_override_survives_shallow_scope_copy,supported,starlette.routing.Route.max_body_size.raise-application-limit-through-scope-copy,"Set an application body limit of 5 bytes and a route limit of 10 bytes; pass the ASGI scope through an input-described middleware that shallow-copies it, then POST 8 bytes to the echo endpoint.","response status, ordered headers and echoed body; exact ASGI event sequence; route override remains effective after scope copying",existing,tests/fixtures/sources/parity/route-body-limits.yaml,,tests/middleware/test_body_limit.py:321-338;starlette/middleware/body_limit.py:71-80;starlette/routing.py:207-231;tests/fixtures/sources/parity/route-body-limits.yaml;tests/fixtures/manifest.yaml
middleware.test.body_limit.test_stricter_route_rejects_body_read_by_middleware,upstream_test,tests/middleware/test_body_limit.py,test_stricter_route_rejects_body_read_by_middleware,supported,starlette.routing.Route.max_body_size.lower-application-limit,Configure a stricter route limit than the app limit; have middleware read the body before the route handler.,response status and headers; response body bytes; receive call count and request chunk totals; ASGI event order; scope limit value/restoration; downstream exception type,existing,tests/fixtures/sources/parity/route-body-limits.yaml,,tests/middleware/test_body_limit.py:341-354;starlette/middleware/body_limit.py;tests/fixtures/sources/parity/route-body-limits.yaml
middleware.test.body_limit.test_multipart_file_counts_towards_limit,upstream_test,tests/middleware/test_body_limit.py,test_multipart_file_counts_towards_limit,supported,starlette.routing.Route.max_body_size.application-default,Construct Starlette with max_body_size=512 and POST / using one multipart file containing 1024 bytes; the route enters request.form().,response status code 413,existing,tests/fixtures/sources/parity/route-body-limits.yaml,,tests/middleware/test_body_limit.py:357-368;starlette/applications.py:31;starlette/routing.py:197-208;starlette/middleware/body_limit.py:91-113;tests/fixtures/sources/parity/route-body-limits.yaml;tests/fixtures/manifest.yaml
middleware.test.cors.test_cors_allow_all,upstream_test,tests/middleware/test_cors.py,test_cors_allow_all,supported,starlette.middleware.cors.CORSMiddleware.construct; starlette.middleware.cors.CORSMiddleware.credentialed-wildcard-origin-reflection-without-cookie,"Use wildcard origins, methods, and headers with credentials and X-Status exposure; send the exact source sequence: OPTIONS preflight, GET without Cookie, GET with Cookie, then GET without Origin through one middleware instance.",all ordered ASGI response events; response bytes; downstream-call trace,existing,tests/fixtures/sources/parity/cors-middleware.yaml,,tests/middleware/test_cors.py:10-68; starlette/middleware/cors.py:156-179; tests/fixtures/sources/parity/cors-middleware.yaml
middleware.test.cors.test_cors_allow_all_except_credentials,upstream_test,tests/middleware/test_cors.py,test_cors_allow_all_except_credentials,supported,starlette.middleware.cors.CORSMiddleware.construct;starlette.middleware.cors.CORSMiddleware.allow-all-except-credentials,"Configure wildcard origins, methods, and headers with credentials disabled; send an OPTIONS preflight, a simple GET with Origin, then a GET without Origin through the same middleware instance.",preflight response; simple CORS response; no-Origin pass-through response; ordered response headers and ASGI event traces,existing,tests/fixtures/sources/parity/cors-middleware.yaml,,tests/middleware/test_cors.py:71-119;starlette/middleware/cors.py;tests/fixtures/sources/parity/cors-middleware.yaml
middleware.test.cors.test_cors_allow_specific_origin,upstream_test,tests/middleware/test_cors.py,test_cors_allow_specific_origin,supported,starlette.middleware.cors.CORSMiddleware.construct; starlette.middleware.cors.CORSMiddleware.explicit-origin-match-reflects-and-varies,"Allow https://example.org with X-Example and Content-Type; send the exact source OPTIONS preflight, simple GET with Origin, and GET without Origin through one middleware instance.",all ordered ASGI response events; response bytes; downstream-call trace,existing,tests/fixtures/sources/parity/cors-middleware.yaml,,"tests/middleware/test_cors.py:122-168; starlette/middleware/cors.py:110-115,170-179; tests/fixtures/sources/parity/cors-middleware.yaml"
middleware.test.cors.test_cors_disallowed_preflight,upstream_test,tests/middleware/test_cors.py,test_cors_disallowed_preflight,supported,starlette.middleware.cors.CORSMiddleware.preflight-denial-failure-order,"Configure https://example.org, GET, and X-Example; send the pinned denied-origin/POST/X-Nope preflight, then the allowed-origin/GET preflight with X-Nope-1 and X-Nope-2.","both ordered preflight responses: status, exact body, ordered headers, downstream-call trace, and ASGI event order",existing,tests/fixtures/sources/parity/cors-middleware.yaml,,tests/middleware/test_cors.py:171-209;starlette/middleware/cors.py:110-151;tests/fixtures/sources/parity/cors-middleware.yaml;tests/fixtures/manifest.yaml
middleware.test.cors.test_preflight_allows_request_origin_if_origins_wildcard_and_credentials_allowed,upstream_test,tests/middleware/test_cors.py,test_preflight_allows_request_origin_if_origins_wildcard_and_credentials_allowed,supported,starlette.middleware.cors.CORSMiddleware.preflight-credentialed-wildcard-origin-reflection,"Configure wildcard origins, only POST, and credentials; send an OPTIONS preflight from https://example.org requesting POST.","preflight status, reflected Access-Control-Allow-Origin, credentials header, Vary, response body, and event order",existing,tests/fixtures/sources/parity/cors-middleware.yaml,,tests/middleware/test_cors.py:212-244;starlette/middleware/cors.py:110-151;tests/fixtures/sources/parity/cors-middleware.yaml;tests/fixtures/manifest.yaml
middleware.test.cors.test_cors_preflight_allow_all_methods,upstream_test,tests/middleware/test_cors.py,test_cors_preflight_allow_all_methods,supported,starlette.middleware.cors.CORSMiddleware.wildcard-method-preflight-and-simple-passthrough,"Use wildcard origins and methods; send the POST preflight, then simple requests with the seven documented HTTP methods, including JSON bodies for PATCH, POST, and PUT.","preflight status and allow-methods header; each simple response status, ordered headers, body, downstream trace, and event order",existing,tests/fixtures/sources/parity/cors-middleware.yaml,,tests/middleware/test_cors.py:247-268;starlette/middleware/cors.py:106-151;tests/fixtures/sources/parity/cors-middleware.yaml;tests/fixtures/manifest.yaml
middleware.test.cors.test_cors_allow_all_methods,upstream_test,tests/middleware/test_cors.py,test_cors_allow_all_methods,supported,starlette.middleware.cors.CORSMiddleware.wildcard-method-preflight-and-simple-passthrough,"Use wildcard origins and methods; send the POST preflight, then simple requests with the seven documented HTTP methods, including JSON bodies for PATCH, POST, and PUT.","preflight status and allow-methods header; each simple response status, ordered headers, body, downstream trace, and event order",existing,tests/fixtures/sources/parity/cors-middleware.yaml,,tests/middleware/test_cors.py:271-297;starlette/middleware/cors.py:106-151;tests/fixtures/sources/parity/cors-middleware.yaml;tests/fixtures/manifest.yaml
middleware.test.cors.test_cors_allow_origin_regex,upstream_test,tests/middleware/test_cors.py,test_cors_allow_origin_regex,supported,starlette.middleware.cors.CORSMiddleware.regex-origin-reflection,Configure allow_origin_regex=https://.* and the source headers/credentials; send allowed simple and preflight requests and denied simple and preflight requests.,"each response status, reflected-or-absent origin, preflight headers and body, downstream-call trace, and event order",existing,tests/fixtures/sources/parity/cors-middleware.yaml,,tests/middleware/test_cors.py:300-369;starlette/middleware/cors.py:110-179;tests/fixtures/sources/parity/cors-middleware.yaml;tests/fixtures/manifest.yaml
middleware.test.cors.test_cors_allow_origin_regex_fullmatch,upstream_test,tests/middleware/test_cors.py,test_cors_allow_origin_regex_fullmatch,supported,starlette.middleware.cors.CORSMiddleware.regex-origin-reflection;starlette.middleware.cors.CORSMiddleware.regex-fullmatch-origin,Use the pinned full-match regex and send the matching subdomain followed by the source suffix attack origin.,"ordered response status, CORS origin header presence/value, response bytes, downstream-call trace, and event order",existing,tests/fixtures/sources/parity/cors-middleware.yaml,,tests/middleware/test_cors.py:372-404;starlette/middleware/cors.py:110-179;tests/fixtures/sources/parity/cors-middleware.yaml;tests/fixtures/manifest.yaml
middleware.test.cors.test_cors_vary_header_defaults_to_origin,upstream_test,tests/middleware/test_cors.py,test_cors_vary_header_defaults_to_origin,supported,starlette.middleware.cors.CORSMiddleware.explicit-origin-match-reflects-and-varies,Send an allowed explicit Origin through a CORSMiddleware instance whose downstream response has no Vary header; compare the complete response event headers.,ordered ASGI response events; response headers; response bytes,existing,tests/fixtures/sources/parity/cors-middleware.yaml,,tests/middleware/test_cors.py:407-422; starlette/middleware/cors.py:170-179; tests/fixtures/sources/parity/cors-middleware.yaml
middleware.test.cors.test_cors_vary_header_is_not_set_for_non_credentialed_request,upstream_test,tests/middleware/test_cors.py,test_cors_vary_header_is_not_set_for_non_credentialed_request,supported,starlette.middleware.cors.CORSMiddleware.wildcard-noncredentialed-vary-preserved,Return an inner Vary: Accept-Encoding header through wildcard-origin CORS with credentials disabled and a simple Origin request.,"status, exact ordered response headers including unchanged Vary, body bytes, and ASGI event order",existing,tests/fixtures/sources/parity/cors-middleware.yaml,,tests/middleware/test_cors.py:425-437;starlette/middleware/cors.py:156-179;tests/fixtures/sources/parity/cors-middleware.yaml;tests/fixtures/manifest.yaml
middleware.test.cors.test_cors_vary_header_is_properly_set_for_credentialed_request,upstream_test,tests/middleware/test_cors.py,test_cors_vary_header_is_properly_set_for_credentialed_request,supported,starlette.middleware.cors.CORSMiddleware.simple-wildcard-credential-reflection-vary-merge,Return Vary: Accept-Encoding through wildcard-origin CORS with credentials enabled; send the allowed Origin without a Cookie header.,"status, exact ordered response headers including merged Vary, body bytes, and ASGI event order",existing,tests/fixtures/sources/parity/cors-middleware.yaml,,tests/middleware/test_cors.py:440-452;starlette/middleware/cors.py:156-179;tests/fixtures/sources/parity/cors-middleware.yaml;tests/fixtures/manifest.yaml
middleware.test.cors.test_cors_vary_header_is_properly_set_when_allow_origins_is_not_wildcard,upstream_test,tests/middleware/test_cors.py,test_cors_vary_header_is_properly_set_when_allow_origins_is_not_wildcard,supported,starlette.middleware.cors.CORSMiddleware.explicit-origin-match-reflects-and-varies,Return Vary: Accept-Encoding from the inner response and send the explicitly allowed https://example.org Origin.,"status, exact ordered response headers including merged Vary, body bytes, and ASGI event order",existing,tests/fixtures/sources/parity/cors-middleware.yaml,,tests/middleware/test_cors.py:455-471;starlette/middleware/cors.py:156-179;tests/fixtures/sources/parity/cors-middleware.yaml;tests/fixtures/manifest.yaml
middleware.test.cors.test_cors_allowed_origin_does_not_leak_between_requests,upstream_test,tests/middleware/test_cors.py,test_cors_allowed_origin_does_not_leak_between_requests,supported,starlette.middleware.cors.CORSMiddleware.construct;starlette.middleware.cors.CORSMiddleware.reused-instance-origin-isolation,"Construct one CORSMiddleware instance allowing https://example.org; dispatch simple HTTP requests with allowed, denied, then allowed Origin values.","For each dispatch: ordered ASGI response headers, response body bytes, and event order",existing,tests/fixtures/sources/parity/cors-middleware.yaml,,tests/middleware/test_cors.py:474-492;starlette/middleware/cors.py:78-97;tests/fixtures/sources/parity/cors-middleware.yaml
middleware.test.cors.test_cors_private_network_access_allowed,upstream_test,tests/middleware/test_cors.py,test_cors_private_network_access_allowed,supported,starlette.middleware.cors.CORSMiddleware.private-network-access-allowed,"Allow wildcard origins and methods with private-network access; send ordered OPTIONS requests with and without the private-network header, then a simple GET carrying that header.","all three response statuses, private-network and origin response headers, bodies, downstream-call trace, and ASGI event order",existing,tests/fixtures/sources/parity/cors-middleware.yaml,,tests/middleware/test_cors.py:495-533;docs/middleware.md:96-102;starlette/middleware/cors.py:110-151;tests/fixtures/sources/parity/cors-middleware.yaml;tests/fixtures/manifest.yaml
middleware.test.cors.test_cors_private_network_access_disallowed,upstream_test,tests/middleware/test_cors.py,test_cors_private_network_access_disallowed,supported,starlette.middleware.cors.CORSMiddleware.private-network-access-denial,"Use one CORSMiddleware instance for ordered OPTIONS preflights with a matching origin and method: first without PNA, then with Access-Control-Request-Private-Network: true while allow_private_network is false.",response status; ordered response headers and body; downstream call trace; ordered ASGI events,existing,tests/fixtures/sources/parity/cors-middleware.yaml,,tests/middleware/test_cors.py:536-567;docs/middleware.md:96-102;starlette/middleware/cors.py:107-151;tests/fixtures/sources/parity/cors-middleware.yaml;tests/fixtures/manifest.yaml
middleware.test.errors.test_handler,upstream_test,tests/middleware/test_errors.py,test_handler,supported,starlette.middleware.errors.ServerErrorMiddleware,"Construct ServerErrorMiddleware around an ASGI app that raises RuntimeError('Something went wrong'), configure a synchronous custom handler returning a JSON 500 response, and invoke the HTTP ASGI call.",asgi_events; response_status; ordered_repeated_headers; response_bytes; selected_app_calls; selected_handler_calls; handler_received_original_exception; propagated_error; propagated_same_app_exception; propagated_same_handler_exception,existing,tests/fixtures/sources/parity/server-error-middleware.yaml,,tests/middleware/test_errors.py:15-28;starlette/middleware/errors.py:139-187;docs/middleware.md:32-46;docs/exceptions.md:107-120
middleware.test.errors.test_debug_text,upstream_test,tests/middleware/test_errors.py,test_debug_text,supported,starlette.middleware.errors.ServerErrorMiddleware,"Configure custom error handler or debug mode, then invoke an HTTP or non-HTTP scope whose endpoint raises or whose response/background task fails as named. Case: debug text.",response status and headers; response body bytes/content type; response-start timing; debug extension/event data; propagated exception type and context,existing,tests/fixtures/sources/parity/testclient-http.yaml,,tests/middleware/test_errors.py:31-40;starlette/middleware/errors.py:139-187;starlette/testclient.py:348-367;tests/fixtures/sources/parity/testclient-http.yaml
middleware.test.errors.test_debug_html,upstream_test,tests/middleware/test_errors.py,test_debug_html,supported,starlette.middleware.errors.ServerErrorMiddleware.debug-html,"Construct ServerErrorMiddleware with debug enabled, raise RuntimeError('Something went wrong'), and send an HTTP request with Accept: text/html, */*.",ASGI event order; status and content type; stable HTML traceback heading; propagated exception type/message and original app-exception identity,existing,tests/fixtures/sources/parity/server-error-middleware.yaml,,tests/middleware/test_errors.py:43-52;starlette/middleware/errors.py:139-187;starlette/middleware/errors.py:249-256;tests/fixtures/sources/parity/server-error-middleware.yaml
middleware.test.errors.test_debug_after_response_sent,upstream_test,tests/middleware/test_errors.py,test_debug_after_response_sent,supported,starlette.middleware.errors.ServerErrorMiddleware.debug-after-response-sent,"With debug enabled, send a complete 204 response from the ASGI app and then raise RuntimeError('Something went wrong').",exact original response events and bytes; absence of a second response; propagated exception type/message and original app-exception identity,existing,tests/fixtures/sources/parity/server-error-middleware.yaml,,tests/middleware/test_errors.py:55-64;starlette/middleware/errors.py:139-187;tests/fixtures/sources/parity/server-error-middleware.yaml
middleware.test.errors.test_debug_not_http,upstream_test,tests/middleware/test_errors.py,test_debug_not_http,supported,starlette.middleware.errors.ServerErrorMiddleware.non-http-passthrough,"With debug disabled, directly invoke ServerErrorMiddleware using a WebSocket scope and an app that raises RuntimeError('Something went wrong').",no HTTP response events; propagated exception type/message and original app-exception identity,existing,tests/fixtures/sources/parity/server-error-middleware.yaml,,tests/middleware/test_errors.py:67-80;starlette/middleware/errors.py:127-145;tests/fixtures/sources/parity/server-error-middleware.yaml
middleware.test.errors.test_background_task,upstream_test,tests/middleware/test_errors.py,test_background_task,supported,starlette.middleware.errors.ServerErrorMiddleware,"Configure custom error handler or debug mode, then invoke an HTTP or non-HTTP scope whose endpoint raises or whose response/background task fails as named. Case: background task.",response status and headers; response body bytes/content type; response-start timing; debug extension/event data; propagated exception type and context,backlog,,,tests/middleware/test_errors.py:83-105;starlette/middleware/errors.py
middleware.test.gzip.test_gzip_responses,upstream_test,tests/middleware/test_gzip.py,test_gzip_responses,supported,starlette.middleware.gzip.GZipMiddleware.construct;starlette.middleware.gzip.GZipMiddleware.gzip-final-response,"Send PlainTextResponse content containing 4,000 x bytes, with its source Content-Length and text/plain UTF-8 type, through default GZipMiddleware using Accept-Encoding: gzip.",status; exact ordered response headers; compressed response bytes; ASGI event order,existing,tests/fixtures/sources/parity/gzip-middleware.yaml,,"tests/middleware/test_gzip.py:19-34;starlette/middleware/gzip.py:13-27,101-177;tests/fixtures/sources/parity/gzip-middleware.yaml"
middleware.test.gzip.test_gzip_not_in_accept_encoding,upstream_test,tests/middleware/test_gzip.py,test_gzip_not_in_accept_encoding,supported,starlette.middleware.gzip.GZipMiddleware.construct;starlette.middleware.gzip.GZipMiddleware.identity-client,"Send the same 4,000-byte PlainTextResponse through default GZipMiddleware with Accept-Encoding: identity.",status; exact ordered response headers; raw response bytes; ASGI event order,existing,tests/fixtures/sources/parity/gzip-middleware.yaml,,"tests/middleware/test_gzip.py:37-52;starlette/middleware/gzip.py:13-27,101-177;tests/fixtures/sources/parity/gzip-middleware.yaml"
middleware.test.gzip.test_gzip_ignored_for_small_responses,upstream_test,tests/middleware/test_gzip.py,test_gzip_ignored_for_small_responses,supported,starlette.middleware.gzip.GZipMiddleware.construct;starlette.middleware.gzip.GZipMiddleware.small-body-bypass,"Send PlainTextResponse(""OK"") with the source two-byte body and public default minimum size using Accept-Encoding: gzip.",status; exact ordered response headers; uncompressed body bytes; ASGI event order,existing,tests/fixtures/sources/parity/gzip-middleware.yaml,,"tests/middleware/test_gzip.py:55-72;starlette/middleware/gzip.py:13-27,101-177;tests/fixtures/sources/parity/gzip-middleware.yaml"
middleware.test.gzip.test_gzip_streaming_response,upstream_test,tests/middleware/test_gzip.py,test_gzip_streaming_response,supported,starlette.middleware.gzip.GZipMiddleware.construct;starlette.middleware.gzip.GZipMiddleware.streaming-chunks,Stream the exact source ten 400-byte x chunks through default GZipMiddleware; preserve the no-media-type StreamingResponse start and final empty body event.,exact ordered response headers; exact compressed body chunks; ASGI event order,existing,tests/fixtures/sources/parity/gzip-middleware.yaml,,tests/middleware/test_gzip.py:75-95;starlette/middleware/gzip.py:101-177;starlette/responses.py:248-256;tests/fixtures/sources/parity/gzip-middleware.yaml
middleware.test.gzip.test_gzip_compression_in_thread,upstream_test,tests/middleware/test_gzip.py,test_gzip_compression_in_thread,supported,starlette.middleware.gzip.GZipMiddleware,Set thread_minimum_size equal to a gzip-eligible standard response body's length so the final body event meets the worker-thread threshold.,response headers; exact compressed response body; ASGI event order,existing,tests/fixtures/sources/parity/gzip-middleware.yaml,,tests/middleware/test_gzip.py:98-115;starlette/middleware/gzip.py;tests/fixtures/manifest.yaml;tests/fixtures/sources/parity/gzip-middleware.yaml
middleware.test.gzip.test_gzip_streaming_compression_in_thread,upstream_test,tests/middleware/test_gzip.py,test_gzip_streaming_compression_in_thread,supported,starlette.middleware.gzip.GZipMiddleware,Set thread_minimum_size equal to the first gzip-eligible streaming chunk length then send a final tail chunk.,response headers; exact compressed body chunk sequence; ASGI event order,existing,tests/fixtures/sources/parity/gzip-middleware.yaml,,tests/middleware/test_gzip.py:118-146;starlette/middleware/gzip.py;tests/fixtures/manifest.yaml;tests/fixtures/sources/parity/gzip-middleware.yaml
middleware.test.gzip.test_gzip_streaming_response_identity,upstream_test,tests/middleware/test_gzip.py,test_gzip_streaming_response_identity,supported,starlette.middleware.gzip.GZipMiddleware.construct;starlette.middleware.gzip.GZipMiddleware.identity-streaming-response,"Stream ten input-defined 400-byte x chunks with the StreamingResponse terminal empty event, using the source default headers and Accept-Encoding: identity.",status; exact ordered response headers; every raw body chunk and terminal event; ASGI event order,existing,tests/fixtures/sources/parity/gzip-middleware.yaml,,tests/middleware/test_gzip.py:149-169;starlette/middleware/gzip.py:101-177;starlette/responses.py:248-256;tests/fixtures/sources/parity/gzip-middleware.yaml
middleware.test.gzip.test_gzip_ignored_for_responses_with_encoding_set,upstream_test,tests/middleware/test_gzip.py,test_gzip_ignored_for_responses_with_encoding_set,supported,starlette.middleware.gzip.GZipMiddleware.construct;starlette.middleware.gzip.GZipMiddleware.existing-encoding-stream-bypass,"Stream ten 400-byte x chunks plus the source terminal empty event, with Content-Encoding: text and Accept-Encoding: gzip, text.",status; exact ordered response headers; all unchanged body chunks; ASGI event order,existing,tests/fixtures/sources/parity/gzip-middleware.yaml,,tests/middleware/test_gzip.py:172-194;starlette/middleware/gzip.py:101-177;starlette/responses.py:248-256;tests/fixtures/sources/parity/gzip-middleware.yaml
middleware.test.gzip.test_gzip_ignored_on_server_sent_events,upstream_test,tests/middleware/test_gzip.py,test_gzip_ignored_on_server_sent_events,supported,starlette.middleware.gzip.GZipMiddleware.construct;starlette.middleware.gzip.GZipMiddleware.default-excluded-content-type,Stream ten 400-byte x chunks and the terminal empty event with text/event-stream UTF-8 media type through default GZipMiddleware and Accept-Encoding: gzip.,status; exact ordered response headers; unchanged raw body chunks; ASGI event order,existing,tests/fixtures/sources/parity/gzip-middleware.yaml,,"tests/middleware/test_gzip.py:197-216;starlette/middleware/gzip.py:13-27,101-177;starlette/responses.py:248-256;tests/fixtures/sources/parity/gzip-middleware.yaml"
middleware.test.gzip.test_gzip_ignored_for_pathsend_responses,upstream_test,tests/middleware/test_gzip.py,test_gzip_ignored_for_pathsend_responses,supported,starlette.middleware.gzip.GZipMiddleware.construct;starlette.middleware.gzip.GZipMiddleware.pathsend,"At the middleware ASGI boundary, send Accept-Encoding: gzip, text with the pathsend extension and a downstream response-start/pathsend event sequence.",response-start headers; exact pathsend event and input path; ASGI event order,existing,tests/fixtures/sources/parity/gzip-middleware.yaml,,tests/middleware/test_gzip.py:220-255;starlette/middleware/gzip.py:101-177;tests/fixtures/sources/parity/gzip-middleware.yaml
middleware.test.gzip.test_gzip_ignored_on_range_responses,upstream_test,tests/middleware/test_gzip.py,test_gzip_ignored_on_range_responses,supported,starlette.middleware.gzip.GZipMiddleware.construct;starlette.middleware.gzip.GZipMiddleware.partial-response-stream-bypass,"Send a 2,000-byte 206 partial response for Range: bytes=0-1999 from the input-defined 4,000-byte source representation using Accept-Encoding: gzip.",status; exact ordered response headers including Content-Length; raw partial body bytes; ASGI event order,existing,tests/fixtures/sources/parity/gzip-middleware.yaml,,tests/middleware/test_gzip.py:258-275;starlette/middleware/gzip.py:101-177;tests/fixtures/sources/parity/gzip-middleware.yaml
middleware.test.gzip.test_gzip_streaming_response_emits_output_per_chunk,upstream_test,tests/middleware/test_gzip.py,test_gzip_streaming_response_emits_output_per_chunk,supported,starlette.middleware.gzip.GZipMiddleware.construct;starlette.middleware.gzip.GZipMiddleware.streaming-chunks;starlette.middleware.gzip.GZipMiddleware.streaming-empty-chunk,"Stream the pinned data: first, empty, and data: last body chunks through GZipMiddleware with public defaults; preserve and compare output after every input chunk.",exact ordered response headers; exact raw compressed body chunk bytes including empty chunk; ASGI event order,existing,tests/fixtures/sources/parity/gzip-middleware.yaml,,tests/middleware/test_gzip.py:278-308;starlette/middleware/gzip.py:101-177;tests/fixtures/sources/parity/gzip-middleware.yaml
middleware.test.gzip.test_gzip_default_exclude_content_types,upstream_test,tests/middleware/test_gzip.py,test_gzip_default_exclude_content_types,supported,starlette.middleware.gzip.GZipMiddleware.construct;starlette.middleware.gzip.GZipMiddleware.default-excluded-content-type,"Run each of the five pinned parameter values through GZipMiddleware constructed with its public defaults and Accept-Encoding: gzip: application/zip, audio/mpeg, font/woff2, image/png, and video/mp4.",exact ordered response headers; raw response body bytes and chunk sequence; ASGI event order,existing,tests/fixtures/sources/parity/gzip-middleware.yaml,,tests/middleware/test_gzip.py:315-327;starlette/middleware/gzip.py:13-27;tests/fixtures/sources/parity/gzip-middleware.yaml
middleware.test.gzip.test_gzip_compresses_svg_by_default,upstream_test,tests/middleware/test_gzip.py,test_gzip_compresses_svg_by_default,supported,starlette.middleware.gzip.GZipMiddleware.construct;starlette.middleware.gzip.GZipMiddleware.gzip-final-response;starlette.middleware.gzip.GZipMiddleware.default-allowed-content-type,"Run a 4,000-byte image/svg+xml response through GZipMiddleware constructed with public defaults and Accept-Encoding: gzip.",exact ordered response headers; raw response body bytes; ASGI event order,existing,tests/fixtures/sources/parity/gzip-middleware.yaml,,"tests/middleware/test_gzip.py:330-342;starlette/middleware/gzip.py:13-27,101-177;tests/fixtures/sources/parity/gzip-middleware.yaml"
middleware.test.gzip.test_gzip_custom_exclude_content_types,upstream_test,tests/middleware/test_gzip.py,test_gzip_custom_exclude_content_types,supported,starlette.middleware.gzip.GZipMiddleware.construct;starlette.middleware.gzip.GZipMiddleware.excluded-content-type,"Configure the exact source exclusion application/zip and send a 4,000-byte application/zip response with Accept-Encoding: gzip.",status; exact ordered response headers; raw uncompressed body; ASGI event order,existing,tests/fixtures/sources/parity/gzip-middleware.yaml,,"tests/middleware/test_gzip.py:345-357;starlette/middleware/gzip.py:13-27,101-177;tests/fixtures/sources/parity/gzip-middleware.yaml"
middleware.test.gzip.test_gzip_cleared_exclude_content_types,upstream_test,tests/middleware/test_gzip.py,test_gzip_cleared_exclude_content_types,supported,starlette.middleware.gzip.GZipMiddleware.construct;starlette.middleware.gzip.GZipMiddleware.gzip-final-response;starlette.middleware.gzip.GZipMiddleware.cleared-exclude-content-types,"Configure exclude_content_types=() and send the source 4,000-byte text/event-stream response with Accept-Encoding: gzip.",status; exact ordered response headers; compressed response body bytes; ASGI event order,existing,tests/fixtures/sources/parity/gzip-middleware.yaml,,"tests/middleware/test_gzip.py:360-372;starlette/middleware/gzip.py:13-27,101-177;tests/fixtures/sources/parity/gzip-middleware.yaml;tests/fixtures/manifest.yaml"
middleware.test.gzip.test_gzip_exclude_content_types_for_identity_client,upstream_test,tests/middleware/test_gzip.py,test_gzip_exclude_content_types_for_identity_client,supported,starlette.middleware.gzip.GZipMiddleware.construct;starlette.middleware.gzip.GZipMiddleware.identity-excluded-content-type,"Configure application/zip as an excluded type and send a 4,000-byte response with Accept-Encoding: identity.",status; exact ordered response headers; raw unchanged body bytes; ASGI event order,existing,tests/fixtures/sources/parity/gzip-middleware.yaml,,"tests/middleware/test_gzip.py:375-387;starlette/middleware/gzip.py:13-27,101-177;tests/fixtures/sources/parity/gzip-middleware.yaml;tests/fixtures/manifest.yaml"
middleware.test.gzip.test_gzip_exclude_content_types_matching,upstream_test,tests/middleware/test_gzip.py,test_gzip_exclude_content_types_matching,supported,starlette.middleware.gzip.GZipMiddleware.construct;starlette.middleware.gzip.GZipMiddleware.excluded-content-type,Run all three pinned parameter triples through GZipMiddleware with Accept-Encoding: gzip: case-normalized Text/Event-Stream; charset=utf-8 against text/event-stream; a configured Application/ZIP; charset=utf-8 against application/zip; and image/* against image/png.,exact ordered response headers; raw response body bytes; ASGI event order,existing,tests/fixtures/sources/parity/gzip-middleware.yaml,,"tests/middleware/test_gzip.py:398-412;starlette/middleware/gzip.py:105-169,212-225;tests/fixtures/sources/parity/gzip-middleware.yaml"
middleware.test.gzip.test_gzip_responder_normalizes_content_types,upstream_test,tests/middleware/test_gzip.py,test_gzip_responder_normalizes_content_types,supported,starlette.middleware.gzip.GZipResponder.construct; starlette.middleware.gzip.GZipResponder.excluded-content-type-normalization,"Construct GZipResponder with an input-defined response app, minimum_size=500, and a parameterized Application/ZIP exclusion; dispatch the request using the pinned test's Accept-Encoding value.",exact ordered ASGI response events; raw response body bytes; exception class/message if raised,existing,tests/fixtures/sources/parity/gzip-responder.yaml,,tests/middleware/test_gzip.py:415-426;starlette/middleware/gzip.py:180-225;tests/fixtures/sources/parity/gzip-responder.yaml
middleware.test.https_redirect.test_https_redirect_middleware,upstream_test,tests/middleware/test_https_redirect.py,test_https_redirect_middleware,supported,starlette.middleware.httpsredirect.HTTPSRedirectMiddleware,"Wrap a minimal ASGI app and send HTTP, HTTPS, WS, or WSS scope/scheme inputs with host and path components. Case: https redirect middleware.",response status and headers including Location; downstream invocation trace; WebSocket ASGI events,backlog,,,tests/middleware/test_https_redirect.py:10-41;starlette/middleware/httpsredirect.py
middleware.test.middleware.test_middleware_repr,upstream_test,tests/middleware/test_middleware.py,test_middleware_repr,supported,starlette.middleware.Middleware.repr,"Construct Middleware(CustomMiddleware, 'foo', bar=123) and observe its repr.",rendered repr string,existing,tests/fixtures/sources/parity/exception-values.yaml,,tests/middleware/test_middleware.py:15-17;starlette/middleware/__init__.py:29-35;tests/fixtures/sources/parity/exception-values.yaml
middleware.test.middleware.test_middleware_iter,upstream_test,tests/middleware/test_middleware.py,test_middleware_iter,supported,starlette.middleware.Middleware.iteration,"Construct Middleware(CustomMiddleware, 'foo', bar=123) and consume its iterator.","ordered cls, args, and kwargs tuple values; callable name",existing,tests/fixtures/sources/parity/exception-values.yaml,,tests/middleware/test_middleware.py:20-22;starlette/middleware/__init__.py:25-27;tests/fixtures/sources/parity/exception-values.yaml
middleware.test.session.test_session,upstream_test,tests/middleware/test_session.py,test_session,supported,starlette.middleware.sessions.SessionMiddleware.session-workflow.construct;starlette.middleware.sessions.SessionMiddleware.session-workflow.signed-cookie-round-trip;starlette.middleware.sessions.SessionMiddleware.session-workflow.max-age-default;starlette.middleware.sessions.SessionMiddleware.session-workflow.default-cookie-attributes;starlette.middleware.sessions.SessionMiddleware.session-workflow.vary-cookie-on-access;starlette.middleware.sessions.SessionMiddleware.session-workflow.set-cookie-only-on-modification;starlette.middleware.sessions.SessionMiddleware.session-workflow.clear-existing-session;starlette.middleware.sessions.SessionMiddleware.session-workflow.clear-empty-session,"Input-defined SessionMiddleware constructor and ordered HTTP requests; dynamically replay prior Set-Cookie values; observe request.session state, mutation flags, response headers, and ASGI events.",request session values; accessed and modified flags; mutation result; ordered response headers including Set-Cookie and Vary; response bytes; ASGI event order,existing,tests/fixtures/sources/parity/session-middleware.yaml,,tests/middleware/test_session.py:32-62;starlette/middleware/sessions.py:16-89;docs/middleware.md:129-160
middleware.test.session.test_session_expires,upstream_test,tests/middleware/test_session.py,test_session_expires,supported,starlette.middleware.sessions.SessionMiddleware.session-workflow.max-age-expiry,"Input-defined SessionMiddleware constructor and ordered HTTP requests; dynamically replay prior Set-Cookie values; observe request.session state, mutation flags, response headers, and ASGI events.",request session values; accessed and modified flags; mutation result; ordered response headers including Set-Cookie and Vary; response bytes; ASGI event order,existing,tests/fixtures/sources/parity/session-middleware.yaml,,tests/middleware/test_session.py:65-86;starlette/middleware/sessions.py:16-89
middleware.test.session.test_secure_session,upstream_test,tests/middleware/test_session.py,test_secure_session,supported,starlette.middleware.sessions.SessionMiddleware.session-workflow.domain-secure-attributes,"Input-defined SessionMiddleware constructor and ordered HTTP requests; dynamically replay prior Set-Cookie values; observe request.session state, mutation flags, response headers, and ASGI events.",request session values; accessed and modified flags; mutation result; ordered response headers including Set-Cookie and Vary; response bytes; ASGI event order,existing,tests/fixtures/sources/parity/session-middleware.yaml,,tests/middleware/test_session.py:89-123;starlette/middleware/sessions.py:16-89
middleware.test.session.test_session_cookie_subpath,upstream_test,tests/middleware/test_session.py,test_session_cookie_subpath,supported,starlette.middleware.sessions.SessionMiddleware.session-workflow.cookie-subpath,"Input-defined SessionMiddleware constructor and ordered HTTP requests; dynamically replay prior Set-Cookie values; observe request.session state, mutation flags, response headers, and ASGI events.",request session values; accessed and modified flags; mutation result; ordered response headers including Set-Cookie and Vary; response bytes; ASGI event order,existing,tests/fixtures/sources/parity/session-middleware.yaml,,tests/middleware/test_session.py:126-141;starlette/middleware/sessions.py:16-89
middleware.test.session.test_invalid_session_cookie,upstream_test,tests/middleware/test_session.py,test_invalid_session_cookie,supported,starlette.middleware.sessions.SessionMiddleware.session-workflow.invalid-signature-fallback,"Input-defined SessionMiddleware constructor and ordered HTTP requests; dynamically replay prior Set-Cookie values; observe request.session state, mutation flags, response headers, and ASGI events.",request session values; accessed and modified flags; mutation result; ordered response headers including Set-Cookie and Vary; response bytes; ASGI event order,existing,tests/fixtures/sources/parity/session-middleware.yaml,,tests/middleware/test_session.py:144-160;starlette/middleware/sessions.py:16-89
middleware.test.session.test_session_cookie,upstream_test,tests/middleware/test_session.py,test_session_cookie,supported,starlette.middleware.sessions.SessionMiddleware.session-workflow.custom-cookie-attributes;starlette.middleware.sessions.SessionMiddleware.session-workflow.max-age-none,"Input-defined SessionMiddleware constructor and ordered HTTP requests; dynamically replay prior Set-Cookie values; observe request.session state, mutation flags, response headers, and ASGI events.",request session values; accessed and modified flags; mutation result; ordered response headers including Set-Cookie and Vary; response bytes; ASGI event order,existing,tests/fixtures/sources/parity/session-middleware.yaml,,tests/middleware/test_session.py:163-182;starlette/middleware/sessions.py:16-89
middleware.test.session.test_domain_cookie,upstream_test,tests/middleware/test_session.py,test_domain_cookie,supported,starlette.middleware.sessions.SessionMiddleware.session-workflow.domain-secure-attributes,"Input-defined SessionMiddleware constructor and ordered HTTP requests; dynamically replay prior Set-Cookie values; observe request.session state, mutation flags, response headers, and ASGI events.",request session values; accessed and modified flags; mutation result; ordered response headers including Set-Cookie and Vary; response bytes; ASGI event order,existing,tests/fixtures/sources/parity/session-middleware.yaml,,tests/middleware/test_session.py:185-204;starlette/middleware/sessions.py:16-89
middleware.test.session.test_set_cookie_only_on_modification,upstream_test,tests/middleware/test_session.py,test_set_cookie_only_on_modification,supported,starlette.middleware.sessions.SessionMiddleware.session-workflow.set-cookie-only-on-modification,"Input-defined SessionMiddleware constructor and ordered HTTP requests; dynamically replay prior Set-Cookie values; observe request.session state, mutation flags, response headers, and ASGI events.",request session values; accessed and modified flags; mutation result; ordered response headers including Set-Cookie and Vary; response bytes; ASGI event order,existing,tests/fixtures/sources/parity/session-middleware.yaml,,tests/middleware/test_session.py:207-224;starlette/middleware/sessions.py:16-89
middleware.test.session.test_vary_cookie_on_access,upstream_test,tests/middleware/test_session.py,test_vary_cookie_on_access,supported,starlette.middleware.sessions.SessionMiddleware.session-workflow.vary-cookie-on-access;starlette.middleware.sessions.SessionMiddleware.session-workflow.no-access-no-vary,"Input-defined SessionMiddleware constructor and ordered HTTP requests; dynamically replay prior Set-Cookie values; observe request.session state, mutation flags, response headers, and ASGI events.",request session values; accessed and modified flags; mutation result; ordered response headers including Set-Cookie and Vary; response bytes; ASGI event order,existing,tests/fixtures/sources/parity/session-middleware.yaml,,tests/middleware/test_session.py:227-248;starlette/middleware/sessions.py:16-89
middleware.test.session.test_session_tracks_modification,upstream_test,tests/middleware/test_session.py,test_session_tracks_modification,supported,starlette.middleware.sessions.SessionMiddleware.session-workflow.session-mutation-flags,"Input-defined SessionMiddleware constructor and ordered HTTP requests; dynamically replay prior Set-Cookie values; observe request.session state, mutation flags, response headers, and ASGI events.",request session values; accessed and modified flags; mutation result; ordered response headers including Set-Cookie and Vary; response bytes; ASGI event order,existing,tests/fixtures/sources/parity/session-middleware.yaml,,tests/middleware/test_session.py:251-287;starlette/middleware/sessions.py:90-140
middleware.test.trusted_host.test_trusted_host_middleware,upstream_test,tests/middleware/test_trusted_host.py,test_trusted_host_middleware,supported,starlette.testclient.TestClient.request-response.starlette-trusted-host-middleware;starlette.middleware.trustedhost.TrustedHostMiddleware.exact-host-match;starlette.middleware.trustedhost.TrustedHostMiddleware.domain-wildcard-match;starlette.middleware.trustedhost.TrustedHostMiddleware.invalid-host-response,"Issue the source-case TestClient requests to testserver, subdomain.testserver, and invalidhost through TrustedHostMiddleware; the exact, wildcard, and rejection inputs have distinct case IDs in the fixture.","TestClient response status, final URL, ordered headers, body bytes; ASGI scope and events",existing,tests/fixtures/sources/parity/testclient-http.yaml,,tests/middleware/test_trusted_host.py:10-29;starlette/middleware/trustedhost.py:31-66;tests/fixtures/sources/parity/testclient-http.yaml
middleware.test.trusted_host.test_default_allowed_hosts,upstream_test,tests/middleware/test_trusted_host.py,test_default_allowed_hosts,supported,starlette.middleware.trustedhost.TrustedHostMiddleware,Construct TrustedHostMiddleware with default allowed_hosts and send a Host header input.,response status and headers including Location; downstream invocation trace; response body bytes,backlog,,,tests/middleware/test_trusted_host.py:32-35;starlette/middleware/trustedhost.py
middleware.test.trusted_host.test_www_redirect,upstream_test,tests/middleware/test_trusted_host.py,test_www_redirect,supported,starlette.testclient.TestClient.request-response.starlette-trusted-host-middleware;starlette.middleware.trustedhost.TrustedHostMiddleware.www-redirect,"Request https://example.com/ through TestClient with allowed_hosts=[""www.example.com""] and observe the followed redirect at the final response URL.","TestClient final response status, URL, ordered headers, and body bytes; ordered ASGI events",existing,tests/fixtures/sources/parity/testclient-http.yaml,,tests/middleware/test_trusted_host.py:38-50;starlette/middleware/trustedhost.py:31-66;tests/fixtures/sources/parity/testclient-http.yaml
middleware.test.wsgi.test_wsgi_get,upstream_test,tests/middleware/test_wsgi.py,test_wsgi_get,supported,starlette.middleware.wsgi.WSGIMiddleware.response-order,Call a WSGI endpoint with a GET scope and capture the generated environ and response events.,WSGI environ fields; response start status/headers; response body chunks and final event; thread identity; propagated exception/exc_info behavior,existing,tests/fixtures/sources/parity/wsgi-middleware.yaml,,tests/middleware/test_wsgi.py:67-72;starlette/middleware/wsgi.py;starlette/middleware/wsgi.py:17-22;tests/fixtures/sources/parity/wsgi-middleware.yaml;tests/fixtures/manifest.yaml
middleware.test.wsgi.test_wsgi_post,upstream_test,tests/middleware/test_wsgi.py,test_wsgi_post,supported,starlette.middleware.wsgi.WSGIMiddleware.request-body-buffering;starlette.middleware.wsgi.WSGIMiddleware.response-order,POST a request body through the WSGI adapter to a callable that reads wsgi.input.,WSGI environ fields; response start status/headers; response body chunks and final event; thread identity; propagated exception/exc_info behavior,existing,tests/fixtures/sources/parity/wsgi-middleware.yaml,,tests/middleware/test_wsgi.py:75-80;starlette/middleware/wsgi.py;starlette/middleware/wsgi.py:17-22;tests/fixtures/sources/parity/wsgi-middleware.yaml;tests/fixtures/manifest.yaml
middleware.test.wsgi.test_wsgi_exception,upstream_test,tests/middleware/test_wsgi.py,test_wsgi_exception,supported,starlette.middleware.wsgi.WSGIMiddleware.exception-before-start,Invoke a WSGI callable that raises while producing its response.,WSGI environ fields; response start status/headers; response body chunks and final event; thread identity; propagated exception/exc_info behavior,existing,tests/fixtures/sources/parity/wsgi-middleware.yaml,,tests/middleware/test_wsgi.py:83-89;starlette/middleware/wsgi.py;starlette/middleware/wsgi.py:17-22;tests/fixtures/sources/parity/wsgi-middleware.yaml;tests/fixtures/manifest.yaml
middleware.test.wsgi.test_wsgi_exc_info,upstream_test,tests/middleware/test_wsgi.py,test_wsgi_exc_info,supported,starlette.middleware.wsgi.WSGIMiddleware.response-order;starlette.middleware.wsgi.WSGIMiddleware.exc-info-rethrow,Invoke a WSGI callable that returns/re-raises an exception through the start_response exc_info argument.,WSGI environ fields; response start status/headers; response body chunks and final event; thread identity; propagated exception/exc_info behavior,existing,tests/fixtures/sources/parity/wsgi-middleware.yaml,,tests/middleware/test_wsgi.py:92-104;starlette/middleware/wsgi.py;starlette/middleware/wsgi.py:17-22;tests/fixtures/sources/parity/wsgi-middleware.yaml;tests/fixtures/manifest.yaml
middleware.test.wsgi.test_build_environ,upstream_test,tests/middleware/test_wsgi.py,test_build_environ,uncertain,starlette.middleware.wsgi.build-environ.scope-projection;starlette.middleware.wsgi.build-environ.root-path-stripping;starlette.middleware.wsgi.build-environ.header-projection;starlette.middleware.wsgi.build-environ.duplicate-header-joining;starlette.middleware.wsgi.build-environ.input-stream,"Call build_environ directly with the pinned HTTP scope, request body, repeated headers, and input-defined environment selectors.",selected WSGI environ fields; ordered duplicate-header value; root_path/PATH_INFO projection; wsgi.input bytes; stream behavior,existing,tests/fixtures/sources/parity/wsgi-boundary.yaml,,tests/middleware/test_wsgi.py:107-149;starlette/middleware/wsgi.py:25-74;tests/fixtures/sources/parity/wsgi-boundary.yaml;tests/fixtures/manifest.yaml
middleware.test.wsgi.test_build_environ_encoding,upstream_test,tests/middleware/test_wsgi.py,test_build_environ_encoding,uncertain,starlette.middleware.wsgi.build-environ.latin1-path-encoding;starlette.middleware.wsgi.build-environ.server-default;starlette.middleware.wsgi.build-environ.scheme-default;starlette.middleware.wsgi.build-environ.client-omission,Call build_environ directly with input-defined non-ASCII path/root_path values and omitted optional scope fields.,Latin-1 path encoding; SERVER_NAME/SERVER_PORT and scheme defaults; missing REMOTE_ADDR behavior,existing,tests/fixtures/sources/parity/wsgi-boundary.yaml,,tests/middleware/test_wsgi.py:152-164;starlette/middleware/wsgi.py:25-74;tests/fixtures/sources/parity/wsgi-boundary.yaml;tests/fixtures/manifest.yaml
middleware.docs.default-stack-order,documentation,docs/middleware.md,middleware configuration and default exception stack,supported,starlette.applications.Starlette.add_middleware.middleware-boundary-order,"Register two input-defined user middleware classes, POST to a GET-only RuntimeError route to observe the handled 405, then GET the route to trace middleware unwind and the outer default 500 response. This maps the documented default stack boundary slice; successful-route and other middleware combinations remain open.",middleware entry/send/unwind order; status and ASGI events; propagated RuntimeError type,existing,tests/fixtures/sources/parity/application-middleware.yaml,,docs/middleware.md:5-48;docs/exceptions.md:107-114;starlette/applications.py:63-83;starlette/middleware/errors.py:149-187;starlette/middleware/exceptions.py:47-63;tests/fixtures/sources/parity/application-middleware.yaml
middleware.docs.cors-policy,documentation,docs/middleware.md,CORSMiddleware options and restrictive defaults,supported,starlette.middleware.cors.CORSMiddleware,"Configure origin lists or regex, methods, request headers, credentials, exposed headers, and max_age; send simple and OPTIONS preflight requests with Origin and Access-Control-Request-* headers.",response status; repeated CORS/Vary headers; downstream invocation; response event order,backlog,,,docs/middleware.md:50-95;starlette/middleware/cors.py:15-77
middleware.docs.cors-private-network,documentation,docs/middleware.md,Private Network Access preflight behavior,supported,starlette.middleware.cors.CORSMiddleware.private-network-access-denial,"Use one CORSMiddleware instance for ordered OPTIONS preflights with a matching origin and method: first without PNA, then with Access-Control-Request-Private-Network: true while allow_private_network is false.",response status; ordered response headers and body; downstream call trace; ordered ASGI events,existing,tests/fixtures/sources/parity/cors-middleware.yaml,,docs/middleware.md:96-102;starlette/middleware/cors.py:107-151;tests/middleware/test_cors.py:536-567;tests/fixtures/sources/parity/cors-middleware.yaml;tests/fixtures/manifest.yaml
middleware.docs.cors-global-enforcement,documentation,docs/middleware.md,CORS wrapper around the complete app,supported,starlette.middleware.cors.CORSMiddleware;starlette.middleware.errors.ServerErrorMiddleware,Wrap the complete Starlette app in CORSMiddleware; send an Origin request to an endpoint that raises an unhandled exception.,response status; Access-Control-Allow-Origin and Vary headers; ASGI event order; exception propagation,backlog,,,docs/middleware.md:104-127;starlette/middleware/cors.py:78-97;starlette/middleware/errors.py:127-187
middleware.docs.session-cookie-contract,documentation,docs/middleware.md,SessionMiddleware cookie persistence and configuration,supported,starlette.middleware.sessions.SessionMiddleware.session-workflow.construct;starlette.middleware.sessions.SessionMiddleware.session-workflow.signed-cookie-round-trip;starlette.middleware.sessions.SessionMiddleware.session-workflow.invalid-signature-fallback;starlette.middleware.sessions.SessionMiddleware.session-workflow.max-age-expiry;starlette.middleware.sessions.SessionMiddleware.session-workflow.max-age-default;starlette.middleware.sessions.SessionMiddleware.session-workflow.max-age-none;starlette.middleware.sessions.SessionMiddleware.session-workflow.default-cookie-attributes;starlette.middleware.sessions.SessionMiddleware.session-workflow.custom-cookie-attributes;starlette.middleware.sessions.SessionMiddleware.session-workflow.domain-secure-attributes;starlette.middleware.sessions.SessionMiddleware.session-workflow.cookie-subpath;starlette.middleware.sessions.SessionMiddleware.session-workflow.session-mutation-flags;starlette.middleware.sessions.SessionMiddleware.session-workflow.vary-cookie-on-access;starlette.middleware.sessions.SessionMiddleware.session-workflow.no-access-no-vary;starlette.middleware.sessions.SessionMiddleware.session-workflow.set-cookie-only-on-modification;starlette.middleware.sessions.SessionMiddleware.session-workflow.clear-existing-session;starlette.middleware.sessions.SessionMiddleware.session-workflow.clear-empty-session,"Input-defined SessionMiddleware constructor and ordered HTTP requests; dynamically replay prior Set-Cookie values; observe request.session state, mutation flags, response headers, and ASGI events.",request session values; accessed and modified flags; mutation result; ordered response headers including Set-Cookie and Vary; response bytes; ASGI event order,existing,tests/fixtures/sources/parity/session-middleware.yaml,,docs/middleware.md:129-160;starlette/middleware/sessions.py:16-89;starlette/middleware/sessions.py:90-140
middleware.docs.https-and-websocket-redirect,documentation,docs/middleware.md,HTTP/WS secure-scheme redirection,supported,starlette.middleware.httpsredirect.HTTPSRedirectMiddleware.http-redirect-default-port;starlette.middleware.httpsredirect.HTTPSRedirectMiddleware.http-redirect-preserves-port-and-query;starlette.middleware.httpsredirect.HTTPSRedirectMiddleware.websocket-redirect;starlette.middleware.httpsredirect.HTTPSRedirectMiddleware.secure-scheme-pass-through;starlette.middleware.httpsredirect.HTTPSRedirectMiddleware.secure-websocket-pass-through,"Wrap an ASGI app and send request scopes over http, https, ws, and wss schemes with host/path data; compare the redirect or pass-through behavior for each scheme.",HTTP response status/headers and Location; downstream invocation; ordered WebSocket events,existing,tests/fixtures/sources/parity/host-middleware.yaml,,docs/middleware.md:162-181;starlette/middleware/httpsredirect.py:10-18;tests/fixtures/sources/parity/host-middleware.yaml;tests/fixtures/manifest.yaml
middleware.docs.trusted-host-validation,documentation,docs/middleware.md,"TrustedHost allowlists, wildcard matching, and www redirect",supported,starlette.middleware.trustedhost.TrustedHostMiddleware.exact-host-match;starlette.middleware.trustedhost.TrustedHostMiddleware.domain-wildcard-match;starlette.middleware.trustedhost.TrustedHostMiddleware.invalid-host-response;starlette.middleware.trustedhost.TrustedHostMiddleware.www-redirect;starlette.middleware.trustedhost.TrustedHostMiddleware.www-redirect-disabled;starlette.middleware.trustedhost.TrustedHostMiddleware.default-allowed-hosts,"Use input-defined TrustedHostMiddleware allowlists and Host scopes for exact and wildcard matches, invalid-host rejection, default allow-any, and enabled/disabled www redirects.",response status; ordered Location and content-type headers; response body bytes; downstream invocation and ASGI event order,existing,tests/fixtures/sources/parity/host-middleware.yaml,,docs/middleware.md:183-209;starlette/middleware/trustedhost.py:12-66;tests/fixtures/sources/parity/host-middleware.yaml
middleware.docs.body-limit-raw-bytes,documentation,docs/middleware.md,RequestBodyLimitMiddleware raw-byte accounting,supported,starlette.middleware.body_limit.RequestBodyLimitMiddleware,"Configure a non-negative max_body_size; send bodies below and above the limit with Content-Length present, missing, and understated, including fragmented chunks and multipart file/encoding bytes.",response status/headers/body; receive event count; total body bytes; ASGI event order; multipart parser interaction,backlog,,,docs/middleware.md:211-239;docs/release-notes.md:5-10;starlette/middleware/body_limit.py:30-124
middleware.docs.gzip-stream-and-thresholds,documentation,docs/middleware.md,GZip standard and streaming response behavior,supported,starlette.middleware.gzip.GZipMiddleware,"Configure minimum_size, compresslevel, and thread_minimum_size; send requests with and without gzip negotiation to standard and multi-chunk streaming endpoints at different chunk sizes.",response headers; response body/chunk sequence; ASGI event order; compression thread identity,backlog,,,docs/middleware.md:241-273;starlette/middleware/gzip.py:44-78;starlette/middleware/gzip.py:101-177
middleware.docs.gzip-exclusions,documentation,docs/middleware.md,GZip content-type exclusions and passthrough cases,supported,starlette.middleware.gzip.GZipMiddleware;starlette.middleware.gzip.DEFAULT_EXCLUDED_CONTENT_TYPES,"Configure default, replaced, and wildcard exclude_content_types; return responses with matching, non-matching, pre-encoded, event-stream, and partial-content metadata.",Content-Encoding/Length/Vary headers; body bytes/chunks; status; ASGI event order,backlog,,,docs/middleware.md:274-280;docs/release-notes.md:19-32;starlette/middleware/gzip.py:13-27;starlette/middleware/gzip.py:105-169
middleware.docs.base-http-dispatch,documentation,docs/middleware.md,BaseHTTPMiddleware dispatch/call_next contract,supported,starlette.middleware.base.BaseHTTPMiddleware;starlette.middleware.base.BaseHTTPMiddleware.dispatch,"Define a subclass overriding async dispatch(request, call_next), configure it through Middleware, and issue HTTP requests to endpoints; include constructor configuration and keep per-request state local.",request attributes observed by dispatch; downstream call trace; response status/headers/body; ASGI event order,backlog,,,docs/middleware.md:282-342;starlette/middleware/base.py:96-203
middleware.docs.base-http-contextvars,documentation,docs/middleware.md,BaseHTTPMiddleware ContextVar propagation limitation,supported,starlette.middleware.base.BaseHTTPMiddleware,"Mutate an input-defined ContextVar in the endpoint under BaseHTTPMiddleware and a pure-ASGI control, with a surrounding pure-ASGI observer reading the value before and after downstream execution.",surrounding observer ContextVar before/after values; middleware and endpoint ContextVar values; exact response status/headers/body; ordered ASGI events,existing,tests/fixtures/sources/parity/base-http-contextvars.yaml,,docs/middleware.md:343-350;tests/middleware/test_base.py:208-265;starlette/middleware/base.py:101-199;tests/fixtures/sources/parity/base-http-contextvars.yaml
middleware.docs.pure-asgi-interface,documentation,docs/middleware.md,Pure ASGI middleware callable and scope filtering,supported,starlette.types.ASGIApp;starlette.types.Scope;starlette.types.Receive;starlette.types.Send;starlette.types.Message,"Wrap an ASGI app with a middleware callable receiving scope, receive, and send; exercise HTTP, WebSocket, and lifespan scopes plus a filtered HTTP-only or WebSocket-only case.",scope type; receive/send message sequence; downstream invocation; exception/cancellation propagation,backlog,,,docs/middleware.md:347-489;starlette/types.py:12-18
middleware.docs.middleware-data-helpers,documentation,docs/middleware.md,"Using Request, data structures, and Response inside ASGI middleware",supported,starlette.requests.Request;starlette.datastructures.Headers;starlette.datastructures.QueryParams;starlette.datastructures.URL;starlette.responses.Response,"Construct request/data helpers from a supplied HTTP scope, inspect request fields, or invoke a Starlette response from middleware; vary query/header and response inputs.",observed request fields; response status/headers/body; ASGI event order,backlog,,,docs/middleware.md:491-512;starlette/requests.py:51;starlette/datastructures.py:28;starlette/responses.py:31
middleware.docs.eager-response-and-wrapping,documentation,docs/middleware.md,Eager responses and wrapping arbitrary ASGI applications,supported,starlette.middleware.Middleware;starlette.responses.RedirectResponse,"Wrap an ASGI app; send one request that matches a middleware-owned path mapping and one that falls through, plus a non-HTTP scope.",downstream invocation; response status/headers/body; event ordering by scope,backlog,,,docs/middleware.md:500-588;docs/middleware.md:773-787;starlette/middleware/__init__.py:21-37
middleware.docs.route-mount-router-scope,documentation,docs/middleware.md,"Middleware placement on Mount, Route, WebSocketRoute, and Router",supported,starlette.middleware.Middleware;starlette.routing.Mount;starlette.routing.Route;starlette.routing.Router,"Configure the same observable middleware at app, mount, route, and router levels; send requests to included and excluded paths and a mounted app that raises.",middleware invocation order; route/scope identity; exception handling boundary; response headers/body,backlog,,,docs/middleware.md:788-858;starlette/routing.py:205-244;starlette/routing.py:360-395;starlette/routing.py:576-619
middleware.docs.third-party-ecosystem,documentation,docs/middleware.md,Third-party middleware catalog,n/a,,,,not_applicable,,This section lists separately maintained packages and integrations; it specifies no Starlette-owned runtime behavior to compare.,docs/middleware.md:860-928
middleware.docs.asgiref-typing-example,documentation,docs/middleware.md,ASGI type-annotation alternatives,n/a,,,,not_applicable,,The asgiref example is a typing-only alternative; its annotations add no independent Starlette runtime behavior. Starlette-owned type aliases are covered by public signature/API review.,docs/middleware.md:416-462;starlette/types.py:12-18
middleware.docs.asgiref-optional-typing-dependency,optional_feature,docs/middleware.md,asgiref typing imports,n/a,,,,not_applicable,,asgiref is presented as an external annotation alternative rather than a Starlette runtime feature or declared dependency.,docs/middleware.md:418-462;pyproject.toml:33-42
middleware.docs.wsgi-adapter,documentation,docs/middleware.md,WSGIMiddleware conversion overview,supported,starlette.middleware.wsgi.WSGIMiddleware.request-body-buffering;starlette.middleware.wsgi.WSGIMiddleware.build-environ;starlette.middleware.wsgi.WSGIMiddleware.response-order,"Wrap a WSGI callable; supply an HTTP scope and request body, then observe how its WSGI response is bridged to ASGI.",WSGI environ fields; ASGI response start/body sequence; response headers/status; task/thread cleanup,existing,tests/fixtures/sources/parity/wsgi-middleware.yaml,,docs/middleware.md:925-927;starlette/middleware/wsgi.py:25-156;tests/fixtures/sources/parity/wsgi-middleware.yaml;tests/fixtures/manifest.yaml
middleware.deprecation.wsgi-module-warning,deprecation,starlette/middleware/wsgi.py,module import deprecation warning,supported,starlette.middleware.wsgi.module-import-warning.deprecation-warning,Import the input-named WSGI module in isolated source and package processes while capturing the emitted warning and import call site.,warning category; message; import call-site filename and line; loaded module name,existing,tests/fixtures/sources/parity/wsgi-boundary.yaml,,starlette/middleware/wsgi.py:17-22;docs/release-notes.md:909-910;tests/fixtures/sources/parity/wsgi-boundary.yaml;tests/fixtures/manifest.yaml
middleware.optional.sessions-itsdangerous,optional_feature,pyproject.toml,full extra: itsdangerous for SessionMiddleware,supported,starlette.middleware.sessions.SessionMiddleware,Run the session middleware import and a signed-cookie read/update flow in environments with and without the full-extra itsdangerous dependency.,dependency availability; import outcome; cookie and request.session observations,backlog,,,pyproject.toml:38-42;starlette/middleware/sessions.py:8-30;docs/middleware.md:129-160
middleware.optional.multipart-body-limit,optional_feature,pyproject.toml,full extra: python-multipart for multipart body-limit use,supported,starlette.middleware.body_limit.RequestBodyLimitMiddleware,"Install the full extra when testing multipart parsing, then POST a multipart body with file bytes and encoding overhead through RequestBodyLimitMiddleware.",dependency availability; parser/import outcome; received raw byte total; ASGI response events,backlog,,,pyproject.toml:38-42;docs/middleware.md:211-239;tests/middleware/test_body_limit.py:357-368
middleware.alias.gzip-exclusion-constant,api_behavior,starlette/middleware/gzip.py,DEFAULT_EXCLUDED_CONTENT_TYPES future rename TODO,uncertain,starlette.middleware.gzip.DEFAULT_EXCLUDED_CONTENT_TYPES,Inspect the pinned module exports and GZipMiddleware default argument for both the current constant spelling and the singular spelling mentioned by the TODO; instantiate with default and custom exclusions.,exported symbol names; constructor default identity/value; import outcome,backlog,,,starlette/middleware/gzip.py:12-27;docs/middleware.md:269-280
middleware.support.client-factory,test_support,tests/types.py,TestClientFactory,n/a,,,,not_applicable,,"Shared pytest harness selects TestClient backends and constructs test clients; it is transport/test scaffolding, not an independent middleware consumer behavior. Translate each mapped middleware test into ASGI inputs without copying the harness.",tests/types.py:10-27;tests/conftest.py:14-27;tests/middleware/test_base.py:97-100
middleware.support.package-marker,test_support,tests/middleware/__init__.py,package marker,n/a,,,,not_applicable,,The middleware test package marker contains no executable helper or independent parity behavior.,tests/middleware/__init__.py
middleware.docs.request-and-websocket-receive-wrapping,documentation,docs/middleware.md,Inspecting or modifying HTTP request and WebSocket receive events,supported,starlette.types.Receive;starlette.types.Scope;starlette.types.Message,"Wrap receive around HTTP and WebSocket apps; supply fragmented http.request events and websocket.receive messages, and vary scope type to exercise passthrough.",downstream receive messages; request body byte/chunk observations; WebSocket receive events; downstream invocation,backlog,,,docs/middleware.md:566-604;starlette/types.py:12-18
middleware.docs.response-and-websocket-send-wrapping,documentation,docs/middleware.md,Inspecting or modifying HTTP and WebSocket send events,supported,starlette.types.Send;starlette.types.Message;starlette.datastructures.MutableHeaders,Wrap send to append response headers or inspect/alter HTTP response events and WebSocket sends; include response bodies whose length changes.,send event order; repeated response headers; response body bytes; Content-Length; WebSocket send events,backlog,,,docs/middleware.md:606-639;starlette/types.py:13-18;starlette/datastructures.py:613-657
middleware.docs.scope-information-to-endpoint,documentation,docs/middleware.md,Passing middleware information through scope to endpoints,supported,starlette.types.Scope;starlette.requests.Request.scope,Add a uniquely namespaced scope value in middleware and issue an HTTP request to an endpoint that reads it.,scope keys/values at middleware and endpoint; ASGI event order,backlog,,,docs/middleware.md:641-657;starlette/types.py:12;starlette/requests.py:51
middleware.docs.cleanup-and-error-handling,documentation,docs/middleware.md,Middleware try/except/finally and context-manager cleanup,supported,starlette.types.ASGIApp,Wrap an app that succeeds or raises with middleware using cleanup/finally or an async context manager; vary HTTP and WebSocket scopes as needed.,entry/exit order; exception type/context; cleanup completion; ASGI event order,backlog,,,docs/middleware.md:659-685;tests/middleware/test_base.py:415-470
middleware.docs.stateless-per-request-state,documentation,docs/middleware.md,Keep connection-specific ASGI middleware state inside __call__,supported,starlette.types.ASGIApp;starlette.middleware.gzip.GZipMiddleware,Issue overlapping requests with different response headers through middleware that keeps a request-specific flag in __call__; exercise both flagged and unflagged requests.,per-request response body/header; cross-request state isolation; event order,backlog,,,docs/middleware.md:687-762;starlette/middleware/gzip.py:60-78
middleware.docs.pure-asgi-app-interoperability,documentation,docs/middleware.md,Wrap middleware around arbitrary ASGI applications,supported,starlette.middleware.Middleware;starlette.types.ASGIApp,"Place a pure ASGI middleware around a non-Starlette ASGI app and around a Starlette app; send HTTP, WebSocket, and lifespan scopes.",downstream scope/events; response and WebSocket event order; app identity/wrapper structure,backlog,,,docs/middleware.md:347-414;docs/middleware.md:773-787;starlette/middleware/__init__.py:21-37
middleware.python-version.exception-group,python_version,tests/middleware/test_base.py,test_custom_middleware: ExceptionGroup setup on Python 3.10+,supported,starlette.middleware.base.BaseHTTPMiddleware,Run the custom middleware error-propagation inputs with Python 3.10 using the exceptiongroup fallback and with Python 3.11+ using the built-in ExceptionGroup.,Python version; exception type and group structure; propagated exception context; ASGI event order,backlog,,,pyproject.toml:12;tests/middleware/test_base.py:25-27;tests/middleware/test_base.py:97-120;uv.lock:18
middleware.api.sessions.websocket-cookie-loading,api_behavior,starlette/middleware/sessions.py,SessionMiddleware.__call__ WebSocket scope cookie loading,supported,starlette.middleware.sessions.SessionMiddleware.session-workflow.websocket-cookie-loading,"Issue an HTTP session update, replay its live Set-Cookie value into a WebSocket scope, then accept and close the WebSocket from fixture-selected protocol values.",loaded scope session mapping; accessed and modified flags; WebSocket event order; HTTP Set-Cookie replay source,existing,tests/fixtures/sources/parity/session-middleware.yaml,,starlette/middleware/sessions.py:39-46;starlette/middleware/sessions.py:78-89;tests/middleware/test_session.py:32-62
middleware.api.sessions.non-http-pass-through,api_behavior,starlette/middleware/sessions.py,SessionMiddleware.__call__ unsupported-scope pass-through,supported,starlette.middleware.sessions.SessionMiddleware.session-workflow.non-http-pass-through,Invoke SessionMiddleware with a lifespan scope; provide startup then shutdown and drive the downstream completion messages from the input action.,scope/session observation; exact ordered ASGI lifecycle output events; absence of session access and modification,existing,tests/fixtures/sources/parity/session-middleware.yaml,,starlette/middleware/sessions.py:39-42
