catalog_row,record_type,qualified_name,signature_or_value,constructor_signature,source,line,documentation_evidence,audit_status,api_disposition,evidence_refs,rationale
28,documented-import,starlette.applications.Starlette,,,docs/middleware.md,12,explicit Python import in upstream docs,confirmed documented import path,supported,docs/middleware.md:12;starlette/applications.py:20,The pinned middleware guide explicitly imports this starlette.* path; the canonical source declaration confirms the documented spelling and current contract.
150,documented-import,starlette.datastructures.Headers,,,docs/middleware.md,698,explicit Python import in upstream docs,confirmed documented import path,supported,docs/middleware.md:698;starlette/datastructures.py:500,The pinned middleware guide explicitly imports this starlette.* path; the canonical source declaration confirms the documented spelling and current contract.
189,documented-import,starlette.datastructures.MutableHeaders,,,docs/middleware.md,613,explicit Python import in upstream docs,confirmed documented import path,supported,docs/middleware.md:613;starlette/datastructures.py:577,The pinned middleware guide explicitly imports this starlette.* path; the canonical source declaration confirms the documented spelling and current contract.
221,documented-import,starlette.datastructures.URL,,,docs/middleware.md,521,explicit Python import in upstream docs,confirmed documented import path,supported,docs/middleware.md:521;starlette/datastructures.py:28,The pinned middleware guide explicitly imports this starlette.* path; the canonical source declaration confirms the documented spelling and current contract.
319,class,starlette.middleware.Middleware,class Middleware:,"def __init__(self, cls: _MiddlewareFactory[P], *args: P.args, **kwargs: P.kwargs) -> None:",starlette/middleware/__init__.py,21,explicitly referenced in docs,documented symbol; review defaults and behavior,supported,starlette/middleware/__init__.py:21;docs/middleware.md:5-46,The pinned guide documents this middleware class and its usage/configuration; the source declaration supplies the constructor and ASGI call contract.
322,documented-import,starlette.middleware.Middleware,,,docs/middleware.md,13,explicit Python import in upstream docs,confirmed documented import path,supported,docs/middleware.md:13;starlette/middleware/__init__.py:21,The pinned middleware guide explicitly imports this starlette.* path; the canonical source declaration confirms the documented spelling and current contract.
323,constructor,starlette.middleware.Middleware.__init__,"def __init__(self, cls: _MiddlewareFactory[P], *args: P.args, **kwargs: P.kwargs) -> None:",,starlette/middleware/__init__.py,22,class source only; method not matched in docs scan,method candidate; not reviewed,supported,starlette/middleware/__init__.py:22;docs/middleware.md:5-46,The guide constructs this documented middleware with this class’s public configuration shape; the source signature identifies the pinned constructor contract.
324,special-method,starlette.middleware.Middleware.__iter__,def __iter__(self) -> Iterator[Any]:,,starlette/middleware/__init__.py,27,class source only; method not matched in docs scan,method candidate; not reviewed,uncertain,starlette/middleware/__init__.py:27;tests/middleware/test_middleware.py:15-22,"The upstream tests exercise this behavior on the documented Middleware object, but the guide does not promise this representation/iteration detail as a stable API; retain as uncertain."
325,special-method,starlette.middleware.Middleware.__repr__,def __repr__(self) -> str:,,starlette/middleware/__init__.py,31,class source only; method not matched in docs scan,method candidate; not reviewed,uncertain,starlette/middleware/__init__.py:31;tests/middleware/test_middleware.py:15-22,"The upstream tests exercise this behavior on the documented Middleware object, but the guide does not promise this representation/iteration detail as a stable API; retain as uncertain."
326,assignment,starlette.middleware.P,"ParamSpec(""P"")",,starlette/middleware/__init__.py,6,module source only; name not matched in docs scan,public-name candidate; not reviewed,private/internal,starlette/middleware/__init__.py:6,"The pinned source uses this type alias, constant, responder, or helper as middleware implementation machinery; the assigned docs do not establish it as a standalone consumer API."
327,source-reexport-candidate,starlette.middleware.authentication.ASGIApp,from starlette.types import ASGIApp,,starlette/middleware/authentication.py,13,source import only,candidate only; importability is not public-status evidence,private/internal,starlette/middleware/authentication.py:13,This name is imported into the implementation module for internal calls or annotations; the assigned guide documents its canonical starlette.* path elsewhere and does not promise this submodule re-export.
328,source-reexport-candidate,starlette.middleware.authentication.AuthCredentials,from starlette.authentication import AuthCredentials,,starlette/middleware/authentication.py,5,source import only,candidate only; importability is not public-status evidence,private/internal,starlette/middleware/authentication.py:5,This name is imported into the implementation module for internal calls or annotations; the assigned guide documents its canonical starlette.* path elsewhere and does not promise this submodule re-export.
329,source-reexport-candidate,starlette.middleware.authentication.AuthenticationBackend,from starlette.authentication import AuthenticationBackend,,starlette/middleware/authentication.py,5,source import only,candidate only; importability is not public-status evidence,private/internal,starlette/middleware/authentication.py:5,This name is imported into the implementation module for internal calls or annotations; the assigned guide documents its canonical starlette.* path elsewhere and does not promise this submodule re-export.
330,source-reexport-candidate,starlette.middleware.authentication.AuthenticationError,from starlette.authentication import AuthenticationError,,starlette/middleware/authentication.py,5,source import only,candidate only; importability is not public-status evidence,private/internal,starlette/middleware/authentication.py:5,This name is imported into the implementation module for internal calls or annotations; the assigned guide documents its canonical starlette.* path elsewhere and does not promise this submodule re-export.
331,class,starlette.middleware.authentication.AuthenticationMiddleware,class AuthenticationMiddleware:,"def __init__(self, app: ASGIApp, backend: AuthenticationBackend, on_error: Callable[[HTTPConnection, AuthenticationError], Response] | None=None) -> None:",starlette/middleware/authentication.py,16,explicitly referenced in docs,documented symbol; review defaults and behavior,supported,starlette/middleware/authentication.py:16;docs/authentication.md:13-53;docs/authentication.md:175-195,The pinned guide documents this middleware class and its usage/configuration; the source declaration supplies the constructor and ASGI call contract.
333,special-method,starlette.middleware.authentication.AuthenticationMiddleware.__call__,"async def __call__(self, scope: Scope, receive: Receive, send: Send) -> None:",,starlette/middleware/authentication.py,29,class source only; method not matched in docs scan,method candidate; not reviewed,supported,starlette/middleware/authentication.py:29;docs/authentication.md:13-53;docs/authentication.md:175-195,The guide documents this middleware as an ASGI wrapper; its source call method is the runtime entry point for that documented behavior.
334,constructor,starlette.middleware.authentication.AuthenticationMiddleware.__init__,"def __init__(self, app: ASGIApp, backend: AuthenticationBackend, on_error: Callable[[HTTPConnection, AuthenticationError], Response] | None=None) -> None:",,starlette/middleware/authentication.py,17,class source only; method not matched in docs scan,method candidate; not reviewed,supported,starlette/middleware/authentication.py:17;docs/authentication.md:13-53;docs/authentication.md:175-195,The guide constructs this documented middleware with this class’s public configuration shape; the source signature identifies the pinned constructor contract.
335,public-method,starlette.middleware.authentication.AuthenticationMiddleware.default_on_error,"def default_on_error(conn: HTTPConnection, exc: Exception) -> Response:",,starlette/middleware/authentication.py,51,class source only; method not matched in docs scan,method candidate; not reviewed,uncertain,starlette/middleware/authentication.py:51;docs/authentication.md:175-195,The guide documents custom on_error callbacks but does not expose this named default handler; source visibility alone does not establish the method as a public API.
336,source-reexport-candidate,starlette.middleware.authentication.HTTPConnection,from starlette.requests import HTTPConnection,,starlette/middleware/authentication.py,11,source import only,candidate only; importability is not public-status evidence,private/internal,starlette/middleware/authentication.py:11,This name is imported into the implementation module for internal calls or annotations; the assigned guide documents its canonical starlette.* path elsewhere and does not promise this submodule re-export.
337,source-reexport-candidate,starlette.middleware.authentication.PlainTextResponse,from starlette.responses import PlainTextResponse,,starlette/middleware/authentication.py,12,source import only,candidate only; importability is not public-status evidence,private/internal,starlette/middleware/authentication.py:12,This name is imported into the implementation module for internal calls or annotations; the assigned guide documents its canonical starlette.* path elsewhere and does not promise this submodule re-export.
338,source-reexport-candidate,starlette.middleware.authentication.Receive,from starlette.types import Receive,,starlette/middleware/authentication.py,13,source import only,candidate only; importability is not public-status evidence,private/internal,starlette/middleware/authentication.py:13,This name is imported into the implementation module for internal calls or annotations; the assigned guide documents its canonical starlette.* path elsewhere and does not promise this submodule re-export.
339,source-reexport-candidate,starlette.middleware.authentication.Response,from starlette.responses import Response,,starlette/middleware/authentication.py,12,source import only,candidate only; importability is not public-status evidence,private/internal,starlette/middleware/authentication.py:12,This name is imported into the implementation module for internal calls or annotations; the assigned guide documents its canonical starlette.* path elsewhere and does not promise this submodule re-export.
340,source-reexport-candidate,starlette.middleware.authentication.Scope,from starlette.types import Scope,,starlette/middleware/authentication.py,13,source import only,candidate only; importability is not public-status evidence,private/internal,starlette/middleware/authentication.py:13,This name is imported into the implementation module for internal calls or annotations; the assigned guide documents its canonical starlette.* path elsewhere and does not promise this submodule re-export.
341,source-reexport-candidate,starlette.middleware.authentication.Send,from starlette.types import Send,,starlette/middleware/authentication.py,13,source import only,candidate only; importability is not public-status evidence,private/internal,starlette/middleware/authentication.py:13,This name is imported into the implementation module for internal calls or annotations; the assigned guide documents its canonical starlette.* path elsewhere and does not promise this submodule re-export.
342,source-reexport-candidate,starlette.middleware.authentication.UnauthenticatedUser,from starlette.authentication import UnauthenticatedUser,,starlette/middleware/authentication.py,5,source import only,candidate only; importability is not public-status evidence,private/internal,starlette/middleware/authentication.py:5,This name is imported into the implementation module for internal calls or annotations; the assigned guide documents its canonical starlette.* path elsewhere and does not promise this submodule re-export.
343,source-reexport-candidate,starlette.middleware.base.ASGIApp,from starlette.types import ASGIApp,,starlette/middleware/base.py,11,source import only,candidate only; importability is not public-status evidence,private/internal,starlette/middleware/base.py:11,This name is imported into the implementation module for internal calls or annotations; the assigned guide documents its canonical starlette.* path elsewhere and does not promise this submodule re-export.
344,assignment,starlette.middleware.base.AsyncContentStream,"AsyncIterable[str | bytes | memoryview | MutableMapping[str, Any]]",,starlette/middleware/base.py,16,module source only; name not matched in docs scan,public-name candidate; not reviewed,private/internal,starlette/middleware/base.py:16,"The pinned source uses this type alias, constant, responder, or helper as middleware implementation machinery; the assigned docs do not establish it as a standalone consumer API."
345,class,starlette.middleware.base.BaseHTTPMiddleware,class BaseHTTPMiddleware:,"def __init__(self, app: ASGIApp, dispatch: DispatchFunction | None=None) -> None:",starlette/middleware/base.py,96,explicitly referenced in docs,documented symbol; review defaults and behavior,supported,starlette/middleware/base.py:96;docs/middleware.md:282-345,The pinned guide documents this middleware class and its usage/configuration; the source declaration supplies the constructor and ASGI call contract.
346,documented-import,starlette.middleware.base.BaseHTTPMiddleware,,,docs/middleware.md,295,explicit Python import in upstream docs,confirmed documented import path,supported,docs/middleware.md:295;starlette/middleware/base.py:96,The pinned middleware guide explicitly imports this starlette.* path; the canonical source declaration confirms the documented spelling and current contract.
348,special-method,starlette.middleware.base.BaseHTTPMiddleware.__call__,"async def __call__(self, scope: Scope, receive: Receive, send: Send) -> None:",,starlette/middleware/base.py,101,class source only; method not matched in docs scan,method candidate; not reviewed,supported,starlette/middleware/base.py:101;docs/middleware.md:282-345,The guide documents this middleware as an ASGI wrapper; its source call method is the runtime entry point for that documented behavior.
349,constructor,starlette.middleware.base.BaseHTTPMiddleware.__init__,"def __init__(self, app: ASGIApp, dispatch: DispatchFunction | None=None) -> None:",,starlette/middleware/base.py,97,class source only; method not matched in docs scan,method candidate; not reviewed,supported,starlette/middleware/base.py:97;docs/middleware.md:282-345,The guide constructs this documented middleware with this class’s public configuration shape; the source signature identifies the pinned constructor contract.
350,public-method,starlette.middleware.base.BaseHTTPMiddleware.dispatch,"async def dispatch(self, request: Request, call_next: RequestResponseEndpoint) -> Response:",,starlette/middleware/base.py,200,class source only; method not matched in docs scan,method candidate; not reviewed,supported,starlette/middleware/base.py:200;docs/middleware.md:282-345,The middleware guide explicitly requires this override as the BaseHTTPMiddleware request/response extension point; the source and tests corroborate its call contract.
351,assignment,starlette.middleware.base.BodyStreamGenerator,"AsyncGenerator[bytes | MutableMapping[str, Any], None]",,starlette/middleware/base.py,15,module source only; name not matched in docs scan,public-name candidate; not reviewed,private/internal,starlette/middleware/base.py:15,"The pinned source uses this type alias, constant, responder, or helper as middleware implementation machinery; the assigned docs do not establish it as a standalone consumer API."
352,source-reexport-candidate,starlette.middleware.base.ClientDisconnect,from starlette.requests import ClientDisconnect,,starlette/middleware/base.py,9,source import only,candidate only; importability is not public-status evidence,private/internal,starlette/middleware/base.py:9,This name is imported into the implementation module for internal calls or annotations; the assigned guide documents its canonical starlette.* path elsewhere and does not promise this submodule re-export.
353,assignment,starlette.middleware.base.DispatchFunction,"Callable[[Request, RequestResponseEndpoint], Awaitable[Response]]",,starlette/middleware/base.py,14,module source only; name not matched in docs scan,public-name candidate; not reviewed,uncertain,starlette/middleware/base.py:14;tests/middleware/test_base.py:16-18;docs/middleware.md:282-345,"This source-level callable type alias is used by middleware typing/tests, but the guide does not identify this alias as an importable public contract; keep its status unresolved."
354,source-reexport-candidate,starlette.middleware.base.Message,from starlette.types import Message,,starlette/middleware/base.py,11,source import only,candidate only; importability is not public-status evidence,private/internal,starlette/middleware/base.py:11,This name is imported into the implementation module for internal calls or annotations; the assigned guide documents its canonical starlette.* path elsewhere and does not promise this submodule re-export.
355,source-reexport-candidate,starlette.middleware.base.Receive,from starlette.types import Receive,,starlette/middleware/base.py,11,source import only,candidate only; importability is not public-status evidence,private/internal,starlette/middleware/base.py:11,This name is imported into the implementation module for internal calls or annotations; the assigned guide documents its canonical starlette.* path elsewhere and does not promise this submodule re-export.
356,source-reexport-candidate,starlette.middleware.base.Request,from starlette.requests import Request,,starlette/middleware/base.py,9,source import only,candidate only; importability is not public-status evidence,private/internal,starlette/middleware/base.py:9,This name is imported into the implementation module for internal calls or annotations; the assigned guide documents its canonical starlette.* path elsewhere and does not promise this submodule re-export.
357,assignment,starlette.middleware.base.RequestResponseEndpoint,"Callable[[Request], Awaitable[Response]]",,starlette/middleware/base.py,13,module source only; name not matched in docs scan,public-name candidate; not reviewed,uncertain,starlette/middleware/base.py:13;tests/middleware/test_base.py:16-18;docs/middleware.md:282-345,"This source-level callable type alias is used by middleware typing/tests, but the guide does not identify this alias as an importable public contract; keep its status unresolved."
358,source-reexport-candidate,starlette.middleware.base.Response,from starlette.responses import Response,,starlette/middleware/base.py,10,source import only,candidate only; importability is not public-status evidence,private/internal,starlette/middleware/base.py:10,This name is imported into the implementation module for internal calls or annotations; the assigned guide documents its canonical starlette.* path elsewhere and does not promise this submodule re-export.
359,source-reexport-candidate,starlette.middleware.base.Scope,from starlette.types import Scope,,starlette/middleware/base.py,11,source import only,candidate only; importability is not public-status evidence,private/internal,starlette/middleware/base.py:11,This name is imported into the implementation module for internal calls or annotations; the assigned guide documents its canonical starlette.* path elsewhere and does not promise this submodule re-export.
360,source-reexport-candidate,starlette.middleware.base.Send,from starlette.types import Send,,starlette/middleware/base.py,11,source import only,candidate only; importability is not public-status evidence,private/internal,starlette/middleware/base.py:11,This name is imported into the implementation module for internal calls or annotations; the assigned guide documents its canonical starlette.* path elsewhere and does not promise this submodule re-export.
361,assignment,starlette.middleware.base.T,"TypeVar(""T"")",,starlette/middleware/base.py,17,module source only; name not matched in docs scan,public-name candidate; not reviewed,private/internal,starlette/middleware/base.py:17,"The pinned source uses this type alias, constant, responder, or helper as middleware implementation machinery; the assigned docs do not establish it as a standalone consumer API."
362,source-reexport-candidate,starlette.middleware.base.create_collapsing_task_group,from starlette._utils import create_collapsing_task_group,,starlette/middleware/base.py,8,source import only,candidate only; importability is not public-status evidence,private/internal,starlette/middleware/base.py:8,This name is imported into the implementation module for internal calls or annotations; the assigned guide documents its canonical starlette.* path elsewhere and does not promise this submodule re-export.
363,source-reexport-candidate,starlette.middleware.body_limit.ASGIApp,from starlette.types import ASGIApp,,starlette/middleware/body_limit.py,8,source import only,candidate only; importability is not public-status evidence,private/internal,starlette/middleware/body_limit.py:8,This name is imported into the implementation module for internal calls or annotations; the assigned guide documents its canonical starlette.* path elsewhere and does not promise this submodule re-export.
364,source-reexport-candidate,starlette.middleware.body_limit.HTTPException,from starlette.exceptions import HTTPException,,starlette/middleware/body_limit.py,6,source import only,candidate only; importability is not public-status evidence,private/internal,starlette/middleware/body_limit.py:6,This name is imported into the implementation module for internal calls or annotations; the assigned guide documents its canonical starlette.* path elsewhere and does not promise this submodule re-export.
365,source-reexport-candidate,starlette.middleware.body_limit.Headers,from starlette.datastructures import Headers,,starlette/middleware/body_limit.py,5,source import only,candidate only; importability is not public-status evidence,private/internal,starlette/middleware/body_limit.py:5,This name is imported into the implementation module for internal calls or annotations; the assigned guide documents its canonical starlette.* path elsewhere and does not promise this submodule re-export.
366,assignment,starlette.middleware.body_limit.MAX_BODY_SIZE_SCOPE_KEY,"""starlette.max_body_size""",,starlette/middleware/body_limit.py,10,module source only; name not matched in docs scan,public-name candidate; not reviewed,uncertain,starlette/middleware/body_limit.py:10;tests/middleware/test_body_limit.py:11-12;tests/middleware/test_body_limit.py:174-241;starlette/routing.py:23,"The key is consumed by the body-limit implementation and tests, but docs describe max_body_size configuration rather than this scope spelling; its extension status remains unresolved."
367,source-reexport-candidate,starlette.middleware.body_limit.Message,from starlette.types import Message,,starlette/middleware/body_limit.py,8,source import only,candidate only; importability is not public-status evidence,private/internal,starlette/middleware/body_limit.py:8,This name is imported into the implementation module for internal calls or annotations; the assigned guide documents its canonical starlette.* path elsewhere and does not promise this submodule re-export.
368,source-reexport-candidate,starlette.middleware.body_limit.PlainTextResponse,from starlette.responses import PlainTextResponse,,starlette/middleware/body_limit.py,7,source import only,candidate only; importability is not public-status evidence,private/internal,starlette/middleware/body_limit.py:7,This name is imported into the implementation module for internal calls or annotations; the assigned guide documents its canonical starlette.* path elsewhere and does not promise this submodule re-export.
369,source-reexport-candidate,starlette.middleware.body_limit.Receive,from starlette.types import Receive,,starlette/middleware/body_limit.py,8,source import only,candidate only; importability is not public-status evidence,private/internal,starlette/middleware/body_limit.py:8,This name is imported into the implementation module for internal calls or annotations; the assigned guide documents its canonical starlette.* path elsewhere and does not promise this submodule re-export.
370,class,starlette.middleware.body_limit.RequestBodyLimitMiddleware,class RequestBodyLimitMiddleware:,"def __init__(self, app: ASGIApp, max_body_size: int) -> None:",starlette/middleware/body_limit.py,30,explicitly referenced in docs,documented symbol; review defaults and behavior,supported,starlette/middleware/body_limit.py:30;docs/middleware.md:211-239,The pinned guide documents this middleware class and its usage/configuration; the source declaration supplies the constructor and ASGI call contract.
371,documented-import,starlette.middleware.body_limit.RequestBodyLimitMiddleware,,,docs/middleware.md,220,explicit Python import in upstream docs,confirmed documented import path,supported,docs/middleware.md:220;starlette/middleware/body_limit.py:30,The pinned middleware guide explicitly imports this starlette.* path; the canonical source declaration confirms the documented spelling and current contract.
372,special-method,starlette.middleware.body_limit.RequestBodyLimitMiddleware.__call__,"async def __call__(self, scope: Scope, receive: Receive, send: Send) -> None:",,starlette/middleware/body_limit.py,37,class source only; method not matched in docs scan,method candidate; not reviewed,supported,starlette/middleware/body_limit.py:37;docs/middleware.md:211-239,The guide documents this middleware as an ASGI wrapper; its source call method is the runtime entry point for that documented behavior.
373,constructor,starlette.middleware.body_limit.RequestBodyLimitMiddleware.__init__,"def __init__(self, app: ASGIApp, max_body_size: int) -> None:",,starlette/middleware/body_limit.py,33,class source only; method not matched in docs scan,method candidate; not reviewed,supported,starlette/middleware/body_limit.py:33;docs/middleware.md:211-239,The guide constructs this documented middleware with this class’s public configuration shape; the source signature identifies the pinned constructor contract.
374,class,starlette.middleware.body_limit.RequestBodyLimitResponder,class RequestBodyLimitResponder:,"def __init__(self, app: ASGIApp, max_body_size: int) -> None:",starlette/middleware/body_limit.py,45,module source only; symbol not matched in docs scan,public-name candidate; not reviewed,private/internal,starlette/middleware/body_limit.py:45,"The pinned source uses this type alias, constant, responder, or helper as middleware implementation machinery; the assigned docs do not establish it as a standalone consumer API."
375,special-method,starlette.middleware.body_limit.RequestBodyLimitResponder.__call__,"async def __call__(self, scope: Scope, receive: Receive, send: Send) -> None:",,starlette/middleware/body_limit.py,71,class source only; method not matched in docs scan,method candidate; not reviewed,private/internal,starlette/middleware/body_limit.py:71,"The pinned source uses this type alias, constant, responder, or helper as middleware implementation machinery; the assigned docs do not establish it as a standalone consumer API."
376,constructor,starlette.middleware.body_limit.RequestBodyLimitResponder.__init__,"def __init__(self, app: ASGIApp, max_body_size: int) -> None:",,starlette/middleware/body_limit.py,46,class source only; method not matched in docs scan,method candidate; not reviewed,private/internal,starlette/middleware/body_limit.py:46,"The pinned source uses this type alias, constant, responder, or helper as middleware implementation machinery; the assigned docs do not establish it as a standalone consumer API."
377,public-method,starlette.middleware.body_limit.RequestBodyLimitResponder.receive,def receive(self) -> Receive:,,starlette/middleware/body_limit.py,62,class source only; method not matched in docs scan,method candidate; not reviewed,private/internal,starlette/middleware/body_limit.py:62,"The pinned source uses this type alias, constant, responder, or helper as middleware implementation machinery; the assigned docs do not establish it as a standalone consumer API."
378,public-method,starlette.middleware.body_limit.RequestBodyLimitResponder.receive_with_limit,async def receive_with_limit(self) -> Message:,,starlette/middleware/body_limit.py,104,class source only; method not matched in docs scan,method candidate; not reviewed,private/internal,starlette/middleware/body_limit.py:104,"The pinned source uses this type alias, constant, responder, or helper as middleware implementation machinery; the assigned docs do not establish it as a standalone consumer API."
379,public-method,starlette.middleware.body_limit.RequestBodyLimitResponder.scope,def scope(self) -> Scope:,,starlette/middleware/body_limit.py,57,class source only; method not matched in docs scan,method candidate; not reviewed,private/internal,starlette/middleware/body_limit.py:57,"The pinned source uses this type alias, constant, responder, or helper as middleware implementation machinery; the assigned docs do not establish it as a standalone consumer API."
380,public-method,starlette.middleware.body_limit.RequestBodyLimitResponder.send,def send(self) -> Send:,,starlette/middleware/body_limit.py,67,class source only; method not matched in docs scan,method candidate; not reviewed,private/internal,starlette/middleware/body_limit.py:67,"The pinned source uses this type alias, constant, responder, or helper as middleware implementation machinery; the assigned docs do not establish it as a standalone consumer API."
381,public-method,starlette.middleware.body_limit.RequestBodyLimitResponder.send_with_limit,"async def send_with_limit(self, message: Message) -> None:",,starlette/middleware/body_limit.py,115,class source only; method not matched in docs scan,method candidate; not reviewed,private/internal,starlette/middleware/body_limit.py:115,"The pinned source uses this type alias, constant, responder, or helper as middleware implementation machinery; the assigned docs do not establish it as a standalone consumer API."
382,source-reexport-candidate,starlette.middleware.body_limit.Scope,from starlette.types import Scope,,starlette/middleware/body_limit.py,8,source import only,candidate only; importability is not public-status evidence,private/internal,starlette/middleware/body_limit.py:8,This name is imported into the implementation module for internal calls or annotations; the assigned guide documents its canonical starlette.* path elsewhere and does not promise this submodule re-export.
383,source-reexport-candidate,starlette.middleware.body_limit.Send,from starlette.types import Send,,starlette/middleware/body_limit.py,8,source import only,candidate only; importability is not public-status evidence,private/internal,starlette/middleware/body_limit.py:8,This name is imported into the implementation module for internal calls or annotations; the assigned guide documents its canonical starlette.* path elsewhere and does not promise this submodule re-export.
384,assignment,starlette.middleware.cors.ALL_METHODS,"(""DELETE"", ""GET"", ""HEAD"", ""OPTIONS"", ""PATCH"", ""POST"", ""PUT"")",,starlette/middleware/cors.py,11,module source only; name not matched in docs scan,public-name candidate; not reviewed,private/internal,starlette/middleware/cors.py:11,"The pinned source uses this type alias, constant, responder, or helper as middleware implementation machinery; the assigned docs do not establish it as a standalone consumer API."
385,source-reexport-candidate,starlette.middleware.cors.ASGIApp,from starlette.types import ASGIApp,,starlette/middleware/cors.py,9,source import only,candidate only; importability is not public-status evidence,private/internal,starlette/middleware/cors.py:9,This name is imported into the implementation module for internal calls or annotations; the assigned guide documents its canonical starlette.* path elsewhere and does not promise this submodule re-export.
386,class,starlette.middleware.cors.CORSMiddleware,class CORSMiddleware:,"def __init__(self, app: ASGIApp, allow_origins: Sequence[str]=(), allow_methods: Sequence[str]=('GET',), allow_headers: Sequence[str]=(), allow_credentials: bool=False, allow_origin_regex: str | None=None, allow_private_network: bool=False, expose_headers: Sequence[str]=(), max_age: int=600) -> None:",starlette/middleware/cors.py,15,explicitly referenced in docs,documented symbol; review defaults and behavior,supported,starlette/middleware/cors.py:15;docs/middleware.md:50-127,The pinned guide documents this middleware class and its usage/configuration; the source declaration supplies the constructor and ASGI call contract.
387,documented-import,starlette.middleware.cors.CORSMiddleware,,,docs/middleware.md,61,explicit Python import in upstream docs,confirmed documented import path,supported,docs/middleware.md:61;starlette/middleware/cors.py:15,The pinned middleware guide explicitly imports this starlette.* path; the canonical source declaration confirms the documented spelling and current contract.
388,special-method,starlette.middleware.cors.CORSMiddleware.__call__,"async def __call__(self, scope: Scope, receive: Receive, send: Send) -> None:",,starlette/middleware/cors.py,78,class source only; method not matched in docs scan,method candidate; not reviewed,supported,starlette/middleware/cors.py:78;docs/middleware.md:50-127,The guide documents this middleware as an ASGI wrapper; its source call method is the runtime entry point for that documented behavior.
389,constructor,starlette.middleware.cors.CORSMiddleware.__init__,"def __init__(self, app: ASGIApp, allow_origins: Sequence[str]=(), allow_methods: Sequence[str]=('GET',), allow_headers: Sequence[str]=(), allow_credentials: bool=False, allow_origin_regex: str | None=None, allow_private_network: bool=False, expose_headers: Sequence[str]=(), max_age: int=600) -> None:",,starlette/middleware/cors.py,16,class source only; method not matched in docs scan,method candidate; not reviewed,supported,starlette/middleware/cors.py:16;docs/middleware.md:50-127,The guide constructs this documented middleware with this class’s public configuration shape; the source signature identifies the pinned constructor contract.
390,public-method,starlette.middleware.cors.CORSMiddleware.allow_explicit_origin,"def allow_explicit_origin(headers: MutableHeaders, origin: str) -> None:",,starlette/middleware/cors.py,177,class source only; method not matched in docs scan,method candidate; not reviewed,private/internal,starlette/middleware/cors.py:177,"The pinned source uses this type alias, constant, responder, or helper as middleware implementation machinery; the assigned docs do not establish it as a standalone consumer API."
391,public-method,starlette.middleware.cors.CORSMiddleware.is_allowed_origin,"def is_allowed_origin(self, origin: str) -> bool:",,starlette/middleware/cors.py,98,class source only; method not matched in docs scan,method candidate; not reviewed,private/internal,starlette/middleware/cors.py:98,"The pinned source uses this type alias, constant, responder, or helper as middleware implementation machinery; the assigned docs do not establish it as a standalone consumer API."
392,public-method,starlette.middleware.cors.CORSMiddleware.preflight_response,"def preflight_response(self, request_headers: Headers) -> Response:",,starlette/middleware/cors.py,107,class source only; method not matched in docs scan,method candidate; not reviewed,private/internal,starlette/middleware/cors.py:107,"The pinned source uses this type alias, constant, responder, or helper as middleware implementation machinery; the assigned docs do not establish it as a standalone consumer API."
393,public-method,starlette.middleware.cors.CORSMiddleware.send,"async def send(self, message: Message, send: Send, request_headers: Headers) -> None:",,starlette/middleware/cors.py,156,class source only; method not matched in docs scan,method candidate; not reviewed,private/internal,starlette/middleware/cors.py:156,"The pinned source uses this type alias, constant, responder, or helper as middleware implementation machinery; the assigned docs do not establish it as a standalone consumer API."
394,public-method,starlette.middleware.cors.CORSMiddleware.simple_response,"async def simple_response(self, scope: Scope, receive: Receive, send: Send, request_headers: Headers) -> None:",,starlette/middleware/cors.py,152,class source only; method not matched in docs scan,method candidate; not reviewed,private/internal,starlette/middleware/cors.py:152,"The pinned source uses this type alias, constant, responder, or helper as middleware implementation machinery; the assigned docs do not establish it as a standalone consumer API."
395,source-reexport-candidate,starlette.middleware.cors.Headers,from starlette.datastructures import Headers,,starlette/middleware/cors.py,7,source import only,candidate only; importability is not public-status evidence,private/internal,starlette/middleware/cors.py:7,This name is imported into the implementation module for internal calls or annotations; the assigned guide documents its canonical starlette.* path elsewhere and does not promise this submodule re-export.
396,source-reexport-candidate,starlette.middleware.cors.Message,from starlette.types import Message,,starlette/middleware/cors.py,9,source import only,candidate only; importability is not public-status evidence,private/internal,starlette/middleware/cors.py:9,This name is imported into the implementation module for internal calls or annotations; the assigned guide documents its canonical starlette.* path elsewhere and does not promise this submodule re-export.
397,source-reexport-candidate,starlette.middleware.cors.MutableHeaders,from starlette.datastructures import MutableHeaders,,starlette/middleware/cors.py,7,source import only,candidate only; importability is not public-status evidence,private/internal,starlette/middleware/cors.py:7,This name is imported into the implementation module for internal calls or annotations; the assigned guide documents its canonical starlette.* path elsewhere and does not promise this submodule re-export.
398,source-reexport-candidate,starlette.middleware.cors.PlainTextResponse,from starlette.responses import PlainTextResponse,,starlette/middleware/cors.py,8,source import only,candidate only; importability is not public-status evidence,private/internal,starlette/middleware/cors.py:8,This name is imported into the implementation module for internal calls or annotations; the assigned guide documents its canonical starlette.* path elsewhere and does not promise this submodule re-export.
399,source-reexport-candidate,starlette.middleware.cors.Receive,from starlette.types import Receive,,starlette/middleware/cors.py,9,source import only,candidate only; importability is not public-status evidence,private/internal,starlette/middleware/cors.py:9,This name is imported into the implementation module for internal calls or annotations; the assigned guide documents its canonical starlette.* path elsewhere and does not promise this submodule re-export.
400,source-reexport-candidate,starlette.middleware.cors.Response,from starlette.responses import Response,,starlette/middleware/cors.py,8,source import only,candidate only; importability is not public-status evidence,private/internal,starlette/middleware/cors.py:8,This name is imported into the implementation module for internal calls or annotations; the assigned guide documents its canonical starlette.* path elsewhere and does not promise this submodule re-export.
401,assignment,starlette.middleware.cors.SAFELISTED_HEADERS,"{""Accept"", ""Accept-Language"", ""Content-Language"", ""Content-Type""}",,starlette/middleware/cors.py,12,module source only; name not matched in docs scan,public-name candidate; not reviewed,private/internal,starlette/middleware/cors.py:12,"The pinned source uses this type alias, constant, responder, or helper as middleware implementation machinery; the assigned docs do not establish it as a standalone consumer API."
402,source-reexport-candidate,starlette.middleware.cors.Scope,from starlette.types import Scope,,starlette/middleware/cors.py,9,source import only,candidate only; importability is not public-status evidence,private/internal,starlette/middleware/cors.py:9,This name is imported into the implementation module for internal calls or annotations; the assigned guide documents its canonical starlette.* path elsewhere and does not promise this submodule re-export.
403,source-reexport-candidate,starlette.middleware.cors.Send,from starlette.types import Send,,starlette/middleware/cors.py,9,source import only,candidate only; importability is not public-status evidence,private/internal,starlette/middleware/cors.py:9,This name is imported into the implementation module for internal calls or annotations; the assigned guide documents its canonical starlette.* path elsewhere and does not promise this submodule re-export.
404,source-reexport-candidate,starlette.middleware.errors.ASGIApp,from starlette.types import ASGIApp,,starlette/middleware/errors.py,12,source import only,candidate only; importability is not public-status evidence,private/internal,starlette/middleware/errors.py:12,This name is imported into the implementation module for internal calls or annotations; the assigned guide documents its canonical starlette.* path elsewhere and does not promise this submodule re-export.
405,assignment,starlette.middleware.errors.CENTER_LINE,"""""""
<p class=""center-line""><span class=""frame-line center-line"">
<span class=""lineno"">{lineno}.</span> {line}</span></p>
""""""",,starlette/middleware/errors.py,121,module source only; name not matched in docs scan,public-name candidate; not reviewed,private/internal,starlette/middleware/errors.py:121,"The pinned source uses this type alias, constant, responder, or helper as middleware implementation machinery; the assigned docs do not establish it as a standalone consumer API."
406,source-reexport-candidate,starlette.middleware.errors.ExceptionHandler,from starlette.types import ExceptionHandler,,starlette/middleware/errors.py,12,source import only,candidate only; importability is not public-status evidence,private/internal,starlette/middleware/errors.py:12,This name is imported into the implementation module for internal calls or annotations; the assigned guide documents its canonical starlette.* path elsewhere and does not promise this submodule re-export.
407,assignment,starlette.middleware.errors.FRAME_TEMPLATE,"""""""
<div>
    <p class=""frame-title"">File <span class=""frame-filename"">{frame_filename}</span>,
    line <i>{frame_lineno}</i>,
    in <b>{frame_name}</b>
    <span class=""collapse-btn"" data-frame-id=""{frame_filename}-{frame_lineno}"" onclick=""collapse(this)"">{collapse_button}</span>
    </p>
    <div id=""{frame_filename}-{frame_lineno}"" class=""source-code {collapsed}"">{code_context}</div>
</div>
""""""",,starlette/middleware/errors.py,105,module source only; name not matched in docs scan,public-name candidate; not reviewed,private/internal,starlette/middleware/errors.py:105,"The pinned source uses this type alias, constant, responder, or helper as middleware implementation machinery; the assigned docs do not establish it as a standalone consumer API."
408,source-reexport-candidate,starlette.middleware.errors.HTMLResponse,from starlette.responses import HTMLResponse,,starlette/middleware/errors.py,11,source import only,candidate only; importability is not public-status evidence,private/internal,starlette/middleware/errors.py:11,This name is imported into the implementation module for internal calls or annotations; the assigned guide documents its canonical starlette.* path elsewhere and does not promise this submodule re-export.
409,assignment,starlette.middleware.errors.JS,"""""""
<script type=""text/javascript"">
    function collapse(element){
        const frameId = element.getAttribute(""data-frame-id"");
        const frame = document.getElementById(frameId);

        if (frame.classList.contains(""collapsed"")){
            element.innerHTML = ""&#8210;"";
            frame.classList.remove(""collapsed"");
        } else {
            element.innerHTML = ""+"";
            frame.classList.add(""collapsed"");
        }
    }
</script>
""""""",,starlette/middleware/errors.py,68,module source only; name not matched in docs scan,public-name candidate; not reviewed,private/internal,starlette/middleware/errors.py:68,"The pinned source uses this type alias, constant, responder, or helper as middleware implementation machinery; the assigned docs do not establish it as a standalone consumer API."
410,assignment,starlette.middleware.errors.LINE,"""""""
<p><span class=""frame-line"">
<span class=""lineno"">{lineno}.</span> {line}</span></p>
""""""",,starlette/middleware/errors.py,116,module source only; name not matched in docs scan,public-name candidate; not reviewed,private/internal,starlette/middleware/errors.py:116,"The pinned source uses this type alias, constant, responder, or helper as middleware implementation machinery; the assigned docs do not establish it as a standalone consumer API."
411,source-reexport-candidate,starlette.middleware.errors.Message,from starlette.types import Message,,starlette/middleware/errors.py,12,source import only,candidate only; importability is not public-status evidence,private/internal,starlette/middleware/errors.py:12,This name is imported into the implementation module for internal calls or annotations; the assigned guide documents its canonical starlette.* path elsewhere and does not promise this submodule re-export.
412,source-reexport-candidate,starlette.middleware.errors.PlainTextResponse,from starlette.responses import PlainTextResponse,,starlette/middleware/errors.py,11,source import only,candidate only; importability is not public-status evidence,private/internal,starlette/middleware/errors.py:11,This name is imported into the implementation module for internal calls or annotations; the assigned guide documents its canonical starlette.* path elsewhere and does not promise this submodule re-export.
413,source-reexport-candidate,starlette.middleware.errors.Receive,from starlette.types import Receive,,starlette/middleware/errors.py,12,source import only,candidate only; importability is not public-status evidence,private/internal,starlette/middleware/errors.py:12,This name is imported into the implementation module for internal calls or annotations; the assigned guide documents its canonical starlette.* path elsewhere and does not promise this submodule re-export.
414,source-reexport-candidate,starlette.middleware.errors.Request,from starlette.requests import Request,,starlette/middleware/errors.py,10,source import only,candidate only; importability is not public-status evidence,private/internal,starlette/middleware/errors.py:10,This name is imported into the implementation module for internal calls or annotations; the assigned guide documents its canonical starlette.* path elsewhere and does not promise this submodule re-export.
415,source-reexport-candidate,starlette.middleware.errors.Response,from starlette.responses import Response,,starlette/middleware/errors.py,11,source import only,candidate only; importability is not public-status evidence,private/internal,starlette/middleware/errors.py:11,This name is imported into the implementation module for internal calls or annotations; the assigned guide documents its canonical starlette.* path elsewhere and does not promise this submodule re-export.
416,assignment,starlette.middleware.errors.STYLES,"""""""
p {
    color: #211c1c;
}
.traceback-container {
    border: 1px solid #038BB8;
}
.traceback-title {
    background-color: #038BB8;
    color: lemonchiffon;
    padding: 12px;
    font-size: 20px;
    margin-top: 0px;
}
.frame-line {
    padding-left: 10px;
    font-family: monospace;
}
.frame-filename {
    font-family: monospace;
}
.center-line {
    background-color: #038BB8;
    color: #f9f6e1;
    padding: 5px 0px 5px 5px;
}
.lineno {
    margin-right: 5px;
}
.frame-title {
    font-weight: unset;
    padding: 10px 10px 10px 10px;
    background-color: #E4F4FD;
    margin-right: 10px;
    color: #191f21;
    font-size: 17px;
    border: 1px solid #c7dce8;
}
.collapse-btn {
    float: right;
    padding: 0px 5px 1px 5px;
    border: solid 1px #96aebb;
    cursor: pointer;
}
.collapsed {
  display: none;
}
.source-code {
  font-family: courier;
  font-size: small;
  padding-bottom: 10px;
}
""""""",,starlette/middleware/errors.py,14,module source only; name not matched in docs scan,public-name candidate; not reviewed,private/internal,starlette/middleware/errors.py:14,"The pinned source uses this type alias, constant, responder, or helper as middleware implementation machinery; the assigned docs do not establish it as a standalone consumer API."
417,source-reexport-candidate,starlette.middleware.errors.Scope,from starlette.types import Scope,,starlette/middleware/errors.py,12,source import only,candidate only; importability is not public-status evidence,private/internal,starlette/middleware/errors.py:12,This name is imported into the implementation module for internal calls or annotations; the assigned guide documents its canonical starlette.* path elsewhere and does not promise this submodule re-export.
418,source-reexport-candidate,starlette.middleware.errors.Send,from starlette.types import Send,,starlette/middleware/errors.py,12,source import only,candidate only; importability is not public-status evidence,private/internal,starlette/middleware/errors.py:12,This name is imported into the implementation module for internal calls or annotations; the assigned guide documents its canonical starlette.* path elsewhere and does not promise this submodule re-export.
419,class,starlette.middleware.errors.ServerErrorMiddleware,class ServerErrorMiddleware:,"def __init__(self, app: ASGIApp, handler: ExceptionHandler | None=None, debug: bool=False) -> None:",starlette/middleware/errors.py,127,module source only; symbol not matched in docs scan,public-name candidate; not reviewed,supported,starlette/middleware/errors.py:127;docs/middleware.md:32-46;docs/exceptions.md:107-120,The pinned guide documents this middleware class and its usage/configuration; the source declaration supplies the constructor and ASGI call contract.
420,special-method,starlette.middleware.errors.ServerErrorMiddleware.__call__,"async def __call__(self, scope: Scope, receive: Receive, send: Send) -> None:",,starlette/middleware/errors.py,149,class source only; method not matched in docs scan,method candidate; not reviewed,supported,starlette/middleware/errors.py:149;docs/middleware.md:32-46;docs/exceptions.md:107-120,The guide documents this middleware as an ASGI wrapper; its source call method is the runtime entry point for that documented behavior.
421,constructor,starlette.middleware.errors.ServerErrorMiddleware.__init__,"def __init__(self, app: ASGIApp, handler: ExceptionHandler | None=None, debug: bool=False) -> None:",,starlette/middleware/errors.py,139,class source only; method not matched in docs scan,method candidate; not reviewed,supported,starlette/middleware/errors.py:139;docs/middleware.md:32-46;docs/exceptions.md:107-120,The guide constructs this documented middleware with this class’s public configuration shape; the source signature identifies the pinned constructor contract.
422,public-method,starlette.middleware.errors.ServerErrorMiddleware.debug_response,"def debug_response(self, request: Request, exc: Exception) -> Response:",,starlette/middleware/errors.py,249,class source only; method not matched in docs scan,method candidate; not reviewed,private/internal,starlette/middleware/errors.py:249,"The pinned source uses this type alias, constant, responder, or helper as middleware implementation machinery; the assigned docs do not establish it as a standalone consumer API."
423,public-method,starlette.middleware.errors.ServerErrorMiddleware.error_response,"def error_response(self, request: Request, exc: Exception) -> Response:",,starlette/middleware/errors.py,258,class source only; method not matched in docs scan,method candidate; not reviewed,private/internal,starlette/middleware/errors.py:258,"The pinned source uses this type alias, constant, responder, or helper as middleware implementation machinery; the assigned docs do not establish it as a standalone consumer API."
424,public-method,starlette.middleware.errors.ServerErrorMiddleware.format_line,"def format_line(self, index: int, line: str, frame_lineno: int, frame_index: int) -> str:",,starlette/middleware/errors.py,188,class source only; method not matched in docs scan,method candidate; not reviewed,private/internal,starlette/middleware/errors.py:188,"The pinned source uses this type alias, constant, responder, or helper as middleware implementation machinery; the assigned docs do not establish it as a standalone consumer API."
425,public-method,starlette.middleware.errors.ServerErrorMiddleware.generate_frame_html,"def generate_frame_html(self, frame: inspect.FrameInfo, is_collapsed: bool) -> str:",,starlette/middleware/errors.py,199,class source only; method not matched in docs scan,method candidate; not reviewed,private/internal,starlette/middleware/errors.py:199,"The pinned source uses this type alias, constant, responder, or helper as middleware implementation machinery; the assigned docs do not establish it as a standalone consumer API."
426,public-method,starlette.middleware.errors.ServerErrorMiddleware.generate_html,"def generate_html(self, exc: Exception, limit: int=7) -> str:",,starlette/middleware/errors.py,224,class source only; method not matched in docs scan,method candidate; not reviewed,private/internal,starlette/middleware/errors.py:224,"The pinned source uses this type alias, constant, responder, or helper as middleware implementation machinery; the assigned docs do not establish it as a standalone consumer API."
427,public-method,starlette.middleware.errors.ServerErrorMiddleware.generate_plain_text,"def generate_plain_text(self, exc: Exception) -> str:",,starlette/middleware/errors.py,246,class source only; method not matched in docs scan,method candidate; not reviewed,private/internal,starlette/middleware/errors.py:246,"The pinned source uses this type alias, constant, responder, or helper as middleware implementation machinery; the assigned docs do not establish it as a standalone consumer API."
428,assignment,starlette.middleware.errors.TEMPLATE,"""""""
<html>
    <head>
        <style type='text/css'>
            {styles}
        </style>
        <title>Starlette Debugger</title>
    </head>
    <body>
        <h1>500 Server Error</h1>
        <h2>{error}</h2>
        <div class=""traceback-container"">
            <p class=""traceback-title"">Traceback</p>
            <div>{exc_html}</div>
        </div>
        {js}
    </body>
</html>
""""""",,starlette/middleware/errors.py,85,module source only; name not matched in docs scan,public-name candidate; not reviewed,private/internal,starlette/middleware/errors.py:85,"The pinned source uses this type alias, constant, responder, or helper as middleware implementation machinery; the assigned docs do not establish it as a standalone consumer API."
429,source-reexport-candidate,starlette.middleware.errors.is_async_callable,from starlette._utils import is_async_callable,,starlette/middleware/errors.py,8,source import only,candidate only; importability is not public-status evidence,private/internal,starlette/middleware/errors.py:8,This name is imported into the implementation module for internal calls or annotations; the assigned guide documents its canonical starlette.* path elsewhere and does not promise this submodule re-export.
430,source-reexport-candidate,starlette.middleware.errors.run_in_threadpool,from starlette.concurrency import run_in_threadpool,,starlette/middleware/errors.py,9,source import only,candidate only; importability is not public-status evidence,private/internal,starlette/middleware/errors.py:9,This name is imported into the implementation module for internal calls or annotations; the assigned guide documents its canonical starlette.* path elsewhere and does not promise this submodule re-export.
431,source-reexport-candidate,starlette.middleware.exceptions.ASGIApp,from starlette.types import ASGIApp,,starlette/middleware/exceptions.py,14,source import only,candidate only; importability is not public-status evidence,private/internal,starlette/middleware/exceptions.py:14,This name is imported into the implementation module for internal calls or annotations; the assigned guide documents its canonical starlette.* path elsewhere and does not promise this submodule re-export.
432,source-reexport-candidate,starlette.middleware.exceptions.ExceptionHandler,from starlette.types import ExceptionHandler,,starlette/middleware/exceptions.py,14,source import only,candidate only; importability is not public-status evidence,private/internal,starlette/middleware/exceptions.py:14,This name is imported into the implementation module for internal calls or annotations; the assigned guide documents its canonical starlette.* path elsewhere and does not promise this submodule re-export.
433,source-reexport-candidate,starlette.middleware.exceptions.ExceptionHandlers,from starlette._exception_handler import ExceptionHandlers,,starlette/middleware/exceptions.py,6,source import only,candidate only; importability is not public-status evidence,private/internal,starlette/middleware/exceptions.py:6,This name is imported into the implementation module for internal calls or annotations; the assigned guide documents its canonical starlette.* path elsewhere and does not promise this submodule re-export.
434,class,starlette.middleware.exceptions.ExceptionMiddleware,class ExceptionMiddleware:,"def __init__(self, app: ASGIApp, handlers: Mapping[Any, ExceptionHandler] | None=None, debug: bool=False) -> None:",starlette/middleware/exceptions.py,18,module source only; symbol not matched in docs scan,public-name candidate; not reviewed,supported,starlette/middleware/exceptions.py:18;docs/middleware.md:32-46;docs/exceptions.md:107-120,The pinned guide documents this middleware class and its usage/configuration; the source declaration supplies the constructor and ASGI call contract.
435,special-method,starlette.middleware.exceptions.ExceptionMiddleware.__call__,"async def __call__(self, scope: Scope, receive: Receive, send: Send) -> None:",,starlette/middleware/exceptions.py,47,class source only; method not matched in docs scan,method candidate; not reviewed,supported,starlette/middleware/exceptions.py:47;docs/middleware.md:32-46;docs/exceptions.md:107-120,The guide documents this middleware as an ASGI wrapper; its source call method is the runtime entry point for that documented behavior.
436,constructor,starlette.middleware.exceptions.ExceptionMiddleware.__init__,"def __init__(self, app: ASGIApp, handlers: Mapping[Any, ExceptionHandler] | None=None, debug: bool=False) -> None:",,starlette/middleware/exceptions.py,19,class source only; method not matched in docs scan,method candidate; not reviewed,supported,starlette/middleware/exceptions.py:19;docs/middleware.md:32-46;docs/exceptions.md:107-120,The guide constructs this documented middleware with this class’s public configuration shape; the source signature identifies the pinned constructor contract.
437,public-method,starlette.middleware.exceptions.ExceptionMiddleware.add_exception_handler,"def add_exception_handler(self, exc_class_or_status_code: int | type[Exception], handler: ExceptionHandler) -> None:",,starlette/middleware/exceptions.py,36,class source only; method not matched in docs scan,method candidate; not reviewed,private/internal,starlette/middleware/exceptions.py:36,"The pinned source uses this type alias, constant, responder, or helper as middleware implementation machinery; the assigned docs do not establish it as a standalone consumer API."
438,public-method,starlette.middleware.exceptions.ExceptionMiddleware.http_exception,"async def http_exception(self, request: Request, exc: Exception) -> Response:",,starlette/middleware/exceptions.py,65,class source only; method not matched in docs scan,method candidate; not reviewed,private/internal,starlette/middleware/exceptions.py:65,"The pinned source uses this type alias, constant, responder, or helper as middleware implementation machinery; the assigned docs do not establish it as a standalone consumer API."
439,public-method,starlette.middleware.exceptions.ExceptionMiddleware.websocket_exception,"async def websocket_exception(self, websocket: WebSocket, exc: Exception) -> None:",,starlette/middleware/exceptions.py,71,class source only; method not matched in docs scan,method candidate; not reviewed,private/internal,starlette/middleware/exceptions.py:71,"The pinned source uses this type alias, constant, responder, or helper as middleware implementation machinery; the assigned docs do not establish it as a standalone consumer API."
440,source-reexport-candidate,starlette.middleware.exceptions.HTTPException,from starlette.exceptions import HTTPException,,starlette/middleware/exceptions.py,11,source import only,candidate only; importability is not public-status evidence,private/internal,starlette/middleware/exceptions.py:11,This name is imported into the implementation module for internal calls or annotations; the assigned guide documents its canonical starlette.* path elsewhere and does not promise this submodule re-export.
441,source-reexport-candidate,starlette.middleware.exceptions.PlainTextResponse,from starlette.responses import PlainTextResponse,,starlette/middleware/exceptions.py,13,source import only,candidate only; importability is not public-status evidence,private/internal,starlette/middleware/exceptions.py:13,This name is imported into the implementation module for internal calls or annotations; the assigned guide documents its canonical starlette.* path elsewhere and does not promise this submodule re-export.
442,source-reexport-candidate,starlette.middleware.exceptions.Receive,from starlette.types import Receive,,starlette/middleware/exceptions.py,14,source import only,candidate only; importability is not public-status evidence,private/internal,starlette/middleware/exceptions.py:14,This name is imported into the implementation module for internal calls or annotations; the assigned guide documents its canonical starlette.* path elsewhere and does not promise this submodule re-export.
443,source-reexport-candidate,starlette.middleware.exceptions.Request,from starlette.requests import Request,,starlette/middleware/exceptions.py,12,source import only,candidate only; importability is not public-status evidence,private/internal,starlette/middleware/exceptions.py:12,This name is imported into the implementation module for internal calls or annotations; the assigned guide documents its canonical starlette.* path elsewhere and does not promise this submodule re-export.
444,source-reexport-candidate,starlette.middleware.exceptions.Response,from starlette.responses import Response,,starlette/middleware/exceptions.py,13,source import only,candidate only; importability is not public-status evidence,private/internal,starlette/middleware/exceptions.py:13,This name is imported into the implementation module for internal calls or annotations; the assigned guide documents its canonical starlette.* path elsewhere and does not promise this submodule re-export.
445,source-reexport-candidate,starlette.middleware.exceptions.Scope,from starlette.types import Scope,,starlette/middleware/exceptions.py,14,source import only,candidate only; importability is not public-status evidence,private/internal,starlette/middleware/exceptions.py:14,This name is imported into the implementation module for internal calls or annotations; the assigned guide documents its canonical starlette.* path elsewhere and does not promise this submodule re-export.
446,source-reexport-candidate,starlette.middleware.exceptions.Send,from starlette.types import Send,,starlette/middleware/exceptions.py,14,source import only,candidate only; importability is not public-status evidence,private/internal,starlette/middleware/exceptions.py:14,This name is imported into the implementation module for internal calls or annotations; the assigned guide documents its canonical starlette.* path elsewhere and does not promise this submodule re-export.
447,source-reexport-candidate,starlette.middleware.exceptions.StatusHandlers,from starlette._exception_handler import StatusHandlers,,starlette/middleware/exceptions.py,6,source import only,candidate only; importability is not public-status evidence,private/internal,starlette/middleware/exceptions.py:6,This name is imported into the implementation module for internal calls or annotations; the assigned guide documents its canonical starlette.* path elsewhere and does not promise this submodule re-export.
448,source-reexport-candidate,starlette.middleware.exceptions.WebSocket,from starlette.websockets import WebSocket,,starlette/middleware/exceptions.py,15,source import only,candidate only; importability is not public-status evidence,private/internal,starlette/middleware/exceptions.py:15,This name is imported into the implementation module for internal calls or annotations; the assigned guide documents its canonical starlette.* path elsewhere and does not promise this submodule re-export.
449,source-reexport-candidate,starlette.middleware.exceptions.WebSocketException,from starlette.exceptions import WebSocketException,,starlette/middleware/exceptions.py,11,source import only,candidate only; importability is not public-status evidence,private/internal,starlette/middleware/exceptions.py:11,This name is imported into the implementation module for internal calls or annotations; the assigned guide documents its canonical starlette.* path elsewhere and does not promise this submodule re-export.
450,source-reexport-candidate,starlette.middleware.exceptions.wrap_app_handling_exceptions,from starlette._exception_handler import wrap_app_handling_exceptions,,starlette/middleware/exceptions.py,6,source import only,candidate only; importability is not public-status evidence,private/internal,starlette/middleware/exceptions.py:6,This name is imported into the implementation module for internal calls or annotations; the assigned guide documents its canonical starlette.* path elsewhere and does not promise this submodule re-export.
451,source-reexport-candidate,starlette.middleware.gzip.ASGIApp,from starlette.types import ASGIApp,,starlette/middleware/gzip.py,10,source import only,candidate only; importability is not public-status evidence,private/internal,starlette/middleware/gzip.py:10,This name is imported into the implementation module for internal calls or annotations; the assigned guide documents its canonical starlette.* path elsewhere and does not promise this submodule re-export.
452,assignment,starlette.middleware.gzip.DEFAULT_EXCLUDED_CONTENT_TYPES,"(
    ""application/gzip"",
    ""application/x-gzip"",
    ""application/zip"",
    ""audio/*"",
    ""font/woff"",
    ""font/woff2"",
    ""image/avif"",
    ""image/gif"",
    ""image/jpeg"",
    ""image/png"",
    ""image/webp"",
    ""text/event-stream"",
    ""video/*"",
)",,starlette/middleware/gzip.py,13,module source only; name not matched in docs scan,public-name candidate; not reviewed,supported,starlette/middleware/gzip.py:13,The guide documents this middleware as an ASGI wrapper; its source call method is the runtime entry point for that documented behavior.
453,class,starlette.middleware.gzip.GZipMiddleware,class GZipMiddleware:,"def __init__(self, app: ASGIApp, minimum_size: int=500, compresslevel: int=9, thread_minimum_size: int=128 * 1024, *, exclude_content_types: tuple[str, ...]=DEFAULT_EXCLUDED_CONTENT_TYPES) -> None:",starlette/middleware/gzip.py,44,explicitly referenced in docs,documented symbol; review defaults and behavior,supported,starlette/middleware/gzip.py:44;docs/middleware.md:241-280,The pinned guide documents this middleware class and its usage/configuration; the source declaration supplies the constructor and ASGI call contract.
454,documented-import,starlette.middleware.gzip.GZipMiddleware,,,docs/middleware.md,257,explicit Python import in upstream docs,confirmed documented import path,supported,docs/middleware.md:257;starlette/middleware/gzip.py:44,The pinned middleware guide explicitly imports this starlette.* path; the canonical source declaration confirms the documented spelling and current contract.
455,special-method,starlette.middleware.gzip.GZipMiddleware.__call__,"async def __call__(self, scope: Scope, receive: Receive, send: Send) -> None:",,starlette/middleware/gzip.py,60,class source only; method not matched in docs scan,method candidate; not reviewed,supported,starlette/middleware/gzip.py:60;docs/middleware.md:241-280,The guide documents this middleware as an ASGI wrapper; its source call method is the runtime entry point for that documented behavior.
456,constructor,starlette.middleware.gzip.GZipMiddleware.__init__,"def __init__(self, app: ASGIApp, minimum_size: int=500, compresslevel: int=9, thread_minimum_size: int=128 * 1024, *, exclude_content_types: tuple[str, ...]=DEFAULT_EXCLUDED_CONTENT_TYPES) -> None:",,starlette/middleware/gzip.py,45,class source only; method not matched in docs scan,method candidate; not reviewed,supported,starlette/middleware/gzip.py:45;docs/middleware.md:241-280,The guide constructs this documented middleware with this class’s public configuration shape; the source signature identifies the pinned constructor contract.
457,class,starlette.middleware.gzip.GZipResponder,class GZipResponder(IdentityResponder):,"def __init__(self, app: ASGIApp, minimum_size: int, compresslevel: int=9, *, thread_minimum_size: int=128 * 1024, exclude_content_types: tuple[str, ...]=DEFAULT_EXCLUDED_CONTENT_TYPES) -> None:",starlette/middleware/gzip.py,180,module source only; symbol not matched in docs scan,public-name candidate; not reviewed,private/internal,starlette/middleware/gzip.py:180,"The pinned source uses this type alias, constant, responder, or helper as middleware implementation machinery; the assigned docs do not establish it as a standalone consumer API."
458,constructor,starlette.middleware.gzip.GZipResponder.__init__,"def __init__(self, app: ASGIApp, minimum_size: int, compresslevel: int=9, *, thread_minimum_size: int=128 * 1024, exclude_content_types: tuple[str, ...]=DEFAULT_EXCLUDED_CONTENT_TYPES) -> None:",,starlette/middleware/gzip.py,183,class source only; method not matched in docs scan,method candidate; not reviewed,private/internal,starlette/middleware/gzip.py:183,"The pinned source uses this type alias, constant, responder, or helper as middleware implementation machinery; the assigned docs do not establish it as a standalone consumer API."
459,public-method,starlette.middleware.gzip.GZipResponder.apply_compression,"async def apply_compression(self, body: bytes, *, more_body: bool) -> bytes:",,starlette/middleware/gzip.py,204,class source only; method not matched in docs scan,method candidate; not reviewed,private/internal,starlette/middleware/gzip.py:204,"The pinned source uses this type alias, constant, responder, or helper as middleware implementation machinery; the assigned docs do not establish it as a standalone consumer API."
460,public-method,starlette.middleware.gzip.GZipResponder.compressor,def compressor(self) -> zlib._Compress:,,starlette/middleware/gzip.py,199,class source only; method not matched in docs scan,method candidate; not reviewed,private/internal,starlette/middleware/gzip.py:199,"The pinned source uses this type alias, constant, responder, or helper as middleware implementation machinery; the assigned docs do not establish it as a standalone consumer API."
461,source-reexport-candidate,starlette.middleware.gzip.Headers,from starlette.datastructures import Headers,,starlette/middleware/gzip.py,9,source import only,candidate only; importability is not public-status evidence,private/internal,starlette/middleware/gzip.py:9,This name is imported into the implementation module for internal calls or annotations; the assigned guide documents its canonical starlette.* path elsewhere and does not promise this submodule re-export.
462,class,starlette.middleware.gzip.IdentityResponder,class IdentityResponder:,"def __init__(self, app: ASGIApp, minimum_size: int, *, exclude_content_types: tuple[str, ...]=DEFAULT_EXCLUDED_CONTENT_TYPES) -> None:",starlette/middleware/gzip.py,81,module source only; symbol not matched in docs scan,public-name candidate; not reviewed,private/internal,starlette/middleware/gzip.py:81,"The pinned source uses this type alias, constant, responder, or helper as middleware implementation machinery; the assigned docs do not establish it as a standalone consumer API."
463,special-method,starlette.middleware.gzip.IdentityResponder.__call__,"async def __call__(self, scope: Scope, receive: Receive, send: Send) -> None:",,starlette/middleware/gzip.py,101,class source only; method not matched in docs scan,method candidate; not reviewed,private/internal,starlette/middleware/gzip.py:101,"The pinned source uses this type alias, constant, responder, or helper as middleware implementation machinery; the assigned docs do not establish it as a standalone consumer API."
464,constructor,starlette.middleware.gzip.IdentityResponder.__init__,"def __init__(self, app: ASGIApp, minimum_size: int, *, exclude_content_types: tuple[str, ...]=DEFAULT_EXCLUDED_CONTENT_TYPES) -> None:",,starlette/middleware/gzip.py,84,class source only; method not matched in docs scan,method candidate; not reviewed,private/internal,starlette/middleware/gzip.py:84,"The pinned source uses this type alias, constant, responder, or helper as middleware implementation machinery; the assigned docs do not establish it as a standalone consumer API."
465,public-method,starlette.middleware.gzip.IdentityResponder.apply_compression,"async def apply_compression(self, body: bytes, *, more_body: bool) -> bytes:",,starlette/middleware/gzip.py,171,class source only; method not matched in docs scan,method candidate; not reviewed,private/internal,starlette/middleware/gzip.py:171,"The pinned source uses this type alias, constant, responder, or helper as middleware implementation machinery; the assigned docs do not establish it as a standalone consumer API."
466,public-method,starlette.middleware.gzip.IdentityResponder.send_with_compression,"async def send_with_compression(self, message: Message) -> None:",,starlette/middleware/gzip.py,105,class source only; method not matched in docs scan,method candidate; not reviewed,private/internal,starlette/middleware/gzip.py:105,"The pinned source uses this type alias, constant, responder, or helper as middleware implementation machinery; the assigned docs do not establish it as a standalone consumer API."
467,source-reexport-candidate,starlette.middleware.gzip.Message,from starlette.types import Message,,starlette/middleware/gzip.py,10,source import only,candidate only; importability is not public-status evidence,private/internal,starlette/middleware/gzip.py:10,This name is imported into the implementation module for internal calls or annotations; the assigned guide documents its canonical starlette.* path elsewhere and does not promise this submodule re-export.
468,source-reexport-candidate,starlette.middleware.gzip.MutableHeaders,from starlette.datastructures import MutableHeaders,,starlette/middleware/gzip.py,9,source import only,candidate only; importability is not public-status evidence,private/internal,starlette/middleware/gzip.py:9,This name is imported into the implementation module for internal calls or annotations; the assigned guide documents its canonical starlette.* path elsewhere and does not promise this submodule re-export.
469,source-reexport-candidate,starlette.middleware.gzip.Receive,from starlette.types import Receive,,starlette/middleware/gzip.py,10,source import only,candidate only; importability is not public-status evidence,private/internal,starlette/middleware/gzip.py:10,This name is imported into the implementation module for internal calls or annotations; the assigned guide documents its canonical starlette.* path elsewhere and does not promise this submodule re-export.
470,source-reexport-candidate,starlette.middleware.gzip.Scope,from starlette.types import Scope,,starlette/middleware/gzip.py,10,source import only,candidate only; importability is not public-status evidence,private/internal,starlette/middleware/gzip.py:10,This name is imported into the implementation module for internal calls or annotations; the assigned guide documents its canonical starlette.* path elsewhere and does not promise this submodule re-export.
471,source-reexport-candidate,starlette.middleware.gzip.Send,from starlette.types import Send,,starlette/middleware/gzip.py,10,source import only,candidate only; importability is not public-status evidence,private/internal,starlette/middleware/gzip.py:10,This name is imported into the implementation module for internal calls or annotations; the assigned guide documents its canonical starlette.* path elsewhere and does not promise this submodule re-export.
472,function,starlette.middleware.gzip.unattached_send,async def unattached_send(message: Message) -> NoReturn:,,starlette/middleware/gzip.py,217,module source only; symbol not matched in docs scan,public-name candidate; not reviewed,private/internal,starlette/middleware/gzip.py:217,"The pinned source uses this type alias, constant, responder, or helper as middleware implementation machinery; the assigned docs do not establish it as a standalone consumer API."
473,source-reexport-candidate,starlette.middleware.httpsredirect.ASGIApp,from starlette.types import ASGIApp,,starlette/middleware/httpsredirect.py,3,source import only,candidate only; importability is not public-status evidence,private/internal,starlette/middleware/httpsredirect.py:3,This name is imported into the implementation module for internal calls or annotations; the assigned guide documents its canonical starlette.* path elsewhere and does not promise this submodule re-export.
474,class,starlette.middleware.httpsredirect.HTTPSRedirectMiddleware,class HTTPSRedirectMiddleware:,"def __init__(self, app: ASGIApp) -> None:",starlette/middleware/httpsredirect.py,6,explicitly referenced in docs,documented symbol; review defaults and behavior,supported,starlette/middleware/httpsredirect.py:6;docs/middleware.md:162-181,The pinned guide documents this middleware class and its usage/configuration; the source declaration supplies the constructor and ASGI call contract.
475,documented-import,starlette.middleware.httpsredirect.HTTPSRedirectMiddleware,,,docs/middleware.md,14,explicit Python import in upstream docs,confirmed documented import path,supported,docs/middleware.md:14;starlette/middleware/httpsredirect.py:6,The pinned middleware guide explicitly imports this starlette.* path; the canonical source declaration confirms the documented spelling and current contract.
476,special-method,starlette.middleware.httpsredirect.HTTPSRedirectMiddleware.__call__,"async def __call__(self, scope: Scope, receive: Receive, send: Send) -> None:",,starlette/middleware/httpsredirect.py,10,class source only; method not matched in docs scan,method candidate; not reviewed,supported,starlette/middleware/httpsredirect.py:10;docs/middleware.md:162-181,The guide documents this middleware as an ASGI wrapper; its source call method is the runtime entry point for that documented behavior.
477,constructor,starlette.middleware.httpsredirect.HTTPSRedirectMiddleware.__init__,"def __init__(self, app: ASGIApp) -> None:",,starlette/middleware/httpsredirect.py,7,class source only; method not matched in docs scan,method candidate; not reviewed,supported,starlette/middleware/httpsredirect.py:7;docs/middleware.md:162-181,The guide constructs this documented middleware with this class’s public configuration shape; the source signature identifies the pinned constructor contract.
478,source-reexport-candidate,starlette.middleware.httpsredirect.Receive,from starlette.types import Receive,,starlette/middleware/httpsredirect.py,3,source import only,candidate only; importability is not public-status evidence,private/internal,starlette/middleware/httpsredirect.py:3,This name is imported into the implementation module for internal calls or annotations; the assigned guide documents its canonical starlette.* path elsewhere and does not promise this submodule re-export.
479,source-reexport-candidate,starlette.middleware.httpsredirect.RedirectResponse,from starlette.responses import RedirectResponse,,starlette/middleware/httpsredirect.py,2,source import only,candidate only; importability is not public-status evidence,private/internal,starlette/middleware/httpsredirect.py:2,This name is imported into the implementation module for internal calls or annotations; the assigned guide documents its canonical starlette.* path elsewhere and does not promise this submodule re-export.
480,source-reexport-candidate,starlette.middleware.httpsredirect.Scope,from starlette.types import Scope,,starlette/middleware/httpsredirect.py,3,source import only,candidate only; importability is not public-status evidence,private/internal,starlette/middleware/httpsredirect.py:3,This name is imported into the implementation module for internal calls or annotations; the assigned guide documents its canonical starlette.* path elsewhere and does not promise this submodule re-export.
481,source-reexport-candidate,starlette.middleware.httpsredirect.Send,from starlette.types import Send,,starlette/middleware/httpsredirect.py,3,source import only,candidate only; importability is not public-status evidence,private/internal,starlette/middleware/httpsredirect.py:3,This name is imported into the implementation module for internal calls or annotations; the assigned guide documents its canonical starlette.* path elsewhere and does not promise this submodule re-export.
482,source-reexport-candidate,starlette.middleware.httpsredirect.URL,from starlette.datastructures import URL,,starlette/middleware/httpsredirect.py,1,source import only,candidate only; importability is not public-status evidence,private/internal,starlette/middleware/httpsredirect.py:1,This name is imported into the implementation module for internal calls or annotations; the assigned guide documents its canonical starlette.* path elsewhere and does not promise this submodule re-export.
483,source-reexport-candidate,starlette.middleware.sessions.ASGIApp,from starlette.types import ASGIApp,,starlette/middleware/sessions.py,13,source import only,candidate only; importability is not public-status evidence,private/internal,starlette/middleware/sessions.py:13,This name is imported into the implementation module for internal calls or annotations; the assigned guide documents its canonical starlette.* path elsewhere and does not promise this submodule re-export.
484,source-reexport-candidate,starlette.middleware.sessions.HTTPConnection,from starlette.requests import HTTPConnection,,starlette/middleware/sessions.py,12,source import only,candidate only; importability is not public-status evidence,private/internal,starlette/middleware/sessions.py:12,This name is imported into the implementation module for internal calls or annotations; the assigned guide documents its canonical starlette.* path elsewhere and does not promise this submodule re-export.
485,source-reexport-candidate,starlette.middleware.sessions.Message,from starlette.types import Message,,starlette/middleware/sessions.py,13,source import only,candidate only; importability is not public-status evidence,private/internal,starlette/middleware/sessions.py:13,This name is imported into the implementation module for internal calls or annotations; the assigned guide documents its canonical starlette.* path elsewhere and does not promise this submodule re-export.
486,source-reexport-candidate,starlette.middleware.sessions.MutableHeaders,from starlette.datastructures import MutableHeaders,,starlette/middleware/sessions.py,11,source import only,candidate only; importability is not public-status evidence,private/internal,starlette/middleware/sessions.py:11,This name is imported into the implementation module for internal calls or annotations; the assigned guide documents its canonical starlette.* path elsewhere and does not promise this submodule re-export.
487,source-reexport-candidate,starlette.middleware.sessions.Receive,from starlette.types import Receive,,starlette/middleware/sessions.py,13,source import only,candidate only; importability is not public-status evidence,private/internal,starlette/middleware/sessions.py:13,This name is imported into the implementation module for internal calls or annotations; the assigned guide documents its canonical starlette.* path elsewhere and does not promise this submodule re-export.
488,source-reexport-candidate,starlette.middleware.sessions.Scope,from starlette.types import Scope,,starlette/middleware/sessions.py,13,source import only,candidate only; importability is not public-status evidence,private/internal,starlette/middleware/sessions.py:13,This name is imported into the implementation module for internal calls or annotations; the assigned guide documents its canonical starlette.* path elsewhere and does not promise this submodule re-export.
489,source-reexport-candidate,starlette.middleware.sessions.Secret,from starlette.datastructures import Secret,,starlette/middleware/sessions.py,11,source import only,candidate only; importability is not public-status evidence,private/internal,starlette/middleware/sessions.py:11,This name is imported into the implementation module for internal calls or annotations; the assigned guide documents its canonical starlette.* path elsewhere and does not promise this submodule re-export.
490,source-reexport-candidate,starlette.middleware.sessions.Send,from starlette.types import Send,,starlette/middleware/sessions.py,13,source import only,candidate only; importability is not public-status evidence,private/internal,starlette/middleware/sessions.py:13,This name is imported into the implementation module for internal calls or annotations; the assigned guide documents its canonical starlette.* path elsewhere and does not promise this submodule re-export.
491,class,starlette.middleware.sessions.Session,"class Session(dict[str, typing.Any]):",inherited or object default; verify,starlette/middleware/sessions.py,91,module source only; symbol not matched in docs scan,public-name candidate; not reviewed,private/internal,starlette/middleware/sessions.py:91,"The pinned source uses this type alias, constant, responder, or helper as middleware implementation machinery; the assigned docs do not establish it as a standalone consumer API."
492,special-method,starlette.middleware.sessions.Session.__delitem__,"def __delitem__(self, key: str) -> None:",,starlette/middleware/sessions.py,106,class source only; method not matched in docs scan,method candidate; not reviewed,private/internal,starlette/middleware/sessions.py:106,"The pinned source uses this type alias, constant, responder, or helper as middleware implementation machinery; the assigned docs do not establish it as a standalone consumer API."
493,special-method,starlette.middleware.sessions.Session.__setitem__,"def __setitem__(self, key: str, value: typing.Any) -> None:",,starlette/middleware/sessions.py,102,class source only; method not matched in docs scan,method candidate; not reviewed,private/internal,starlette/middleware/sessions.py:102,"The pinned source uses this type alias, constant, responder, or helper as middleware implementation machinery; the assigned docs do not establish it as a standalone consumer API."
494,public-method,starlette.middleware.sessions.Session.clear,def clear(self) -> None:,,starlette/middleware/sessions.py,110,class source only; method not matched in docs scan,method candidate; not reviewed,private/internal,starlette/middleware/sessions.py:110,"The pinned source uses this type alias, constant, responder, or helper as middleware implementation machinery; the assigned docs do not establish it as a standalone consumer API."
495,public-method,starlette.middleware.sessions.Session.mark_accessed,def mark_accessed(self) -> None:,,starlette/middleware/sessions.py,95,class source only; method not matched in docs scan,method candidate; not reviewed,private/internal,starlette/middleware/sessions.py:95,"The pinned source uses this type alias, constant, responder, or helper as middleware implementation machinery; the assigned docs do not establish it as a standalone consumer API."
496,public-method,starlette.middleware.sessions.Session.mark_modified,def mark_modified(self) -> None:,,starlette/middleware/sessions.py,98,class source only; method not matched in docs scan,method candidate; not reviewed,private/internal,starlette/middleware/sessions.py:98,"The pinned source uses this type alias, constant, responder, or helper as middleware implementation machinery; the assigned docs do not establish it as a standalone consumer API."
497,public-method,starlette.middleware.sessions.Session.pop,"def pop(self, key: str, *args: typing.Any) -> typing.Any:",,starlette/middleware/sessions.py,114,class source only; method not matched in docs scan,method candidate; not reviewed,private/internal,starlette/middleware/sessions.py:114,"The pinned source uses this type alias, constant, responder, or helper as middleware implementation machinery; the assigned docs do not establish it as a standalone consumer API."
498,public-method,starlette.middleware.sessions.Session.setdefault,"def setdefault(self, key: str, default: typing.Any=None) -> typing.Any:",,starlette/middleware/sessions.py,118,class source only; method not matched in docs scan,method candidate; not reviewed,private/internal,starlette/middleware/sessions.py:118,"The pinned source uses this type alias, constant, responder, or helper as middleware implementation machinery; the assigned docs do not establish it as a standalone consumer API."
499,public-method,starlette.middleware.sessions.Session.update,"def update(self, *args: typing.Any, **kwargs: typing.Any) -> None:",,starlette/middleware/sessions.py,123,class source only; method not matched in docs scan,method candidate; not reviewed,private/internal,starlette/middleware/sessions.py:123,"The pinned source uses this type alias, constant, responder, or helper as middleware implementation machinery; the assigned docs do not establish it as a standalone consumer API."
500,class,starlette.middleware.sessions.SessionMiddleware,class SessionMiddleware:,"def __init__(self, app: ASGIApp, secret_key: str | Secret, session_cookie: str='session', max_age: int | None=14 * 24 * 60 * 60, path: str='/', same_site: Literal['lax', 'strict', 'none']='lax', https_only: bool=False, domain: str | None=None) -> None:",starlette/middleware/sessions.py,16,explicitly referenced in docs,documented symbol; review defaults and behavior,supported,starlette/middleware/sessions.py:16;docs/middleware.md:129-160,The pinned guide documents this middleware class and its usage/configuration; the source declaration supplies the constructor and ASGI call contract.
502,documented-import,starlette.middleware.sessions.SessionMiddleware,,,docs/middleware.md,151,explicit Python import in upstream docs,confirmed documented import path,supported,docs/middleware.md:151;starlette/middleware/sessions.py:16,The pinned middleware guide explicitly imports this starlette.* path; the canonical source declaration confirms the documented spelling and current contract.
503,special-method,starlette.middleware.sessions.SessionMiddleware.__call__,"async def __call__(self, scope: Scope, receive: Receive, send: Send) -> None:",,starlette/middleware/sessions.py,39,class source only; method not matched in docs scan,method candidate; not reviewed,supported,starlette/middleware/sessions.py:39;docs/middleware.md:129-160,The guide documents this middleware as an ASGI wrapper; its source call method is the runtime entry point for that documented behavior.
504,constructor,starlette.middleware.sessions.SessionMiddleware.__init__,"def __init__(self, app: ASGIApp, secret_key: str | Secret, session_cookie: str='session', max_age: int | None=14 * 24 * 60 * 60, path: str='/', same_site: Literal['lax', 'strict', 'none']='lax', https_only: bool=False, domain: str | None=None) -> None:",,starlette/middleware/sessions.py,17,class source only; method not matched in docs scan,method candidate; not reviewed,supported,starlette/middleware/sessions.py:17;docs/middleware.md:129-160,The guide constructs this documented middleware with this class’s public configuration shape; the source signature identifies the pinned constructor contract.
505,source-reexport-candidate,starlette.middleware.trustedhost.ASGIApp,from starlette.types import ASGIApp,,starlette/middleware/trustedhost.py,7,source import only,candidate only; importability is not public-status evidence,private/internal,starlette/middleware/trustedhost.py:7,This name is imported into the implementation module for internal calls or annotations; the assigned guide documents its canonical starlette.* path elsewhere and does not promise this submodule re-export.
506,assignment,starlette.middleware.trustedhost.ENFORCE_DOMAIN_WILDCARD,"""Domain wildcard patterns must be like '*.example.com'.""",,starlette/middleware/trustedhost.py,9,module source only; name not matched in docs scan,public-name candidate; not reviewed,private/internal,starlette/middleware/trustedhost.py:9,"The pinned source uses this type alias, constant, responder, or helper as middleware implementation machinery; the assigned docs do not establish it as a standalone consumer API."
507,source-reexport-candidate,starlette.middleware.trustedhost.Headers,from starlette.datastructures import Headers,,starlette/middleware/trustedhost.py,5,source import only,candidate only; importability is not public-status evidence,private/internal,starlette/middleware/trustedhost.py:5,This name is imported into the implementation module for internal calls or annotations; the assigned guide documents its canonical starlette.* path elsewhere and does not promise this submodule re-export.
508,source-reexport-candidate,starlette.middleware.trustedhost.PlainTextResponse,from starlette.responses import PlainTextResponse,,starlette/middleware/trustedhost.py,6,source import only,candidate only; importability is not public-status evidence,private/internal,starlette/middleware/trustedhost.py:6,This name is imported into the implementation module for internal calls or annotations; the assigned guide documents its canonical starlette.* path elsewhere and does not promise this submodule re-export.
509,source-reexport-candidate,starlette.middleware.trustedhost.Receive,from starlette.types import Receive,,starlette/middleware/trustedhost.py,7,source import only,candidate only; importability is not public-status evidence,private/internal,starlette/middleware/trustedhost.py:7,This name is imported into the implementation module for internal calls or annotations; the assigned guide documents its canonical starlette.* path elsewhere and does not promise this submodule re-export.
510,source-reexport-candidate,starlette.middleware.trustedhost.RedirectResponse,from starlette.responses import RedirectResponse,,starlette/middleware/trustedhost.py,6,source import only,candidate only; importability is not public-status evidence,private/internal,starlette/middleware/trustedhost.py:6,This name is imported into the implementation module for internal calls or annotations; the assigned guide documents its canonical starlette.* path elsewhere and does not promise this submodule re-export.
511,source-reexport-candidate,starlette.middleware.trustedhost.Response,from starlette.responses import Response,,starlette/middleware/trustedhost.py,6,source import only,candidate only; importability is not public-status evidence,private/internal,starlette/middleware/trustedhost.py:6,This name is imported into the implementation module for internal calls or annotations; the assigned guide documents its canonical starlette.* path elsewhere and does not promise this submodule re-export.
512,source-reexport-candidate,starlette.middleware.trustedhost.Scope,from starlette.types import Scope,,starlette/middleware/trustedhost.py,7,source import only,candidate only; importability is not public-status evidence,private/internal,starlette/middleware/trustedhost.py:7,This name is imported into the implementation module for internal calls or annotations; the assigned guide documents its canonical starlette.* path elsewhere and does not promise this submodule re-export.
513,source-reexport-candidate,starlette.middleware.trustedhost.Send,from starlette.types import Send,,starlette/middleware/trustedhost.py,7,source import only,candidate only; importability is not public-status evidence,private/internal,starlette/middleware/trustedhost.py:7,This name is imported into the implementation module for internal calls or annotations; the assigned guide documents its canonical starlette.* path elsewhere and does not promise this submodule re-export.
514,class,starlette.middleware.trustedhost.TrustedHostMiddleware,class TrustedHostMiddleware:,"def __init__(self, app: ASGIApp, allowed_hosts: Sequence[str] | None=None, www_redirect: bool=True) -> None:",starlette/middleware/trustedhost.py,12,explicitly referenced in docs,documented symbol; review defaults and behavior,supported,starlette/middleware/trustedhost.py:12;docs/middleware.md:183-209,The pinned guide documents this middleware class and its usage/configuration; the source declaration supplies the constructor and ASGI call contract.
515,documented-import,starlette.middleware.trustedhost.TrustedHostMiddleware,,,docs/middleware.md,15,explicit Python import in upstream docs,confirmed documented import path,supported,docs/middleware.md:15;starlette/middleware/trustedhost.py:12,The pinned middleware guide explicitly imports this starlette.* path; the canonical source declaration confirms the documented spelling and current contract.
516,special-method,starlette.middleware.trustedhost.TrustedHostMiddleware.__call__,"async def __call__(self, scope: Scope, receive: Receive, send: Send) -> None:",,starlette/middleware/trustedhost.py,31,class source only; method not matched in docs scan,method candidate; not reviewed,supported,starlette/middleware/trustedhost.py:31;docs/middleware.md:183-209,The guide documents this middleware as an ASGI wrapper; its source call method is the runtime entry point for that documented behavior.
517,constructor,starlette.middleware.trustedhost.TrustedHostMiddleware.__init__,"def __init__(self, app: ASGIApp, allowed_hosts: Sequence[str] | None=None, www_redirect: bool=True) -> None:",,starlette/middleware/trustedhost.py,13,class source only; method not matched in docs scan,method candidate; not reviewed,supported,starlette/middleware/trustedhost.py:13;docs/middleware.md:183-209,The guide constructs this documented middleware with this class’s public configuration shape; the source signature identifies the pinned constructor contract.
518,source-reexport-candidate,starlette.middleware.trustedhost.URL,from starlette.datastructures import URL,,starlette/middleware/trustedhost.py,5,source import only,candidate only; importability is not public-status evidence,private/internal,starlette/middleware/trustedhost.py:5,This name is imported into the implementation module for internal calls or annotations; the assigned guide documents its canonical starlette.* path elsewhere and does not promise this submodule re-export.
519,source-reexport-candidate,starlette.middleware.wsgi.Receive,from starlette.types import Receive,,starlette/middleware/wsgi.py,15,source import only,candidate only; importability is not public-status evidence,private/internal,starlette/middleware/wsgi.py:15,This name is imported into the implementation module for internal calls or annotations; the assigned guide documents its canonical starlette.* path elsewhere and does not promise this submodule re-export.
520,source-reexport-candidate,starlette.middleware.wsgi.Scope,from starlette.types import Scope,,starlette/middleware/wsgi.py,15,source import only,candidate only; importability is not public-status evidence,private/internal,starlette/middleware/wsgi.py:15,This name is imported into the implementation module for internal calls or annotations; the assigned guide documents its canonical starlette.* path elsewhere and does not promise this submodule re-export.
521,source-reexport-candidate,starlette.middleware.wsgi.Send,from starlette.types import Send,,starlette/middleware/wsgi.py,15,source import only,candidate only; importability is not public-status evidence,private/internal,starlette/middleware/wsgi.py:15,This name is imported into the implementation module for internal calls or annotations; the assigned guide documents its canonical starlette.* path elsewhere and does not promise this submodule re-export.
522,source-reexport-candidate,starlette.middleware.wsgi.StarletteDeprecationWarning,from starlette.exceptions import StarletteDeprecationWarning,,starlette/middleware/wsgi.py,14,source import only,candidate only; importability is not public-status evidence,private/internal,starlette/middleware/wsgi.py:14,This name is imported into the implementation module for internal calls or annotations; the assigned guide documents its canonical starlette.* path elsewhere and does not promise this submodule re-export.
523,class,starlette.middleware.wsgi.WSGIMiddleware,class WSGIMiddleware:,"def __init__(self, app: Callable[..., Any]) -> None:",starlette/middleware/wsgi.py,77,module source only; symbol not matched in docs scan,public-name candidate; not reviewed,supported,starlette/middleware/wsgi.py:77;docs/middleware.md:925-927;docs/release-notes.md:909-910,The pinned guide documents this middleware class and its usage/configuration; the source declaration supplies the constructor and ASGI call contract.
524,special-method,starlette.middleware.wsgi.WSGIMiddleware.__call__,"async def __call__(self, scope: Scope, receive: Receive, send: Send) -> None:",,starlette/middleware/wsgi.py,81,class source only; method not matched in docs scan,method candidate; not reviewed,supported,starlette/middleware/wsgi.py:81;docs/middleware.md:925-927;docs/release-notes.md:909-910,The guide documents this middleware as an ASGI wrapper; its source call method is the runtime entry point for that documented behavior.
525,constructor,starlette.middleware.wsgi.WSGIMiddleware.__init__,"def __init__(self, app: Callable[..., Any]) -> None:",,starlette/middleware/wsgi.py,78,class source only; method not matched in docs scan,method candidate; not reviewed,supported,starlette/middleware/wsgi.py:78;docs/middleware.md:925-927;docs/release-notes.md:909-910,The guide constructs this documented middleware with this class’s public configuration shape; the source signature identifies the pinned constructor contract.
526,class,starlette.middleware.wsgi.WSGIResponder,class WSGIResponder:,"def __init__(self, app: Callable[..., Any], scope: Scope) -> None:",starlette/middleware/wsgi.py,87,module source only; symbol not matched in docs scan,public-name candidate; not reviewed,private/internal,starlette/middleware/wsgi.py:87,"The pinned source uses this type alias, constant, responder, or helper as middleware implementation machinery; the assigned docs do not establish it as a standalone consumer API."
527,special-method,starlette.middleware.wsgi.WSGIResponder.__call__,"async def __call__(self, receive: Receive, send: Send) -> None:",,starlette/middleware/wsgi.py,100,class source only; method not matched in docs scan,method candidate; not reviewed,private/internal,starlette/middleware/wsgi.py:100,"The pinned source uses this type alias, constant, responder, or helper as middleware implementation machinery; the assigned docs do not establish it as a standalone consumer API."
528,constructor,starlette.middleware.wsgi.WSGIResponder.__init__,"def __init__(self, app: Callable[..., Any], scope: Scope) -> None:",,starlette/middleware/wsgi.py,91,class source only; method not matched in docs scan,method candidate; not reviewed,private/internal,starlette/middleware/wsgi.py:91,"The pinned source uses this type alias, constant, responder, or helper as middleware implementation machinery; the assigned docs do not establish it as a standalone consumer API."
529,public-method,starlette.middleware.wsgi.WSGIResponder.sender,"async def sender(self, send: Send) -> None:",,starlette/middleware/wsgi.py,116,class source only; method not matched in docs scan,method candidate; not reviewed,private/internal,starlette/middleware/wsgi.py:116,"The pinned source uses this type alias, constant, responder, or helper as middleware implementation machinery; the assigned docs do not establish it as a standalone consumer API."
530,public-method,starlette.middleware.wsgi.WSGIResponder.start_response,"def start_response(self, status: str, response_headers: list[tuple[str, str]], exc_info: Any=None) -> None:",,starlette/middleware/wsgi.py,121,class source only; method not matched in docs scan,method candidate; not reviewed,private/internal,starlette/middleware/wsgi.py:121,"The pinned source uses this type alias, constant, responder, or helper as middleware implementation machinery; the assigned docs do not establish it as a standalone consumer API."
531,public-method,starlette.middleware.wsgi.WSGIResponder.wsgi,"def wsgi(self, environ: dict[str, Any], start_response: Callable[..., Any]) -> None:",,starlette/middleware/wsgi.py,145,class source only; method not matched in docs scan,method candidate; not reviewed,private/internal,starlette/middleware/wsgi.py:145,"The pinned source uses this type alias, constant, responder, or helper as middleware implementation machinery; the assigned docs do not establish it as a standalone consumer API."
532,function,starlette.middleware.wsgi.build_environ,"def build_environ(scope: Scope, body: bytes) -> dict[str, Any]:",,starlette/middleware/wsgi.py,25,module source only; symbol not matched in docs scan,public-name candidate; not reviewed,uncertain,starlette/middleware/wsgi.py:25;tests/middleware/test_wsgi.py:10-12,The helper is imported directly by upstream tests but the public middleware guide documents WSGIMiddleware rather than build_environ; tests alone do not establish this helper path as public.
533,source-reexport-candidate,starlette.middleware.wsgi.create_collapsing_task_group,from starlette._utils import create_collapsing_task_group,,starlette/middleware/wsgi.py,13,source import only,candidate only; importability is not public-status evidence,private/internal,starlette/middleware/wsgi.py:13,This name is imported into the implementation module for internal calls or annotations; the assigned guide documents its canonical starlette.* path elsewhere and does not promise this submodule re-export.
569,documented-import,starlette.requests.Request,,,docs/middleware.md,498,explicit Python import in upstream docs,confirmed documented import path,supported,docs/middleware.md:498;starlette/requests.py:214,The pinned middleware guide explicitly imports this starlette.* path; the canonical source declaration confirms the documented spelling and current contract.
636,documented-import,starlette.responses.RedirectResponse,,,docs/middleware.md,522,explicit Python import in upstream docs,confirmed documented import path,supported,docs/middleware.md:522;starlette/responses.py:204,The pinned middleware guide explicitly imports this starlette.* path; the canonical source declaration confirms the documented spelling and current contract.
685,documented-import,starlette.routing.Mount,,,docs/middleware.md,796,explicit Python import in upstream docs,confirmed documented import path,supported,docs/middleware.md:796;starlette/routing.py:363,The pinned middleware guide explicitly imports this starlette.* path; the canonical source declaration confirms the documented spelling and current contract.
713,documented-import,starlette.routing.Route,,,docs/middleware.md,796,explicit Python import in upstream docs,confirmed documented import path,supported,docs/middleware.md:796;starlette/routing.py:197,The pinned middleware guide explicitly imports this starlette.* path; the canonical source declaration confirms the documented spelling and current contract.
726,documented-import,starlette.routing.Router,,,docs/middleware.md,849,explicit Python import in upstream docs,confirmed documented import path,supported,docs/middleware.md:849;starlette/routing.py:573,The pinned middleware guide explicitly imports this starlette.* path; the canonical source declaration confirms the documented spelling and current contract.
952,documented-import,starlette.types.ASGIApp,,,docs/middleware.md,423,explicit Python import in upstream docs,confirmed documented import path,supported,docs/middleware.md:423;starlette/types.py:18,The pinned middleware guide explicitly imports this starlette.* path; the canonical source declaration confirms the documented spelling and current contract.
958,documented-import,starlette.types.Message,,,docs/middleware.md,423,explicit Python import in upstream docs,confirmed documented import path,supported,docs/middleware.md:423;starlette/types.py:13,The pinned middleware guide explicitly imports this starlette.* path; the canonical source declaration confirms the documented spelling and current contract.
960,documented-import,starlette.types.Receive,,,docs/middleware.md,423,explicit Python import in upstream docs,confirmed documented import path,supported,docs/middleware.md:423;starlette/types.py:15,The pinned middleware guide explicitly imports this starlette.* path; the canonical source declaration confirms the documented spelling and current contract.
962,documented-import,starlette.types.Scope,,,docs/middleware.md,423,explicit Python import in upstream docs,confirmed documented import path,supported,docs/middleware.md:423;starlette/types.py:12,The pinned middleware guide explicitly imports this starlette.* path; the canonical source declaration confirms the documented spelling and current contract.
964,documented-import,starlette.types.Send,,,docs/middleware.md,423,explicit Python import in upstream docs,confirmed documented import path,supported,docs/middleware.md:423;starlette/types.py:16,The pinned middleware guide explicitly imports this starlette.* path; the canonical source declaration confirms the documented spelling and current contract.
