backlog_id,source_kind,source_path,source_item,api_disposition,requirement_ids,stimulus_summary,observation_selectors,fixture_status,fixture_path,exclusion_reason,evidence_refs
convertors.test_datetime_convertor,upstream_test,tests/test_convertors.py,test_datetime_convertor,supported,starlette.convertors.Convertor; starlette.convertors.register_url_convertor; starlette.routing.Route,"Register the input-defined datetime converter, request /datetime/2020-01-01T00:00:00 through a synchronous endpoint, then format a datetime object through Route.url_path_for.",response_status; response_bytes from the converted value's strftime result; generated_url_path,existing,tests/fixtures/sources/parity/router-converter-dispatch.yaml; tests/fixtures/sources/parity/reverse-url-routing.yaml,,tests/test_convertors.py:22-60; tests/conftest.py:test_client_factory; tests/fixtures/sources/parity/router-converter-dispatch.yaml; tests/fixtures/sources/parity/reverse-url-routing.yaml
convertors.test_default_float_convertor.decimal-segment,upstream_test,tests/test_convertors.py,test_default_float_convertor[decimal-segment],supported,starlette.convertors.FloatConvertor; starlette.routing.Route,Create `Route('/{param:float}')` and request `/1.0`; observe Starlette's converted path parameter. Input case: `starlette.routing.Router.route-dispatch.match-float`.,response_status; route_scope.path_params converted value and type; response_bytes; asgi_event_order,existing,tests/fixtures/sources/parity/router-converter-dispatch.yaml,,tests/test_convertors.py:63; tests/conftest.py:test_client_factory
convertors.test_default_float_convertor.hyphen-segment,upstream_test,tests/test_convertors.py,test_default_float_convertor[hyphen-segment],supported,starlette.convertors.FloatConvertor; starlette.routing.Route,Create `Route('/{param:float}')` and request `/1-0`; verify the converter miss. Input case: `starlette.routing.Router.route-dispatch.test-float-hyphen-segment`.,response_status; route_scope.path_params; response_bytes; asgi_event_order,existing,tests/fixtures/sources/parity/router-converter-dispatch.yaml,,tests/test_convertors.py:63; tests/conftest.py:test_client_factory
convertors.test_default_uuid_convertor.compact-lowercase,upstream_test,tests/test_convertors.py,test_default_uuid_convertor[compact-lowercase],supported,starlette.convertors.UUIDConvertor; starlette.routing.Route,Create `Route('/{param:uuid}')` and request `/00000000aaaaffff9999000000000000`; observe the converted UUID. Input case: `starlette.routing.Router.route-dispatch.test-uuid-compact-lowercase`.,response_status; route_scope.path_params converted value and type; response_bytes; asgi_event_order,existing,tests/fixtures/sources/parity/router-converter-dispatch.yaml,,tests/test_convertors.py:86; tests/conftest.py:test_client_factory
convertors.test_default_uuid_convertor.compact-uppercase,upstream_test,tests/test_convertors.py,test_default_uuid_convertor[compact-uppercase],supported,starlette.convertors.UUIDConvertor; starlette.routing.Route,Create `Route('/{param:uuid}')` and request `/00000000AAAAFFFF9999000000000000`; observe the converted UUID. Input case: `starlette.routing.Router.route-dispatch.match-uuid`.,response_status; route_scope.path_params converted value and type; response_bytes; asgi_event_order,existing,tests/fixtures/sources/parity/router-converter-dispatch.yaml,,tests/test_convertors.py:86; tests/conftest.py:test_client_factory
convertors.test_default_uuid_convertor.hyphenated-lowercase,upstream_test,tests/test_convertors.py,test_default_uuid_convertor[hyphenated-lowercase],supported,starlette.convertors.UUIDConvertor; starlette.routing.Route,Create `Route('/{param:uuid}')` and request `/00000000-aaaa-ffff-9999-000000000000`; observe the converted UUID. Input case: `starlette.routing.Router.route-dispatch.test-uuid-hyphenated-lowercase`.,response_status; route_scope.path_params converted value and type; response_bytes; asgi_event_order,existing,tests/fixtures/sources/parity/router-converter-dispatch.yaml,,tests/test_convertors.py:86; tests/conftest.py:test_client_factory
convertors.test_default_uuid_convertor.hyphenated-uppercase,upstream_test,tests/test_convertors.py,test_default_uuid_convertor[hyphenated-uppercase],supported,starlette.convertors.UUIDConvertor; starlette.routing.Route,Create `Route('/{param:uuid}')` and request `/00000000-AAAA-FFFF-9999-000000000000`; observe the converted UUID. Input case: `starlette.routing.Router.route-dispatch.test-uuid-hyphenated-uppercase`.,response_status; route_scope.path_params converted value and type; response_bytes; asgi_event_order,existing,tests/fixtures/sources/parity/router-converter-dispatch.yaml,,tests/test_convertors.py:86; tests/conftest.py:test_client_factory
convertors.test_default_uuid_convertor.invalid-segment,upstream_test,tests/test_convertors.py,test_default_uuid_convertor[invalid-segment],supported,starlette.convertors.UUIDConvertor; starlette.routing.Route,Create `Route('/{param:uuid}')` and request `/not-a-uuid`; verify the converter miss. Input case: `starlette.routing.Router.route-dispatch.test-uuid-invalid-segment`.,response_status; route_scope.path_params; response_bytes; asgi_event_order,existing,tests/fixtures/sources/parity/router-converter-dispatch.yaml,,tests/test_convertors.py:86; tests/conftest.py:test_client_factory
endpoints.test_http_endpoint_does_not_dispatch_non_verb_method,upstream_test,tests/test_endpoints.py,test_http_endpoint_does_not_dispatch_non_verb_method,supported,starlette.endpoints.HTTPEndpoint; starlette.routing.Route,"Construct the app, route, or WebSocket scope for this behavior family and supply these request/event inputs in order: request('_DO_DELETE', '/').",response_status; response_bytes; response_headers.allow; websocket.messages; websocket.close_code; exception_type_and_observable_payload,existing,tests/fixtures/sources/parity/router-class-based-endpoints.yaml,,tests/test_endpoints.py:50; tests/conftest.py:test_client_factory; tests/fixtures/sources/parity/router-class-based-endpoints.yaml
endpoints.test_http_endpoint_route,upstream_test,tests/test_endpoints.py,test_http_endpoint_route,supported,starlette.endpoints.HTTPEndpoint; starlette.routing.Route,"Construct the app, route, or WebSocket scope for this behavior family and supply these request/event inputs in order: get('/').",response_status; response_bytes; response_headers.allow; websocket.messages; websocket.close_code; exception_type_and_observable_payload,existing,tests/fixtures/sources/parity/router-class-based-endpoints.yaml,,tests/test_endpoints.py:31; tests/conftest.py:test_client_factory; tests/fixtures/sources/parity/router-class-based-endpoints.yaml
endpoints.test_http_endpoint_route_method,upstream_test,tests/test_endpoints.py,test_http_endpoint_route_method,supported,starlette.endpoints.HTTPEndpoint; starlette.routing.Route,"Construct the app, route, or WebSocket scope for this behavior family and supply these request/event inputs in order: post('/').",response_status; response_bytes; response_headers.allow; websocket.messages; websocket.close_code; exception_type_and_observable_payload,existing,tests/fixtures/sources/parity/router-class-based-endpoints.yaml,,tests/test_endpoints.py:43; tests/conftest.py:test_client_factory; tests/fixtures/sources/parity/router-class-based-endpoints.yaml
endpoints.test_http_endpoint_route_path_params,upstream_test,tests/test_endpoints.py,test_http_endpoint_route_path_params,supported,starlette.endpoints.HTTPEndpoint; starlette.routing.Route,"Construct the app, route, or WebSocket scope for this behavior family and supply these request/event inputs in order: get('/tomchristie').",response_status; response_bytes; response_headers.allow; websocket.messages; websocket.close_code; exception_type_and_observable_payload,existing,tests/fixtures/sources/parity/router-class-based-endpoints.yaml,,tests/test_endpoints.py:37; tests/conftest.py:test_client_factory; tests/fixtures/sources/parity/router-class-based-endpoints.yaml
endpoints.test_websocket_endpoint_on_connect,upstream_test,tests/test_endpoints.py,test_websocket_endpoint_on_connect,supported,starlette.endpoints.WebSocketEndpoint; starlette.websockets.WebSocket,"Construct the app, route, or WebSocket scope for this behavior family and supply these request/event inputs in order: websocket_connect('/ws', subprotocols=['soap', 'wamp']).",websocket.messages; websocket.close_code,existing,tests/fixtures/sources/parity/websocket-endpoint-dispatch.yaml,,tests/test_endpoints.py:67; tests/conftest.py:test_client_factory; tests/fixtures/sources/parity/websocket-endpoint-dispatch.yaml
endpoints.test_websocket_endpoint_on_default,upstream_test,tests/test_endpoints.py,test_websocket_endpoint_on_default,supported,starlette.endpoints.WebSocketEndpoint; starlette.websockets.WebSocket,"Construct the app, route, or WebSocket scope for this behavior family and supply these request/event inputs in order: websocket_connect('/ws'), send_text('Hello, world!').",websocket.messages; websocket.close_code,existing,tests/fixtures/sources/parity/websocket-endpoint-dispatch.yaml,,tests/test_endpoints.py:154; tests/conftest.py:test_client_factory; tests/fixtures/sources/parity/websocket-endpoint-dispatch.yaml
endpoints.test_websocket_endpoint_on_disconnect,upstream_test,tests/test_endpoints.py,test_websocket_endpoint_on_disconnect,supported,starlette.endpoints.WebSocketEndpoint; starlette.websockets.WebSocket,"Construct the app, route, or WebSocket scope for this behavior family and supply these request/event inputs in order: close(code=close_code), websocket_connect('/ws'), close(code=1001). The client closes with code 1001.",websocket.messages; websocket.close_code; websocket.disconnect_code; websocket.disconnect_reason,existing,tests/fixtures/sources/parity/websocket-endpoint-dispatch.yaml,,tests/test_endpoints.py:168; tests/conftest.py:test_client_factory; tests/fixtures/sources/parity/websocket-endpoint-dispatch.yaml
endpoints.test_websocket_endpoint_on_receive_bytes,upstream_test,tests/test_endpoints.py,test_websocket_endpoint_on_receive_bytes,supported,starlette.endpoints.WebSocketEndpoint; starlette.websockets.WebSocket,"Construct the app, route, or WebSocket scope for this behavior family and supply these request/event inputs in order: websocket_connect('/ws'), send_bytes(b'Hello, world!'), send_text('Hello world').",websocket.messages; websocket.close_code,existing,tests/fixtures/sources/parity/websocket-endpoint-dispatch.yaml,,tests/test_endpoints.py:78; tests/conftest.py:test_client_factory; tests/fixtures/sources/parity/websocket-endpoint-dispatch.yaml
endpoints.test_websocket_endpoint_on_receive_json,upstream_test,tests/test_endpoints.py,test_websocket_endpoint_on_receive_json,supported,starlette.endpoints.WebSocketEndpoint; starlette.websockets.WebSocket,"Construct the app, route, or WebSocket scope for this behavior family and supply these request/event inputs in order: websocket_connect('/ws'), send_json({'hello': 'world'}), send_text('Hello world').",websocket.messages; websocket.close_code,existing,tests/fixtures/sources/parity/websocket-endpoint-dispatch.yaml,,tests/test_endpoints.py:98; tests/conftest.py:test_client_factory; tests/fixtures/sources/parity/websocket-endpoint-dispatch.yaml
endpoints.test_websocket_endpoint_on_receive_json_binary,upstream_test,tests/test_endpoints.py,test_websocket_endpoint_on_receive_json_binary,supported,starlette.endpoints.WebSocketEndpoint; starlette.websockets.WebSocket,"Construct the app, route, or WebSocket scope for this behavior family and supply these request/event inputs in order: send_json(mode='binary'), websocket_connect('/ws'), send_json({'hello': 'world'}, mode='binary').",websocket.messages; websocket.close_code,existing,tests/fixtures/sources/parity/websocket-endpoint-dispatch.yaml,,tests/test_endpoints.py:118; tests/conftest.py:test_client_factory; tests/fixtures/sources/parity/websocket-endpoint-dispatch.yaml
endpoints.test_websocket_endpoint_on_receive_text,upstream_test,tests/test_endpoints.py,test_websocket_endpoint_on_receive_text,supported,starlette.endpoints.WebSocketEndpoint; starlette.websockets.WebSocket,"Construct the app, route, or WebSocket scope for this behavior family and supply these request/event inputs in order: websocket_connect('/ws'), send_text('Hello, world!'), send_bytes(b'Hello world').",websocket.messages; websocket.close_code,existing,tests/fixtures/sources/parity/websocket-endpoint-dispatch.yaml,,tests/test_endpoints.py:134; tests/conftest.py:test_client_factory; tests/fixtures/sources/parity/websocket-endpoint-dispatch.yaml
routing.test_add_route_to_app_after_mount,upstream_test,tests/test_routing.py,test_add_route_to_app_after_mount,supported,starlette.routing.Mount; starlette.routing.Router.add_route; starlette.routing.Router.route-dispatch.mount-child-router-live-route-add,"Mount an initially empty Router at /http, dispatch /http/inner once, add the /inner GET route through the mounted Router after Mount construction, then dispatch /http/inner again.",response_status; response_bytes; ordered_repeated_headers; asgi_event_order; asgi_events,existing,tests/fixtures/sources/parity/router-mounted-child-live-add.yaml,,tests/test_routing.py:903-918; tests/conftest.py:test_client_factory; tests/fixtures/sources/parity/router-mounted-child-live-add.yaml
routing.test_base_route_middleware.mounted_app_with_middleware,upstream_test,tests/test_routing.py,test_base_route_middleware[mounted_app_with_middleware],supported,starlette.applications.Starlette.__call__.mount-app-middleware-response-header,Construct the Mount-with-app app and dispatch the input scope reached when the pinned TestClient follows GET /http to /http/ after an unrelated GET /home.,dispatch-home status; bytes; headers; ASGI events; dispatch-http status; bytes; ordered response headers; ASGI events,existing,tests/fixtures/sources/parity/route-middleware-dispatch.yaml,,tests/test_routing.py:799-874; tests/test_routing.py:875-887; tests/conftest.py:test_client_factory; tests/fixtures/sources/parity/route-middleware-dispatch.yaml
routing.test_base_route_middleware.mounted_routes_with_middleware,upstream_test,tests/test_routing.py,test_base_route_middleware[mounted_routes_with_middleware],supported,starlette.applications.Starlette.__call__.mount-routes-middleware-response-header,Construct the Mount-with-routes app and dispatch the input scope reached when the pinned TestClient follows GET /http to /http/ after an unrelated GET /home.,dispatch-home status; bytes; headers; ASGI events; dispatch-http status; bytes; ordered response headers; ASGI events,existing,tests/fixtures/sources/parity/route-middleware-dispatch.yaml,,tests/test_routing.py:799-844; tests/test_routing.py:875-887; tests/conftest.py:test_client_factory; tests/fixtures/sources/parity/route-middleware-dispatch.yaml
routing.test_base_route_middleware.route_with_middleware,upstream_test,tests/test_routing.py,test_base_route_middleware[route_with_middleware],supported,starlette.applications.Starlette.__call__.route-middleware-response-header,"Construct Starlette with an input-configured Route-local middleware, dispatch GET /home then GET /http through the same app, and compare both responses.",dispatch-home status; bytes; headers; ASGI events; dispatch-http status; bytes; ordered response headers; ASGI events,existing,tests/fixtures/sources/parity/route-middleware-dispatch.yaml,,tests/test_routing.py:799-828; tests/test_routing.py:875-887; tests/conftest.py:test_client_factory; tests/fixtures/sources/parity/route-middleware-dispatch.yaml
routing.test_duplicated_param_names,upstream_test,tests/test_routing.py,test_duplicated_param_names,uncertain,starlette.routing.Route,Construct route templates with one repeated path parameter and with two repeated parameter names.,exception_type_and_observable_payload,backlog,,,tests/test_routing.py:754-777; starlette/routing.py:93-108
routing.test_exception_on_mounted_apps,upstream_test,tests/test_routing.py,test_exception_on_mounted_apps,supported,starlette.routing.Mount; starlette.routing.Route,"Construct the app, route, or WebSocket scope for this behavior family and supply these request/event inputs in order: get('/sub/').",response_status; response_bytes; generated_url_path; response_url; scope.path; scope.root_path; exception_type_and_observable_payload,backlog,,,tests/test_routing.py:921; tests/conftest.py:test_client_factory
routing.test_host_named_repr,upstream_test,tests/test_routing.py,test_host_named_repr,uncertain,starlette.routing.Host,"Construct the app, route, or WebSocket scope described by this upstream behavior family. Exercise its direct constructor, lookup, lifecycle, or ASGI callable input sequence.",route.representation; route.name,backlog,,,tests/test_routing.py:1080
routing.test_host_repr,upstream_test,tests/test_routing.py,test_host_repr,uncertain,starlette.routing.Host,"Construct the app, route, or WebSocket scope described by this upstream behavior family. Exercise its direct constructor, lookup, lifecycle, or ASGI callable input sequence.",route.representation,backlog,,,tests/test_routing.py:1067
routing.test_host_reverse_urls,upstream_test,tests/test_routing.py,test_host_reverse_urls,supported,starlette.routing.Router.url_path_for.mismatch; starlette.datastructures.URLPath.make_absolute_url.route-host-override,"Construct the unnamed www.example.org Host and named api.example.org and port.example.org:3600 Hosts; reverse lookup homepage, users, api:users, and port:homepage, make each result absolute against https://whatever, then supply the upstream invalid api lookup with extra parameters.",generated_url_path; generated_url_protocol; response_url; exception_class_and_message,existing,tests/fixtures/sources/parity/reverse-url-routing.yaml; tests/fixtures/sources/parity/urlpath-absolute.yaml,,tests/test_routing.py:479-500; starlette/routing.py:493-511; tests/fixtures/sources/parity/reverse-url-routing.yaml; tests/fixtures/sources/parity/urlpath-absolute.yaml
routing.test_host_routing,upstream_test,tests/test_routing.py,test_host_routing,supported,starlette.routing.Router.route-dispatch.host-route-match; starlette.routing.Router.route-dispatch.host-route-child-dispatch; starlette.routing.Router.route-dispatch.host-configured-port-ignored,"Construct the source three-Host Router with child Route apps, then dispatch the eight GET scopes from the upstream test across api.example.org, www.example.org, and port.example.org with its configured, absent, and differing ports.",response_status; response_bytes; ordered_repeated_headers; route_index,existing,tests/fixtures/sources/parity/host-routing.yaml,,tests/test_routing.py:439-477; starlette/routing.py:466-512; tests/fixtures/sources/parity/host-routing.yaml
routing.test_lifespan_state_async_cm,upstream_test,tests/test_routing.py,test_lifespan_state_async_cm,supported,starlette.routing.Router.lifespan,"Construct the app, route, or WebSocket scope for this behavior family and supply these request/event inputs in order: get('/').",response_status; response_bytes; lifespan.events; lifecycle_and_cleanup_effects; exception_type_and_observable_payload,backlog,,,tests/test_routing.py:645; tests/conftest.py:test_client_factory
routing.test_lifespan_state_unsupported,upstream_test,tests/test_routing.py,test_lifespan_state_unsupported,supported,starlette.routing.Router.lifespan,"Construct the app, route, or WebSocket scope described by this upstream behavior family. Exercise its direct constructor, lookup, lifecycle, or ASGI callable input sequence.",response_status; response_bytes; lifespan.events; lifecycle_and_cleanup_effects; exception_type_and_observable_payload,backlog,,,tests/test_routing.py:626; tests/conftest.py:test_client_factory
routing.test_mount_asgi_app_with_middleware_url_path_for,upstream_test,tests/test_routing.py,test_mount_asgi_app_with_middleware_url_path_for,uncertain,starlette.routing.Mount; starlette.routing.NoMatchFound,Mount a Route ASGI app with middleware and attempt a reverse lookup for its internal named route.,exception_type_and_observable_payload,backlog,,,tests/test_routing.py:895-901; starlette/routing.py:427-452; docs/routing.md:192-202
routing.test_mount_at_root,upstream_test,tests/test_routing.py,test_mount_at_root,supported,starlette.routing.Router; starlette.routing.Mount,"Construct the app, route, or WebSocket scope for this behavior family and supply these request/event inputs in order: get('/').",response_status; response_bytes; generated_url_path; response_url; scope.path; scope.root_path,backlog,,,tests/test_routing.py:404; tests/conftest.py:test_client_factory
routing.test_mount_named_repr,upstream_test,tests/test_routing.py,test_mount_named_repr,uncertain,starlette.routing.Mount,"Construct the app, route, or WebSocket scope described by this upstream behavior family. Exercise its direct constructor, lookup, lifecycle, or ASGI callable input sequence.",route.representation; route.name,backlog,,,tests/test_routing.py:1055
routing.test_mount_repr,upstream_test,tests/test_routing.py,test_mount_repr,uncertain,starlette.routing.Mount,"Construct the app, route, or WebSocket scope described by this upstream behavior family. Exercise its direct constructor, lookup, lifecycle, or ASGI callable input sequence.",route.representation,backlog,,,tests/test_routing.py:1044
routing.test_mount_routes_with_middleware_url_path_for,upstream_test,tests/test_routing.py,test_mount_routes_with_middleware_url_path_for,supported,starlette.applications.Starlette; starlette.routing.Mount; starlette.routing.Route,Construct a Starlette app with a /http Mount that owns a named / Route and AddHeadersMiddleware plus a sibling /home route; look up route with no path parameters.,generated_url_path; generated_url_protocol; generated_url_host,existing,tests/fixtures/sources/parity/reverse-url-routing.yaml,,tests/test_routing.py:831-847; tests/test_routing.py:890-892; starlette/routing.py:372-392; starlette/routing.py:427-452; tests/fixtures/sources/parity/reverse-url-routing.yaml
routing.test_mount_urls,upstream_test,tests/test_routing.py,test_mount_urls,supported,starlette.testclient.TestClient.request-response.follow-up-request-sequence;starlette.testclient.TestClient.request-response.mounted-router-url-sequence;starlette.testclient.TestClient.request-response.response-and-debug;starlette.testclient.TestClient.request-response.scope-projection,"Mount a named PlainTextResponse at /users and issue the four documented GETs through one TestClient: /users, /users/, /users/a, and /usersa.",ordered statuses/headers/body/response URLs; the first final URL after redirect; request scopes; ASGI event order,existing,tests/fixtures/sources/parity/testclient-http.yaml,,tests/test_routing.py:376-383;tests/conftest.py:test_client_factory;tests/fixtures/sources/parity/testclient-http.yaml
routing.test_mounted_middleware_does_not_catch_exception,upstream_test,tests/test_routing.py,test_mounted_middleware_does_not_catch_exception,supported,starlette.applications.Starlette.__call__.mount-middleware-http-exception-response,"Construct Starlette with app middleware NamedMiddleware(name=""Outer""), Mount(""/mount"") containing /err and /home routes with Mounted response-header middleware, then root /err and /home routes. The middleware only appends (X-{name}, true) on http.response.start and makes no scope writes. Dispatch GET /home, /err, /mount/home, and /mount/err in that order; the error endpoints raise the input-defined HTTPException(403, detail=""auth"").",For each dispatch in input order: response status; ordered response headers; response body bytes; ASGI event order and event messages,existing,tests/fixtures/sources/parity/route-middleware-dispatch.yaml,,"tests/test_routing.py:936-989;starlette/applications.py:52-78;starlette/routing.py:197-208,360-395;tests/fixtures/manifest.yaml;tests/fixtures/sources/parity/route-middleware-dispatch.yaml"
routing.test_partial_async_endpoint,upstream_test,tests/test_routing.py,test_partial_async_endpoint,supported,starlette.routing.Route,"Construct the app, route, or WebSocket scope for this behavior family and supply these request/event inputs in order: get('/partial'), get('/partial/cls').",response_status; response_bytes,backlog,,,tests/test_routing.py:730; tests/conftest.py:test_client_factory
routing.test_partial_async_ws_endpoint,upstream_test,tests/test_routing.py,test_partial_async_ws_endpoint,supported,starlette.routing.WebSocketRoute; starlette.websockets.WebSocket,"Construct the app, route, or WebSocket scope for this behavior family and supply these request/event inputs in order: websocket_connect('/partial/ws'), websocket_connect('/partial/ws/cls').",response_status; response_bytes,backlog,,,tests/test_routing.py:741; tests/conftest.py:test_client_factory
routing.test_paths_with_root_path,upstream_test,tests/test_routing.py,test_paths_with_root_path,supported,starlette.routing.Router; starlette.routing.Mount; starlette.routing.Route,"Construct the Starlette app with the direct Route, ASGI Mount, and nested route Mount from the source, then issue the four requests through one TestClient: get('/root/path'), get('/root/asgipath/'), get('/root/sub/path'), post('/root/root-queue/path').",response_status; response_bytes; response_url; scope.path; scope.root_path,existing,tests/fixtures/sources/parity/testclient-http.yaml,,tests/test_routing.py:1094-1147; tests/conftest.py:test_client_factory; starlette/applications.py:52-78; starlette/routing.py:147-190; starlette/routing.py:363-425; tests/fixtures/sources/parity/testclient-http.yaml
routing.test_protocol_switch,upstream_test,tests/test_routing.py,test_protocol_switch,supported,starlette.routing.Router; starlette.routing.Route; starlette.routing.WebSocketRoute,"Construct the app, route, or WebSocket scope for this behavior family and supply these request/event inputs in order: get('/'), websocket_connect('/'), websocket_connect('/404').",response_status; response_bytes,backlog,,,tests/test_routing.py:358; tests/conftest.py:test_client_factory
routing.test_raise_on_shutdown,upstream_test,tests/test_routing.py,test_raise_on_shutdown,supported,starlette.routing.Router.lifespan,"Construct the app, route, or WebSocket scope described by this upstream behavior family. Exercise its direct constructor, lookup, lifecycle, or ASGI callable input sequence.",response_status; response_bytes; lifespan.events; lifecycle_and_cleanup_effects; exception_type_and_observable_payload,backlog,,,tests/test_routing.py:717; tests/conftest.py:test_client_factory
routing.test_raise_on_startup,upstream_test,tests/test_routing.py,test_raise_on_startup,supported,starlette.routing.Router.lifespan,"Construct the app, route, or WebSocket scope described by this upstream behavior family. Exercise its direct constructor, lookup, lifecycle, or ASGI callable input sequence.",response_status; response_bytes; lifespan.events; lifecycle_and_cleanup_effects; exception_type_and_observable_payload,backlog,,,tests/test_routing.py:693; tests/conftest.py:test_client_factory
routing.test_reverse_mount_urls.success,upstream_test,tests/test_routing.py,test_reverse_mount_urls[successful-nested-lookups],supported,starlette.routing.Router.url_path_for.mount-lookup-success,"Construct a directly named /users Mount backed by an ASGI app, reverse its /a path, then reverse a child user Route and the named parameterized Mount path from their supplied path parameters.",generated_url_path; generated_url_protocol,existing,tests/fixtures/sources/parity/reverse-url-routing.yaml,,tests/test_routing.py:386-392; docs/routing.md:176-190; starlette/routing.py:363-452; tests/fixtures/sources/parity/reverse-url-routing.yaml
routing.test_reverse_mount_urls.missing-route-or-params,upstream_test,tests/test_routing.py,test_reverse_mount_urls[unknown-route-and-parameters],supported,starlette.routing.Router; starlette.routing.Mount; starlette.routing.Route; starlette.routing.NoMatchFound,Attempt reverse lookup for a named mount using extra parameters and then with no required path argument; input cases exercise both NoMatchFound branches.,exception_class_and_message,existing,tests/fixtures/sources/parity/reverse-url-routing.yaml,,tests/test_routing.py:395-402; starlette/routing.py:30-38
routing.test_route_converters,upstream_test,tests/test_routing.py,test_route_converters,supported,starlette.routing.Route; starlette.convertors.Convertor; starlette.convertors.register_url_convertor,"Construct the app, route, or WebSocket scope for this behavior family and supply these request/event inputs in order: get('/int/5'), get('/path-with-parentheses(7)'), get('/float/25.5'), get('/path/some/example'), get('/uuid/ec38df32-ceda-4cfa-9b4a-1aeb94ad551a').",response_status; response_bytes; scope.path_params,backlog,,,tests/test_routing.py:226; tests/conftest.py:test_client_factory
routing.test_route_name.classmethod,upstream_test,tests/test_routing.py,test_route_name[classmethod],uncertain,starlette.routing.Route,Construct Route with the selected endpoint shape: class-method endpoint.,response_status; response_bytes; route.name,backlog,,,tests/test_routing.py:795
routing.test_route_name.function,upstream_test,tests/test_routing.py,test_route_name[function],uncertain,starlette.routing.Route,Construct Route with the selected endpoint shape: function endpoint.,response_status; response_bytes; route.name,backlog,,,tests/test_routing.py:795
routing.test_route_name.lambda,upstream_test,tests/test_routing.py,test_route_name[lambda],uncertain,starlette.routing.Route,Construct Route with the selected endpoint shape: lambda endpoint.,response_status; response_bytes; route.name,backlog,,,tests/test_routing.py:795
routing.test_route_name.method,upstream_test,tests/test_routing.py,test_route_name[method],uncertain,starlette.routing.Route,Construct Route with the selected endpoint shape: bound instance-method endpoint.,response_status; response_bytes; route.name,backlog,,,tests/test_routing.py:795
routing.test_route_name.object,upstream_test,tests/test_routing.py,test_route_name[object],uncertain,starlette.routing.Route,Construct Route with the selected endpoint shape: callable-object endpoint.,response_status; response_bytes; route.name,backlog,,,tests/test_routing.py:795
routing.test_route_name.staticmethod,upstream_test,tests/test_routing.py,test_route_name[staticmethod],uncertain,starlette.routing.Route,Construct Route with the selected endpoint shape: static-method endpoint.,response_status; response_bytes; route.name,backlog,,,tests/test_routing.py:795
routing.test_route_repr,upstream_test,tests/test_routing.py,test_route_repr,uncertain,starlette.routing.Route,"Construct the app, route, or WebSocket scope described by this upstream behavior family. Exercise its direct constructor, lookup, lifecycle, or ASGI callable input sequence.",route.representation,backlog,,,tests/test_routing.py:1029
routing.test_route_repr_without_methods,upstream_test,tests/test_routing.py,test_route_repr_without_methods,uncertain,starlette.routing.Route,"Construct the app, route, or WebSocket scope described by this upstream behavior family. Exercise its direct constructor, lookup, lifecycle, or ASGI callable input sequence.",route.representation,backlog,,,tests/test_routing.py:1034
routing.test_router,upstream_test,tests/test_routing.py,test_router,supported,starlette.routing.Router; starlette.routing.Route; starlette.routing.Mount,"Construct the app, route, or WebSocket scope for this behavior family and supply these request/event inputs in order: get('/'), post('/'), get('/foo'), get('/users'), get('/users/tomchristie'), get('/users/me'), get('/users/tomchristie/'), put('/users/tomchristie:disable'), get('/users/nomatch'), get('/static/123').",response_status; response_bytes,backlog,,,tests/test_routing.py:181; tests/conftest.py:test_client_factory
routing.test_router_add_route,upstream_test,tests/test_routing.py,test_router_add_route,uncertain,starlette.routing.Router.add_route,"Construct the app, route, or WebSocket scope for this behavior family and supply these request/event inputs in order: get('/func').",response_status; response_bytes,backlog,,,tests/test_routing.py:295; tests/conftest.py:test_client_factory
routing.test_router_add_websocket_route,upstream_test,tests/test_routing.py,test_router_add_websocket_route,uncertain,starlette.routing.Router.add_websocket_route; starlette.routing.WebSocketRoute,"Construct the app, route, or WebSocket scope for this behavior family and supply these request/event inputs in order: websocket_connect('/ws'), websocket_connect('/ws/test').",websocket.messages; websocket.close_code,backlog,,,tests/test_routing.py:307; tests/conftest.py:test_client_factory
routing.test_router_duplicate_path,upstream_test,tests/test_routing.py,test_router_duplicate_path,supported,starlette.routing.Router; starlette.routing.Route; starlette.routing.Router.route-dispatch.duplicate-path-method-fallthrough,"Register GET and POST routes with the same /func path, then POST /func so the earlier method-partial route falls through to the later full match.",route_index; response_status; response_bytes; asgi_event_order; asgi_events,existing,tests/fixtures/sources/parity/router-converter-dispatch.yaml,,tests/test_routing.py:149-150; tests/test_routing.py:301-304; tests/conftest.py:test_client_factory; tests/fixtures/sources/parity/router-converter-dispatch.yaml
routing.test_router_middleware,upstream_test,tests/test_routing.py,test_router_middleware,supported,starlette.routing.Router,"Construct the app, route, or WebSocket scope for this behavior family and supply these request/event inputs in order: get('/').",response_status; response_bytes; response_headers; asgi_event_order,backlog,,,tests/test_routing.py:317; tests/conftest.py:test_client_factory
routing.test_standalone_route_does_not_match,upstream_test,tests/test_routing.py,test_standalone_route_does_not_match,supported,starlette.routing.Route,"Construct the app, route, or WebSocket scope for this behavior family and supply these request/event inputs in order: get('/invalid').",response_status; response_bytes; exception_type_and_observable_payload,backlog,,,tests/test_routing.py:590; tests/conftest.py:test_client_factory
routing.test_standalone_route_matches,upstream_test,tests/test_routing.py,test_standalone_route_matches,supported,starlette.routing.Route,"Construct Route(""/"", PlainTextResponse(...)) as the ASGI application itself (without a Starlette wrapper), then send an HTTP GET scope for /.",response_status; ordered_repeated_headers; response_bytes; ASGI event order; exception_type_and_observable_payload,backlog,,,tests/test_routing.py:580; tests/conftest.py:test_client_factory
routing.test_standalone_ws_route_does_not_match,upstream_test,tests/test_routing.py,test_standalone_ws_route_does_not_match,supported,starlette.routing.WebSocketRoute; starlette.websockets.WebSocketDisconnect,"Construct the app, route, or WebSocket scope for this behavior family and supply these request/event inputs in order: websocket_connect('/invalid').",response_status; response_bytes; exception_type_and_observable_payload,backlog,,,tests/test_routing.py:616; tests/conftest.py:test_client_factory
routing.test_standalone_ws_route_matches,upstream_test,tests/test_routing.py,test_standalone_ws_route_matches,supported,starlette.routing.WebSocketRoute; starlette.websockets.WebSocket,"Construct the app, route, or WebSocket scope for this behavior family and supply these request/event inputs in order: websocket_connect('/').",response_status; response_bytes; exception_type_and_observable_payload,backlog,,,tests/test_routing.py:606; tests/conftest.py:test_client_factory
routing.test_subdomain_reverse_urls,upstream_test,tests/test_routing.py,test_subdomain_reverse_urls,supported,starlette.datastructures.URLPath.make_absolute_url.route-host-override,"Construct Host(""{subdomain}.example.org"", app=...) and reverse the named Host route with subdomain foo and path /homepage; make the resulting URLPath absolute against https://whatever.",generated_url_path; response_url,existing,tests/fixtures/sources/parity/urlpath-absolute.yaml,,tests/test_routing.py:512-518; starlette/routing.py:493-511; tests/fixtures/sources/parity/urlpath-absolute.yaml
routing.test_subdomain_routing,upstream_test,tests/test_routing.py,test_subdomain_routing,supported,starlette.routing.Router.route-dispatch.host-route-match; starlette.routing.Router.route-dispatch.host-path-parameter-propagation,"Construct Router([Host(""{subdomain}.example.org"", app=...)]) and dispatch GET / with Host foo.example.org; the ASGI app returns the captured subdomain and the router scope observation records path_params.",response_status; response_bytes; route_scope.path_params,existing,tests/fixtures/sources/parity/host-routing.yaml,,tests/test_routing.py:500-509; starlette/routing.py:478-491; tests/fixtures/sources/parity/host-routing.yaml
routing.test_url_for,upstream_test,tests/test_routing.py,test_url_for,supported,starlette.routing.Router.url_path_for; starlette.datastructures.URLPath.make_absolute_url,"Construct the source Router with its homepage, unnamed /users Mount, and /ws WebSocket route; reverse-generate each URLPath and make it absolute against both HTTPS bases used by the source test.",generated_url_path; generated_url_protocol; absolute_url,existing,tests/fixtures/sources/parity/urlpath-absolute.yaml,,tests/test_routing.py:275-292; tests/test_routing.py:120-152; starlette/routing.py:427-452; tests/fixtures/sources/parity/urlpath-absolute.yaml
routing.test_url_for_with_double_mount,upstream_test,tests/test_routing.py,test_url_for_with_double_mount,supported,starlette.applications.Starlette; starlette.routing.Mount; starlette.applications.Starlette.url_path_for.double-mount,"Construct a Starlette app with /mount and a nested named /static Mount backed by the input-defined no-op ASGI app, then call app.url_path_for('mount:static', path='123').",generated_url_path,existing,tests/fixtures/sources/parity/reverse-url-routing.yaml,,tests/test_routing.py:564-567; starlette/routing.py:363-452; tests/fixtures/sources/parity/reverse-url-routing.yaml; tests/fixtures/manifest.yaml
routing.test_url_for_with_root_path,upstream_test,tests/test_routing.py,test_url_for_with_root_path,supported,starlette.routing.Router; starlette.routing.Mount; starlette.routing.Route,"Construct the named index Route and nested /submount Mount from the source, then use one HTTPS TestClient with root_path=/sub_path to GET /sub_path/ and /sub_path/submount/; each endpoint calls Request.url_for for both route names.",Request.url_for absolute URL values; response URL; response status/body; scope.path; scope.root_path,existing,tests/fixtures/sources/parity/testclient-http.yaml,,tests/test_routing.py:526-548; tests/conftest.py:test_client_factory; starlette/requests.py:186-194; starlette/routing.py:363-425; tests/fixtures/sources/parity/testclient-http.yaml
routing.test_url_for_with_root_path_ending_with_slash,upstream_test,tests/test_routing.py,test_url_for_with_root_path_ending_with_slash,supported,starlette.routing.Router; starlette.routing.Route,Construct the named homepage Route from the source and use one HTTPS TestClient with root_path=/sub_path/ to GET /sub_path/; the endpoint calls Request.url_for for itself.,Request.url_for absolute URL value; response URL; response status/body; scope.path; scope.root_path,existing,tests/fixtures/sources/parity/testclient-http.yaml,,tests/test_routing.py:570-575; tests/conftest.py:test_client_factory; starlette/requests.py:186-194; tests/fixtures/sources/parity/testclient-http.yaml
routing.test_url_path_for.invalid-string-values,upstream_test,tests/test_routing.py,test_url_path_for[slash-and-empty-string-values],uncertain,starlette.routing.Router; starlette.routing.Mount; starlette.routing.Route; starlette.routing.NoMatchFound; starlette.routing.Router.url_path_for.converter-error-propagation,Invoke Router.url_path_for through an unnamed /users Mount with a slash-containing and then empty value for the named string-converter route.,exception_class_and_message,existing,tests/fixtures/sources/parity/reverse-url-routing.yaml,,tests/test_routing.py:270-273; starlette/convertors.py:26-31; starlette/routing.py:427-452; tests/fixtures/sources/parity/reverse-url-routing.yaml
routing.test_url_path_for.success,upstream_test,tests/test_routing.py,test_url_path_for[successful-lookups],supported,starlette.routing.Router; starlette.routing.Route; starlette.routing.Mount; starlette.routing.WebSocketRoute,"Invoke Router.url_path_for for the source homepage, user Route nested under the unnamed /users Mount, and /ws WebSocket route; compare each URLPath path and protocol.",generated_url_path; generated_url_protocol,existing,tests/fixtures/sources/parity/urlpath-absolute.yaml,,tests/test_routing.py:120-152; tests/test_routing.py:261-263; starlette/routing.py:427-452; tests/fixtures/sources/parity/urlpath-absolute.yaml
routing.test_url_path_for.unmatched-name,upstream_test,tests/test_routing.py,test_url_path_for[unmatched-name-and-params],uncertain,starlette.routing.Router; starlette.routing.NoMatchFound; starlette.routing.Router.url_path_for.mismatch,Invoke Router.url_path_for for the source name 'broken' once without parameters and once with key/value and key2/value2.,exception_class_and_message,existing,tests/fixtures/sources/parity/reverse-url-routing.yaml,,tests/test_routing.py:265-268; starlette/routing.py:30-38; tests/fixtures/sources/parity/reverse-url-routing.yaml
routing.test_websocket_route_middleware,upstream_test,tests/test_routing.py,test_websocket_route_middleware,supported,starlette.routing.WebSocketRoute.route-dispatch.middleware-accept-header,"Construct WebSocketRoute('/ws') with an input-configured middleware callback that appends X-Test to websocket.accept; dispatch connect, accept, send_text('Hello, world!'), and close.",asgi_events including websocket.accept headers; websocket.send; websocket.close,existing,tests/fixtures/sources/parity/websocket-route-dispatch.yaml,,tests/test_routing.py:991-1026; starlette/routing.py:297-323; tests/conftest.py:test_client_factory; tests/fixtures/sources/parity/websocket-route-dispatch.yaml
routing.test_websocket_route_repr,upstream_test,tests/test_routing.py,test_websocket_route_repr,uncertain,starlette.routing.WebSocketRoute,"Construct the app, route, or WebSocket scope described by this upstream behavior family. Exercise its direct constructor, lookup, lifecycle, or ASGI callable input sequence.",websocket.messages; websocket.close_code,backlog,,,tests/test_routing.py:1039
websockets.test_additional_headers,upstream_test,tests/test_websockets.py,test_additional_headers,supported,starlette.testclient.TestClient.websocket-session.extra-headers,Call TestClient.websocket_connect('/') against an input ASGI app that accepts with one ordered header pair; compare the session's extra_headers with the live websocket.accept headers.,WebSocketTestSession.extra_headers; ordered websocket.accept headers; event order,existing,tests/fixtures/sources/parity/testclient-websocket.yaml,,tests/test_websockets.py:451-459;starlette/testclient.py:102-118;starlette/websockets.py:100-110;tests/fixtures/sources/parity/testclient-websocket.yaml
websockets.test_application_close,upstream_test,tests/test_websockets.py,test_application_close,supported,starlette.testclient.TestClient.websocket-session.scope-projection;starlette.testclient.TestClient.websocket-session.accept-handshake;starlette.testclient.TestClient.websocket-session.application-close-code;starlette.testclient.TestClient.websocket-session.portal-cleanup,Use TestClient.websocket_connect('/') against an app that accepts then closes with code 1001; call receive_text and capture the resulting WebSocketDisconnect.,projected scope; websocket.close and websocket.disconnect events; WebSocketDisconnect class/code/reason; app completion; portal thread state after exit,existing,tests/fixtures/sources/parity/testclient-websocket.yaml,,tests/test_websockets.py:283-294;starlette/testclient.py:150-163;starlette/websockets.py:36-50;tests/fixtures/sources/parity/testclient-websocket.yaml
websockets.test_client_close,upstream_test,tests/test_websockets.py,test_client_close,supported,starlette.testclient.TestClient.websocket-session.client-close-code-reason; starlette.websockets.WebSocket.receive_text; starlette.websockets.WebSocketDisconnect,"Use TestClient.websocket_connect('/') against an app that accepts, awaits WebSocket.receive_text(), and captures WebSocketDisconnect while the client closes with code=1001 and reason='Going Away'.",raw websocket.disconnect event; WebSocketDisconnect class/code/reason,existing,tests/fixtures/sources/parity/testclient-websocket.yaml,,tests/test_websockets.py:241-259; starlette/testclient.py:181-182; starlette/websockets.py:36-50; tests/conftest.py:test_client_factory; tests/fixtures/sources/parity/testclient-websocket.yaml
websockets.test_client_disconnect_on_send,upstream_test,tests/test_websockets.py,test_client_disconnect_on_send,supported,starlette.websocket.api.send.os-error.disconnect-details,"Construct a WebSocket, accept the supplied connect event, then call send_text('Hello, world!') while the ASGI send callback raises OSError with the supplied message.",WebSocketDisconnect class/code/reason/context; ordered ASGI callback tape; final client_state and application_state,existing,tests/fixtures/sources/parity/websocket-convenience.yaml,,tests/test_websockets.py:263-280; starlette/websockets.py:77-89; tests/fixtures/sources/parity/websocket-convenience.yaml
websockets.test_duplicate_close,upstream_test,tests/test_websockets.py,test_duplicate_close,supported,starlette.websocket.api.close.framing; starlette.websocket.api.close.duplicate,"Connect, accept, call WebSocket.close twice, and record the live outcomes and ASGI callback tape.",first close ASGI event; second close action error class/message; callback order; final client/application states,existing,tests/fixtures/sources/parity/websocket-convenience.yaml,,tests/test_websockets.py:483-493;starlette/websockets.py:59-99;starlette/websockets.py:180-181;tests/fixtures/sources/parity/websocket-convenience.yaml
websockets.test_duplicate_disconnect,upstream_test,tests/test_websockets.py,test_duplicate_disconnect,supported,starlette.websockets.WebSocket; starlette.websockets.WebSocketDisconnect,"Construct the app, route, or WebSocket scope for this behavior family and supply these request/event inputs in order: websocket_connect('/').",websocket.messages; websocket.close_code; websocket.disconnect_code; websocket.disconnect_reason; exception_type_and_observable_payload,backlog,,,tests/test_websockets.py:496; tests/conftest.py:test_client_factory
websockets.test_no_additional_headers,upstream_test,tests/test_websockets.py,test_no_additional_headers,supported,starlette.testclient.TestClient.websocket-session.extra-headers,Call TestClient.websocket_connect('/') against an input ASGI app that accepts without additional headers; compare the session's empty extra_headers with the live websocket.accept headers.,WebSocketTestSession.extra_headers; empty websocket.accept headers; event order,existing,tests/fixtures/sources/parity/testclient-websocket.yaml,,tests/test_websockets.py:462-470;starlette/testclient.py:102-118;starlette/websockets.py:100-110;tests/fixtures/sources/parity/testclient-websocket.yaml
websockets.test_receive_before_accept,upstream_test,tests/test_websockets.py,test_receive_before_accept,uncertain,starlette.websockets.WebSocket.receive; starlette.websockets.WebSocketState,"Construct the app, route, or WebSocket scope for this behavior family and supply these request/event inputs in order: websocket_connect('/'), send({'type': 'websocket.send'}).",websocket.messages; websocket.close_code; exception_type_and_observable_payload,backlog,,,tests/test_websockets.py:631; tests/conftest.py:test_client_factory
websockets.test_receive_bytes_before_accept,upstream_test,tests/test_websockets.py,test_receive_bytes_before_accept,supported,starlette.websocket.api.receive.bytes.before-accept,"Construct a WebSocket in the connecting application state with a supplied websocket.connect event, then call receive_bytes before accept.",action error class/message; ordered ASGI callback tape; final client_state and application_state,existing,tests/fixtures/sources/parity/websocket-convenience.yaml,,tests/test_websockets.py:586;starlette/websockets.py:123-128;tests/fixtures/sources/parity/websocket-convenience.yaml
websockets.test_receive_json_before_accept,upstream_test,tests/test_websockets.py,test_receive_json_before_accept,supported,starlette.websocket.api.receive.json.before-accept,"Construct a WebSocket in the connecting application state with a supplied websocket.connect event, then call receive_json with its default valid mode before accept.",action error class/message; ordered ASGI callback tape; final client_state and application_state,existing,tests/fixtures/sources/parity/websocket-convenience.yaml,,tests/test_websockets.py:597;starlette/websockets.py:130-135;tests/fixtures/sources/parity/websocket-convenience.yaml
websockets.test_receive_json_invalid_mode,upstream_test,tests/test_websockets.py,test_receive_json_invalid_mode,supported,starlette.websocket.api.receive.json.invalid-mode,"Construct a WebSocket, accept the supplied websocket.connect event, then call receive_json(mode='invalid').",action error class/message; ASGI callback tape with no receive after accept; final WebSocket states,existing,tests/fixtures/sources/parity/websocket-convenience.yaml,,tests/test_websockets.py:563; starlette/websockets.py:123-132; tests/fixtures/sources/parity/websocket-convenience.yaml
websockets.test_receive_text_before_accept,upstream_test,tests/test_websockets.py,test_receive_text_before_accept,supported,starlette.websocket.api.receive.text.before-accept,"Construct a WebSocket in the connecting application state with a supplied websocket.connect event, then call receive_text before accept.",action error class/message; ordered ASGI callback tape; final client_state and application_state,existing,tests/fixtures/sources/parity/websocket-convenience.yaml,,tests/test_websockets.py:575;starlette/websockets.py:116-120;tests/fixtures/sources/parity/websocket-convenience.yaml
websockets.test_receive_wrong_message_type,upstream_test,tests/test_websockets.py,test_receive_wrong_message_type,supported,starlette.websocket.state.connected-receive-invalid-type,"Construct WebSocket with two supplied websocket.connect events; receive the first, send websocket.accept, then receive the second while connected.",action_results[*].outcome; action_results[*].error_class; action_results[*].error_message; client_state; application_state,existing,tests/fixtures/sources/parity/websocket-state-sequence.yaml,,tests/test_websockets.py:644;starlette/websockets.py:38-57;starlette-rs/src/websocket.rs:133-162;tests/fixtures/sources/parity/websocket-state-sequence.yaml
websockets.test_rejected_connection,upstream_test,tests/test_websockets.py,test_rejected_connection,supported,starlette.testclient.TestClient.websocket-session.scope-projection;starlette.testclient.TestClient.websocket-session.rejected-connection-disconnect;starlette.testclient.TestClient.websocket-session.portal-cleanup,"Use TestClient.websocket_connect('/') against an ASGI app that receives through WebSocket.receive() and calls WebSocket.close() with the input close code before accepting.",projected scope; propagated WebSocketDisconnect class/code/default reason; app completion; portal thread state after exit,existing,tests/fixtures/sources/parity/testclient-websocket.yaml,,tests/test_websockets.py:296-307; tests/conftest.py:13-25; starlette/testclient.py:102-125; starlette/websockets.py:20-23; starlette/websockets.py:180-182; tests/fixtures/sources/parity/testclient-websocket.yaml
websockets.test_send_before_accept,upstream_test,tests/test_websockets.py,test_send_before_accept,supported,starlette.websocket.state.invalid-transition,Construct WebSocket and call send with an input websocket.send message while the application state is connecting.,action_results[*].action_id; action_results[*].outcome; action_results[*].error_message; client_state; application_state,existing,tests/fixtures/sources/parity/websocket-state-sequence.yaml,,tests/test_websockets.py:608-616;starlette/websockets.py:59-76;starlette-rs/src/websocket.rs:52-219;tests/fixtures/sources/parity/websocket-state-sequence.yaml
websockets.test_send_denial_response,upstream_test,tests/test_websockets.py,test_send_denial_response,supported,starlette.websocket.api.receive.raw; starlette.websocket.api.denial-response.present,"Receive the input websocket.connect event, then pass the input-defined status/content/headers Response to WebSocket.send_denial_response.",action_results[*].value; asgi_callback_tape; client_state; application_state,existing,tests/fixtures/sources/parity/websocket-convenience.yaml,,tests/test_websockets.py:310-324;starlette/websockets.py:47-61;starlette/websockets.py:183-196;tests/fixtures/sources/parity/websocket-convenience.yaml
websockets.test_send_denial_response_with_file_response,upstream_test,tests/test_websockets.py,test_send_denial_response_with_file_response,supported,starlette.websocket.api.receive.raw; starlette.websocket.api.denial-response.present; starlette.websocket.api.denial-response.file,"Receive the input websocket.connect event, create FileResponse from the supplied filename/content/modification time, then pass it to WebSocket.send_denial_response.",action_results[*].value; asgi_callback_tape; client_state; application_state,existing,tests/fixtures/sources/parity/websocket-convenience.yaml,,tests/test_websockets.py:346-362;starlette/websockets.py:47-61;starlette/websockets.py:183-196;tests/fixtures/sources/parity/websocket-convenience.yaml
websockets.test_send_denial_response_with_streaming_response,upstream_test,tests/test_websockets.py,test_send_denial_response_with_streaming_response,supported,starlette.websocket.api.receive.raw; starlette.websocket.api.denial-response.present; starlette.websocket.api.denial-response.streaming,"Receive the input websocket.connect event, create StreamingResponse from the supplied body chunks, then pass it to WebSocket.send_denial_response.",action_results[*].value; asgi_callback_tape; client_state; application_state,existing,tests/fixtures/sources/parity/websocket-convenience.yaml,,tests/test_websockets.py:326-343;starlette/websockets.py:47-61;starlette/websockets.py:183-196;tests/fixtures/sources/parity/websocket-convenience.yaml
websockets.test_send_json_invalid_mode,upstream_test,tests/test_websockets.py,test_send_json_invalid_mode,supported,starlette.websocket.api.send.json.invalid-mode,"Construct a WebSocket, accept the supplied websocket.connect event, then call send_json({}, mode='invalid').",action error class/message; ASGI callback tape with no send after accept; final WebSocket states,existing,tests/fixtures/sources/parity/websocket-convenience.yaml,,tests/test_websockets.py:551; starlette/websockets.py:167-181; tests/fixtures/sources/parity/websocket-convenience.yaml
websockets.test_send_response_duplicate_start,upstream_test,tests/test_websockets.py,test_send_response_duplicate_start,supported,starlette.websockets.WebSocket.send_denial_response,"Construct the app, route, or WebSocket scope for this behavior family and supply these request/event inputs in order: websocket_connect('/').",websocket.messages; websocket.close_code; websocket.denial_status; websocket.denial_headers; websocket.denial_body; exception_type_and_observable_payload,backlog,,,tests/test_websockets.py:409; tests/conftest.py:test_client_factory
websockets.test_send_response_multi,upstream_test,tests/test_websockets.py,test_send_response_multi,supported,starlette.testclient.TestClient.websocket-session.denial-response-exception,"Use TestClient.websocket_connect('/') against an ASGI app that receives websocket.connect, sends websocket.http.response.start with status 404 plus content-type=text/plain and foo=bar headers, then sends the hard body chunk with more_body=True and the terminal body chunk.",ASGI receive and send event tapes; WebSocketDenialResponse class; WebSocketDisconnect isinstance result; httpx.Response isinstance result; status_code; ordered response headers; concatenated content bytes,existing,tests/fixtures/sources/parity/testclient-websocket.yaml,,tests/test_websockets.py:12;tests/test_websockets.py:364-385;starlette/testclient.py:92-100;starlette/testclient.py:115-128;starlette/testclient.py:150-163;tests/fixtures/sources/parity/testclient-websocket.yaml
websockets.test_send_response_unsupported,upstream_test,tests/test_websockets.py,test_send_response_unsupported,supported,starlette.websockets.WebSocket.send_denial_response,"Construct the app, route, or WebSocket scope for this behavior family and supply these request/event inputs in order: websocket_connect('/').",websocket.messages; websocket.close_code; websocket.url; websocket.denial_status; websocket.denial_headers; websocket.denial_body; exception_type_and_observable_payload,backlog,,,tests/test_websockets.py:388; tests/conftest.py:test_client_factory
websockets.test_send_wrong_message_type,upstream_test,tests/test_websockets.py,test_send_wrong_message_type,supported,starlette.websocket.state.connected-send-invalid-type,Construct WebSocket and send websocket.accept twice so the second send is attempted in the connected application state.,action_results[*].outcome; action_results[*].error_class; action_results[*].error_message; client_state; application_state,existing,tests/fixtures/sources/parity/websocket-state-sequence.yaml,,tests/test_websockets.py:619-628;starlette/websockets.py:59-76;starlette-rs/src/websocket.rs:183-216;tests/fixtures/sources/parity/websocket-state-sequence.yaml
websockets.test_subprotocol,upstream_test,tests/test_websockets.py,test_subprotocol,supported,starlette.websockets.WebSocket,"Construct the app, route, or WebSocket scope for this behavior family and supply these request/event inputs in order: websocket_connect('/', subprotocols=['soap', 'wamp']).",websocket.messages; websocket.close_code; websocket.accept_subprotocol,backlog,,,tests/test_websockets.py:439; tests/conftest.py:test_client_factory
websockets.test_websocket_binary_json,upstream_test,tests/test_websockets.py,test_websocket_binary_json,supported,starlette.websocket.api.accept.empty-headers;starlette.websocket.api.receive.json.binary;starlette.websocket.api.send.json.binary;starlette.websocket.api.close.framing,"Accept the supplied WebSocket connect event, decode one binary JSON frame, send the same JSON value as a binary frame, and close.",action_results[*].value; ordered ASGI callback tape; client_state; application_state,existing,tests/fixtures/sources/parity/websocket-convenience.yaml,,tests/test_websockets.py:31-43;starlette/websockets.py:130-142;starlette/websockets.py:171-181;tests/fixtures/sources/parity/websocket-convenience.yaml
websockets.test_websocket_close_reason,upstream_test,tests/test_websockets.py,test_websocket_close_reason,supported,starlette.testclient.TestClient.websocket-session.scope-projection;starlette.testclient.TestClient.websocket-session.accept-handshake;starlette.testclient.TestClient.websocket-session.application-close-code;starlette.testclient.TestClient.websocket-session.application-close-reason;starlette.testclient.TestClient.websocket-session.portal-cleanup,Use TestClient.websocket_connect('/') against an app that accepts then closes with code 1001 and reason 'Going Away'; call receive_text and capture the resulting WebSocketDisconnect.,projected scope; websocket.close and websocket.disconnect events; WebSocketDisconnect class/code/reason; app completion; portal thread state after exit,existing,tests/fixtures/sources/parity/testclient-websocket.yaml,,tests/test_websockets.py:540-548;starlette/testclient.py:150-163;starlette/websockets.py:36-50;tests/fixtures/sources/parity/testclient-websocket.yaml
websockets.test_websocket_concurrency_pattern,upstream_test,tests/test_websockets.py,test_websocket_concurrency_pattern,supported,starlette.websockets.WebSocket,"Construct the app, route, or WebSocket scope for this behavior family and supply these request/event inputs in order: websocket_connect('/'), send_json({'hello': 'world'}).",websocket.messages; websocket.close_code,backlog,,,tests/test_websockets.py:211; tests/conftest.py:test_client_factory
websockets.test_websocket_ensure_unicode_on_send_json,upstream_test,tests/test_websockets.py,test_websocket_ensure_unicode_on_send_json,supported,starlette.websocket.api.accept.empty-headers;starlette.websocket.api.receive.json.text;starlette.websocket.api.send.json.text;starlette.websocket.api.close.framing,"Accept the supplied WebSocket connect event, decode one Unicode JSON text frame, send the same JSON value as a text frame, and close.",action_results[*].value; ordered ASGI callback tape; client_state; application_state,existing,tests/fixtures/sources/parity/websocket-convenience.yaml,,tests/test_websockets.py:46-61;starlette/websockets.py:130-142;starlette/websockets.py:171-181;tests/fixtures/sources/parity/websocket-convenience.yaml
websockets.test_websocket_exception,upstream_test,tests/test_websockets.py,test_websocket_exception,supported,starlette.testclient.TestClient.websocket-session.scope-projection;starlette.testclient.TestClient.websocket-session.application-exception-propagation;starlette.testclient.TestClient.websocket-session.portal-cleanup,"Use TestClient.websocket_connect('/123?a=abc') against an ASGI3 app that raises the input AssertionError before sending a handshake; compare both supported backend configurations.",projected scope; propagated exception class/message/stage; app completion; portal thread state after exit,existing,tests/fixtures/sources/parity/testclient-websocket.yaml,,tests/test_websockets.py:473-480; tests/conftest.py:13-25; starlette/testclient.py:102-125; tests/fixtures/sources/parity/testclient-websocket.yaml
websockets.test_websocket_headers,upstream_test,tests/test_websockets.py,test_websocket_headers,supported,starlette.websockets.WebSocket,"Construct the app, route, or WebSocket scope for this behavior family and supply these request/event inputs in order: websocket_connect('/'). Record whether brotli or brotlicffi is loaded because the upstream test is conditionally skipped when either is present.",websocket.messages; websocket.close_code; websocket.accept_headers,backlog,,,tests/test_websockets.py:82; tests/conftest.py:test_client_factory
websockets.test_websocket_iter_bytes,upstream_test,tests/test_websockets.py,test_websocket_iter_bytes,supported,starlette.websocket.api.iter_bytes.async-for; starlette.testclient.TestClient.websocket-session.application-iter-bytes,"Accept a TestClient WebSocket, iterate binary input with iter_bytes(), and send the input-defined byte prefix for each yielded item; client sends b'Hello, world!' and receives the response, then session exit delivers disconnect.",websocket.receive; websocket.send; session.actions; app.completed; event_tape,existing,tests/fixtures/sources/parity/testclient-websocket.yaml,,tests/test_websockets.py:183-194; tests/conftest.py:13-25; starlette/websockets.py:151-156; docs/websockets.md:76-98; tests/fixtures/sources/parity/testclient-websocket.yaml
websockets.test_websocket_iter_json,upstream_test,tests/test_websockets.py,test_websocket_iter_json,supported,starlette.websocket.api.iter_json.async-for; starlette.testclient.TestClient.websocket-session.application-iter-json,"Accept a TestClient WebSocket, iterate JSON input with iter_json(), and send each yielded value under the input-selected object key; client sends {'hello': 'world'} and receives the response, then session exit delivers disconnect.",websocket.receive; websocket.send; session.actions; app.completed; event_tape,existing,tests/fixtures/sources/parity/testclient-websocket.yaml,,tests/test_websockets.py:197-208; tests/conftest.py:13-25; starlette/websockets.py:158-163; docs/websockets.md:76-98; tests/fixtures/sources/parity/testclient-websocket.yaml
websockets.test_websocket_iter_text,upstream_test,tests/test_websockets.py,test_websocket_iter_text,supported,starlette.websocket.api.iter_text.async-for; starlette.testclient.TestClient.websocket-session.application-iter-text,"Accept a TestClient WebSocket, iterate text input with iter_text(), and send the input-defined prefix for each yielded item; client sends 'Hello, world!' and receives the response, then session exit delivers disconnect.",websocket.receive; websocket.send; session.actions; app.completed; event_tape,existing,tests/fixtures/sources/parity/testclient-websocket.yaml,,tests/test_websockets.py:169-180; tests/conftest.py:13-25; starlette/websockets.py:144-149; docs/websockets.md:76-98; tests/fixtures/sources/parity/testclient-websocket.yaml
websockets.test_websocket_port,upstream_test,tests/test_websockets.py,test_websocket_port,supported,starlette.testclient.TestClient.websocket-session.application-url,"Connect to ws://example.com:123/123?a=abc; construct WebSocket from its live scope, send the URL and selected components, then close.",app websocket.url.port; emitted websocket.send JSON; client receive_json value,existing,tests/fixtures/sources/parity/testclient-websocket.yaml,,tests/test_websockets.py:105-117;starlette/requests.py:107-114;docs/websockets.md:25-32;tests/fixtures/sources/parity/testclient-websocket.yaml
websockets.test_websocket_query_params,upstream_test,tests/test_websockets.py,test_websocket_query_params,supported,starlette.testclient.TestClient.websocket-session.application-query-params,"Construct a WebSocket in the ASGI app for websocket_connect('/?a=abc&b=456'), cast query_params to dict, return the mapping as JSON, and close.",websocket.query_params; client.receive_json.params,existing,tests/fixtures/sources/parity/testclient-websocket.yaml,,tests/test_websockets.py:64-75; tests/conftest.py:14-27; starlette/requests.py:139-142; starlette/websockets.py:26-32
websockets.test-scope-mapping,upstream_test,tests/test_websockets.py,test_websocket_scope_interface,supported,starlette.websockets.WebSocket,"Construct the app, route, or WebSocket scope described by this upstream behavior family. Exercise its direct constructor, lookup, lifecycle, or ASGI callable input sequence.",websocket.scope_mapping; websocket.mapping_keys; websocket.mapping_length,backlog,,,tests/test_websockets.py:510; docs/websockets.md:20-23
websockets.test-scope-equality-hash,upstream_test,tests/test_websockets.py,test_websocket_scope_interface[equality-and-hash],uncertain,starlette.websockets.WebSocket,Construct two WebSocket objects from equivalent scopes and inspect object equality and set membership.,websocket.object_equality; websocket.hashability; websocket.set_membership,backlog,,,tests/test_websockets.py:510
websockets.test_websocket_send_and_receive_bytes,upstream_test,tests/test_websockets.py,test_websocket_send_and_receive_bytes,supported,starlette.websocket.api.accept.empty-headers;starlette.websocket.api.receive.bytes;starlette.websocket.api.send.bytes;starlette.websocket.api.close.framing,"Accept the supplied connect event, receive the input binary frame, send the source-selected binary response, and close.",action_results[*].value; ordered ASGI callback tape; client_state; application_state,existing,tests/fixtures/sources/parity/websocket-convenience.yaml,,tests/test_websockets.py:135-150;starlette/websockets.py:123-128;starlette/websockets.py:168-181;tests/fixtures/sources/parity/websocket-convenience.yaml
websockets.test_websocket_send_and_receive_json,upstream_test,tests/test_websockets.py,test_websocket_send_and_receive_json,supported,starlette.websocket.api.accept.empty-headers;starlette.websocket.api.receive.json.text;starlette.websocket.api.send.json.text;starlette.websocket.api.close.framing,"Accept the supplied connect event, receive the input JSON text frame, send the source-selected JSON response as text, and close.",action_results[*].value; ordered ASGI callback tape; client_state; application_state,existing,tests/fixtures/sources/parity/websocket-convenience.yaml,,tests/test_websockets.py:152-167;starlette/websockets.py:130-142;starlette/websockets.py:171-181;tests/fixtures/sources/parity/websocket-convenience.yaml
websockets.test_websocket_send_and_receive_text,upstream_test,tests/test_websockets.py,test_websocket_send_and_receive_text,supported,starlette.websocket.api.accept.empty-headers;starlette.websocket.api.receive.text;starlette.websocket.api.send.text;starlette.websocket.api.close.framing,"Accept the supplied connect event, receive the input text frame, send the source-selected text response, and close.",action_results[*].value; ordered ASGI callback tape; client_state; application_state,existing,tests/fixtures/sources/parity/websocket-convenience.yaml,,tests/test_websockets.py:118-133;starlette/websockets.py:116-121;starlette/websockets.py:165-181;tests/fixtures/sources/parity/websocket-convenience.yaml
websockets.test_websocket_url,upstream_test,tests/test_websockets.py,test_websocket_url,supported,starlette.testclient.TestClient.websocket-session.application-url,"Connect to /123?a=abc; have the ASGI app construct WebSocket from its live scope, send str(websocket.url) and URL components as JSON, then close.",app websocket.url; emitted websocket.send JSON; client receive_json value,existing,tests/fixtures/sources/parity/testclient-websocket.yaml,,tests/test_websockets.py:18-31;starlette/requests.py:107-114;docs/websockets.md:25-32;tests/fixtures/sources/parity/testclient-websocket.yaml
support.test-client-factory,test_support,tests/conftest.py,test_client_factory,private/internal,,Instantiate TestClient with each AnyIO backend name and backend options; apply it to the per-test ASGI stimuli.,environment_identity.python_backend,not_applicable,,Shared harness setup only; backend selection is run metadata and has no independent routing behavior.,tests/conftest.py:14-27; tests/types.py:10-27
support.convertor-registry-reset,test_support,tests/test_convertors.py,refresh_convertor_types,private/internal,starlette.convertors.register_url_convertor,Snapshot and restore the custom convertor registry around the convertor test module.,lifecycle_and_cleanup_effects,not_applicable,,This fixture isolates global registry mutation between tests and has no independent request-level behavior.,tests/test_convertors.py:14-21
support.endpoints-client,test_support,tests/test_endpoints.py,client,private/internal,starlette.endpoints.HTTPEndpoint,Create the module-level endpoint router client through the shared TestClientFactory.,environment_identity.python_backend,not_applicable,,This fixture wraps the shared endpoint app and does not add an independent endpoint behavior.,tests/test_endpoints.py:20-28; tests/conftest.py:14-27
support.routing-client,test_support,tests/test_routing.py,client,private/internal,starlette.routing.Router,Create the module-level routing app client through the shared TestClientFactory.,environment_identity.python_backend,not_applicable,,The fixture wraps the shared route table; individual route behaviors are already listed by their test functions.,tests/test_routing.py:176-179; tests/conftest.py:14-27
endpoints.doc-method-dispatch,documentation,docs/endpoints.md,HTTP method dispatch and unsupported methods,supported,starlette.endpoints.HTTPEndpoint,Define selected HTTP method handlers and send matching and nonmatching methods.,response_status; response_headers.allow; selected_handler,existing,tests/fixtures/sources/parity/router-class-based-endpoints.yaml,,docs/endpoints.md:48-49; tests/fixtures/sources/parity/router-class-based-endpoints.yaml
endpoints.doc-http-class,documentation,docs/endpoints.md,HTTPEndpoint application and routed use,supported,starlette.endpoints.HTTPEndpoint; starlette.routing.Route,Use an endpoint subclass directly as an ASGI app and through Route; issue requests with and without path values.,response_status; response_bytes; scope.path_params,existing,tests/fixtures/sources/parity/http-endpoint-dispatch.yaml,,docs/endpoints.md:5-46; tests/fixtures/sources/parity/http-endpoint-dispatch.yaml; tests/fixtures/sources/parity/router-class-based-endpoints.yaml
endpoints.doc-ws-encoding,documentation,docs/endpoints.md,WebSocketEndpoint encoding modes,supported,starlette.endpoints.WebSocketEndpoint.dispatch.decode-default-empty-text-failure,"Use encoding=None with an empty websocket text frame, then compare the live exception and the code observed by an input-defined on_disconnect hook that calls websocket.close.",exception_type_and_observable_payload; websocket.messages; websocket.close_code,existing,tests/fixtures/sources/parity/websocket-endpoint-dispatch.yaml,,docs/endpoints.md:53-63; starlette/endpoints.py:116-117; tests/fixtures/sources/parity/websocket-endpoint-dispatch.yaml
endpoints.doc-ws-hooks,documentation,docs/endpoints.md,WebSocketEndpoint lifecycle hooks,supported,starlette.endpoints.WebSocketEndpoint,"Connect, send data, and disconnect while overriding on_connect, on_receive, and on_disconnect.",websocket.messages; websocket.close_code; lifecycle_and_cleanup_effects,backlog,,,docs/endpoints.md:65-85
routing.doc-lifespan-test-context,documentation,docs/lifespan.md,TestClient context manager runs lifespan,supported,starlette.routing.Router.lifespan,Run an app with lifespan inside the TestClient context manager; issue an HTTP request between enter and exit.,lifespan.events; response_status; lifecycle_and_cleanup_effects,backlog,,,docs/lifespan.md:142-158
routing.doc-lifespan,documentation,docs/lifespan.md,lifespan context startup and teardown,supported,starlette.routing.Router.lifespan,"Supply async-context-manager lifespan, send startup, issue a request, then send shutdown.",lifespan.events; response_status; lifecycle_and_cleanup_effects,backlog,,,docs/lifespan.md:2-30
routing.doc-lifespan-state-mapping-access,documentation,docs/lifespan.md,mapping-style request and WebSocket state access,supported,starlette.routing.Router.lifespan; starlette.websockets.WebSocket,Yield a typed state mapping during lifespan; access a member through dictionary syntax from an HTTP handler and a WebSocket endpoint.,request.state_observations; websocket.state_observations; lifecycle_and_cleanup_effects,existing,tests/fixtures/sources/parity/testclient-lifespan-context.yaml,,docs/lifespan.md:76-114;docs/lifespan.md:117-129;tests/fixtures/sources/parity/testclient-lifespan-context.yaml
routing.doc-lifespan-state,documentation,docs/lifespan.md,shallow-copy lifespan state,supported,starlette.routing.Router.lifespan,Yield immutable and mutable values in lifespan state and make repeated HTTP and WebSocket requests that mutate request-visible state.,lifespan.events; request.state_observations; websocket.state_observations; lifecycle_and_cleanup_effects,existing,tests/fixtures/sources/parity/testclient-lifespan-context.yaml,,docs/lifespan.md:35-74;docs/lifespan.md:117-129;tests/fixtures/sources/parity/testclient-lifespan-context.yaml
routing.doc.basic,documentation,docs/routing.md,HTTP route endpoint forms,supported,starlette.routing.Route,Create a route list with sync/async request handlers and an ASGI class endpoint; issue HTTP requests to their configured paths.,response_status; response_bytes; selected_endpoint,backlog,,,docs/routing.md:1-31
routing.doc-low-level-router,documentation,docs/routing.md,Router as lightweight ASGI app,supported,starlette.routing.Router,Invoke Router directly with HTTP scope and nested route definitions.,response_status; response_bytes; asgi_event_order,backlog,,,docs/routing.md:279-294
routing.doc-websocket-route,documentation,docs/routing.md,WebSocketRoute endpoint and path parameters,supported,starlette.routing.WebSocketRoute; starlette.websockets.WebSocket,Configure function and ASGI-class WebSocket endpoints with fixed and parameterized paths; connect to each.,websocket.connection_outcome; websocket.messages; websocket.close_code; scope.path_params,backlog,,,docs/routing.md:327-364
routing.doc-custom-convertor,documentation,docs/routing.md,custom datetime convertor,supported,starlette.convertors.Convertor; starlette.convertors.register_url_convertor; starlette.routing.Route,"Register an input-defined regex converter, dispatch a date-time path value to its synchronous handler, then reverse-generate a URL from a datetime value.",response_status; response_bytes from the converted value's strftime result; generated_url_path,existing,tests/fixtures/sources/parity/router-converter-dispatch.yaml; tests/fixtures/sources/parity/reverse-url-routing.yaml,,docs/routing.md:58-83; tests/fixtures/sources/parity/router-converter-dispatch.yaml; tests/fixtures/sources/parity/reverse-url-routing.yaml
routing.doc-http-methods,documentation,docs/routing.md,default and explicit HTTP methods,supported,starlette.routing.Route,Create a route with default methods and another with an explicit method collection; send matching and nonmatching methods.,response_status; response_headers.allow; selected_endpoint,backlog,,,docs/routing.md:94-103
routing.doc.default-string,documentation,docs/routing.md,default string path capture,supported,starlette.routing.Route,Route an untyped path parameter and request one segment plus a value followed by another slash.,route_scope.path_params; response_status,existing,tests/fixtures/sources/parity/router-converter-dispatch.yaml,,docs/routing.md:33-40; tests/fixtures/sources/parity/router-converter-dispatch.yaml
routing.doc-float,documentation,docs/routing.md,float convertor,supported,starlette.routing.Route; starlette.convertors.FloatConvertor,Register a float path parameter and request a decimal segment and malformed numeric segments.,route_scope.path_params; response_status,existing,tests/fixtures/sources/parity/router-converter-dispatch.yaml,,docs/routing.md:42-55; tests/fixtures/sources/parity/router-converter-dispatch.yaml
routing.doc-host-reverse,documentation,docs/routing.md,host and subdomain reverse lookup,supported,starlette.routing.Router.url_path_for.host-mount-nested-lookup; starlette.routing.Router.url_path_for.mount-lookup-success; starlette.datastructures.URLPath.make_absolute_url.route-host-override,Configure a named subdomain Host containing a named /users Mount with named user_list and user_detail Routes; reverse-generate both child paths with host and route parameters and make them absolute.,generated_url_path; generated_url_host; generated_absolute_url,existing,tests/fixtures/sources/parity/reverse-url-routing.yaml; tests/fixtures/sources/parity/urlpath-absolute.yaml,,"docs/routing.md:240-254; starlette/routing.py:363-452,493-511; tests/fixtures/sources/parity/reverse-url-routing.yaml; tests/fixtures/sources/parity/urlpath-absolute.yaml"
routing.doc-host-matching,documentation,docs/routing.md,host routing and request port treatment,supported,starlette.routing.Router.route-dispatch.host-route-match; starlette.routing.Router.route-dispatch.host-route-child-dispatch; starlette.routing.Router.route-dispatch.host-configured-port-ignored,"Construct the documented Host routes and nested child routes, then dispatch the documented paths with matching host names and varied request ports.",response_status; response_bytes; route_index,existing,tests/fixtures/sources/parity/host-routing.yaml,,docs/routing.md:211-238; starlette/routing.py:466-512; tests/fixtures/sources/parity/host-routing.yaml
routing.doc-int,documentation,docs/routing.md,int convertor,supported,starlette.routing.Route; starlette.convertors.IntegerConvertor,Register an int path parameter and request digit and non-digit path segments.,route_scope.path_params; response_status,existing,tests/fixtures/sources/parity/router-converter-dispatch.yaml,,docs/routing.md:42-55; tests/fixtures/sources/parity/router-converter-dispatch.yaml
routing.doc-body-size,documentation,docs/routing.md,max_body_size on route/router/mount,supported,starlette.routing.Route; starlette.routing.Router; starlette.routing.Mount,"Configure outer and nested request-body limits; send request bodies at and around limits, including multipart bytes and chunked input.",response_status; response_headers; response_bytes; asgi_event_order,backlog,,,docs/routing.md:296-325
routing.doc-mount-app,documentation,docs/routing.md,mount ASGI subapplication,supported,starlette.routing.Mount,Mount an ASGI app under a prefix and request a path beneath that prefix.,response_status; response_bytes; scope.root_path,backlog,,,docs/routing.md:132-147
routing.doc-mount-routes,documentation,docs/routing.md,mount route lists,supported,starlette.routing.Mount; starlette.routing.Route,Mount nested route lists under common prefixes and request root and nested paths.,response_status; selected_endpoint; scope.path_params,backlog,,,docs/routing.md:104-130
routing.doc-path,documentation,docs/routing.md,path convertor,supported,starlette.routing.Route; starlette.convertors.PathConvertor,Register a path parameter and request slash-separated path components as the value.,route_scope.path_params; response_status,existing,tests/fixtures/sources/parity/router-converter-dispatch.yaml,,docs/routing.md:42-55; tests/fixtures/sources/parity/router-converter-dispatch.yaml
routing.doc-path-params,documentation,docs/routing.md,request path_params mapping,supported,starlette.routing.Route,Route an untyped named path value to an endpoint that reads request.path_params and returns the selected value.,response_status; response_bytes containing the selected request.path_params value,existing,tests/fixtures/sources/parity/router-class-based-endpoints.yaml,,docs/routing.md:85-92; tests/fixtures/sources/parity/router-class-based-endpoints.yaml
routing.doc-reverse-params,documentation,docs/routing.md,reverse URL path parameters,supported,starlette.routing.Route.url_path_for.str-converter; starlette.datastructures.URLPath.make_absolute_url.route-host-override,Generate a named parameterized Route path from a supplied username and exercise absolute URL construction from a Host-backed URLPath.,generated_url_path; generated_absolute_url,existing,tests/fixtures/sources/parity/reverse-url-routing.yaml; tests/fixtures/sources/parity/urlpath-absolute.yaml,,docs/routing.md:165-174; starlette/routing.py:427-452; starlette/datastructures.py:194-202; tests/fixtures/sources/parity/reverse-url-routing.yaml; tests/fixtures/sources/parity/urlpath-absolute.yaml
routing.doc-reverse-name,documentation,docs/routing.md,reverse lookup by route name,supported,starlette.requests.Request.url_for.router-provider; starlette.applications.Starlette.url_path_for.forwarder,Generate a named route URL through Request.url_for with a router provider and through Starlette.url_path_for with an application route.,generated_url_path; generated_url_protocol; generated_url_host,existing,tests/fixtures/sources/parity/reverse-url-routing.yaml,,"docs/routing.md:149-174,204-209; starlette/requests.py:174-180; starlette/applications.py:108-110; tests/fixtures/sources/parity/reverse-url-routing.yaml"
routing.doc-reverse-static-path,documentation,docs/routing.md,reverse lookup for mounted app path,supported,starlette.routing.Router.url_path_for.mount-lookup-success; starlette.datastructures.URLPath.make_absolute_url.base-authority-fallback,"Mount a named static ASGI app under /static, reverse-generate /css/base.css through the path parameter, then make the URLPath absolute against an HTTPS base.",generated_url_path; generated_absolute_url,existing,tests/fixtures/sources/parity/reverse-url-routing.yaml; tests/fixtures/sources/parity/urlpath-absolute.yaml,,docs/routing.md:192-202; starlette/routing.py:363-452; starlette/datastructures.py:194-202; tests/fixtures/sources/parity/reverse-url-routing.yaml; tests/fixtures/sources/parity/urlpath-absolute.yaml
routing.doc-reverse-mount-prefix,documentation,docs/routing.md,reverse lookup through named mounts,supported,starlette.routing.Router.url_path_for.mount-lookup-success; starlette.requests.Request.url_for.mount-app-root-path,"Create a named Mount with a named parameterized child Route, reverse-generate the nested name from Router and Request.url_for, and preserve the supplied path parameter.",generated_url_path; generated_url_protocol; generated_url_host,existing,tests/fixtures/sources/parity/reverse-url-routing.yaml,,docs/routing.md:176-190; starlette/routing.py:363-452; starlette/requests.py:174-180; tests/fixtures/sources/parity/reverse-url-routing.yaml
routing.doc-route-priority,documentation,docs/routing.md,route order priority,supported,starlette.routing.Router; starlette.routing.Route,Arrange overlapping fixed and parameter routes in both orders and request the overlapping path.,selected_endpoint; response_status,backlog,,,docs/routing.md:256-277
routing.doc-router-path-only,documentation,docs/routing.md,router reverse lookup without Request,supported,starlette.routing.Router.url_path_for.first-success; starlette.routing.Router.url_path_for.mount-lookup-success,Call Router.url_path_for directly for named routes and named mounted paths without constructing a Request.,generated_url_path; generated_url_protocol,existing,tests/fixtures/sources/parity/reverse-url-routing.yaml,,docs/routing.md:204-209; starlette/routing.py:493-511; tests/fixtures/sources/parity/reverse-url-routing.yaml
routing.doc-uuid,documentation,docs/routing.md,uuid convertor,supported,starlette.routing.Route; starlette.convertors.UUIDConvertor,Register a UUID path parameter and request accepted compact/hyphenated spellings and an invalid segment.,route_scope.path_params; response_status,existing,tests/fixtures/sources/parity/router-converter-dispatch.yaml,,docs/routing.md:42-50; tests/fixtures/sources/parity/router-converter-dispatch.yaml
websockets.doc-http-exception,documentation,docs/websockets.md,HTTPException for WebSocket authorization denial,supported,starlette.websockets.WebSocket; starlette.routing.WebSocketRoute,Check offered subprotocols and raise an HTTP exception before acceptance for the unauthorized branch; accept the authorized branch.,websocket.connection_outcome; websocket.denial_status; websocket.accept_subprotocol; websocket.messages,backlog,,,docs/websockets.md:127-158
websockets.doc-json-modes,documentation,docs/websockets.md,JSON text and binary modes,supported,starlette.websockets.WebSocket,Send and receive JSON in text frames by default and binary frames with the mode argument.,websocket.messages; websocket.frame_type; response_json_value,backlog,,,docs/websockets.md:60-74
websockets.doc-denial-extension,optional_feature,docs/websockets.md,WebSocket Denial Response extension,supported,starlette.websockets.WebSocket.send_denial_response,"Expose the denial-response extension in scope, receive connect, and submit a response through WebSocket denial handling.",websocket.denial_status; websocket.denial_headers; websocket.denial_body; asgi_event_order,backlog,,,docs/websockets.md:118-125
websockets.doc-url,documentation,docs/websockets.md,WebSocket URL fields,supported,starlette.testclient.TestClient.websocket-session.application-url,"Supply a relative URL and an explicit-port URL with query text; construct WebSocket from each live TestClient scope and send str(websocket.url), path, port, and scheme to the client.",websocket.url; websocket.url.path; websocket.url.port; websocket.url.scheme; client receive_json values,existing,tests/fixtures/sources/parity/testclient-websocket.yaml,,docs/websockets.md:25-32;starlette/requests.py:107-114;tests/fixtures/sources/parity/testclient-websocket.yaml
websockets.doc-iterators,documentation,docs/websockets.md,WebSocket async iterators,supported,starlette.websocket.api.iter_text.async-for; starlette.websocket.api.iter_bytes.async-for; starlette.websocket.api.iter_json.async-for; starlette.testclient.TestClient.websocket-session.application-iter-text; starlette.testclient.TestClient.websocket-session.application-iter-bytes; starlette.testclient.TestClient.websocket-session.application-iter-json,"Accept TestClient WebSocket sessions for text, bytes, and JSON; iterate each supplied client frame and return an app-selected response, then close each session to deliver disconnect and end async iteration.",websocket.receive; websocket.send; websocket.disconnect; session.actions; app.completed; event_tape,existing,tests/fixtures/sources/parity/testclient-websocket.yaml,,docs/websockets.md:76-98; starlette/websockets.py:144-163; tests/fixtures/sources/parity/testclient-websocket.yaml
websockets.doc-headers,documentation,docs/websockets.md,WebSocket header mapping,supported,starlette.websockets.WebSocket,Supply repeated and differently-cased handshake headers and read them through the header mapping.,websocket.headers; ordered_repeated_headers,backlog,,,docs/websockets.md:34-38
websockets.doc-path-params,documentation,docs/websockets.md,WebSocket path parameters,supported,starlette.websockets.WebSocket,Route a WebSocket path with a named parameter and inspect path_params in the endpoint.,websocket.path_params,backlog,,,docs/websockets.md:46-50
websockets.doc-query,documentation,docs/websockets.md,WebSocket query parameter mapping,supported,starlette.testclient.TestClient.websocket-session.application-query-params,"Supply an inline query URL, construct WebSocket in the app, and return the parsed query_params mapping.",websocket.query_params; client.receive_json.params,existing,tests/fixtures/sources/parity/testclient-websocket.yaml,,docs/websockets.md:40-44; starlette/requests.py:139-142; starlette/websockets.py:26-32
websockets.doc-scope,documentation,docs/websockets.md,WebSocket scope mapping,supported,starlette.websockets.WebSocket,Construct WebSocket from ASGI scope and access scope entries through its mapping interface.,websocket.scope_mapping; websocket.mapping_keys,backlog,,,docs/websockets.md:20-23
websockets.api-doc-constructor-defaults,api_behavior,docs/websockets.md,"WebSocket(scope, receive=None, send=None) documentation/source discrepancy",uncertain,starlette.websockets.WebSocket,"Attempt construction from a WebSocket scope with only scope, then with explicit receive and send callables.",constructor_success_or_exception; exception_type_and_observable_payload,backlog,,,docs/websockets.md:5-17; starlette/websockets.py:26-31
websockets.doc-accept,documentation,docs/websockets.md,accept subprotocol and headers,supported,starlette.websockets.WebSocket.accept,Offer protocols and accept with a selected protocol plus optional response headers.,websocket.accept_subprotocol; websocket.accept_headers; asgi_event_order,backlog,,,docs/websockets.md:52-55
websockets.doc-default-denial,documentation,docs/websockets.md,close before accept,supported,starlette.websockets.WebSocket.close,Receive a connection and close before acceptance.,websocket.connection_outcome; websocket.denial_status; websocket.close_code,backlog,,,docs/websockets.md:113-117
websockets.doc-close,documentation,docs/websockets.md,close code and reason,supported,starlette.websockets.WebSocket.close; starlette.websockets.WebSocketDisconnect,Accept and close with a chosen code and reason; observe the peer disconnect.,websocket.disconnect_code; websocket.disconnect_reason; exception_type_and_observable_payload,backlog,,,docs/websockets.md:99-102
websockets.doc-raw,documentation,docs/websockets.md,generic message methods and state tracking,supported,starlette.websockets.WebSocket.send; starlette.websockets.WebSocket.receive,Exchange generic ASGI WebSocket messages with valid and invalid state transitions.,asgi_event_order; websocket.client_state; websocket.application_state; exception_type_and_observable_payload,backlog,,,docs/websockets.md:103-111
websockets.doc-text-bytes,documentation,docs/websockets.md,send and receive text/binary,supported,starlette.websockets.WebSocket,Accept and send/receive text and binary frames using typed helper methods.,websocket.messages; websocket.close_code,backlog,,,docs/websockets.md:56-71
endpoints.api.http-sync-handler,api_behavior,starlette/endpoints.py,HTTPEndpoint synchronous handler dispatch,uncertain,starlette.endpoints.HTTPEndpoint,Define a synchronous GET handler on an HTTPEndpoint subclass and send an HTTP request through Route.,response_status; response_bytes; exception_type_and_observable_payload; environment_identity.python_backend,existing,tests/fixtures/sources/parity/router-class-based-endpoints.yaml,,starlette/endpoints.py:32-46; tests/test_endpoints.py:test_http_endpoint_route; tests/fixtures/sources/parity/router-class-based-endpoints.yaml
routing.api.router-slash-redirect,api_behavior,starlette/routing.py,Router slash redirect matching and response,supported,starlette.routing.Router.route-dispatch.redirect-slash-append-root-path-query;starlette.routing.Router.route-dispatch.redirect-rstrip-repeated-slashes;starlette.routing.Router.route-dispatch.redirect-candidate-partial-method-match;starlette.routing.Router.route-dispatch.redirect-disabled;starlette.routing.Router.route-dispatch.redirect-no-counterpart,"Exercise slash append and rstrip candidates, root_path and query preservation, partial method matches, disabled redirects, and missing counterparts.",response_status; response_headers; response_bytes; asgi_event_order,existing,tests/fixtures/sources/parity/router-slash-redirect.yaml,,starlette/routing.py:666-720;tests/test_routing.py:test_router;tests/fixtures/sources/parity/router-slash-redirect.yaml
routing.api.router-live-route-mutation,api_behavior,starlette/routing.py,Router dispatch reflects live Route.methods and Router.routes mutations,supported,starlette.routing.Router.route-dispatch.live-route-list-append;starlette.routing.Router.route-dispatch.live-route-method-mutation,"Dispatch once to populate route state, add a method to an existing Route.methods set, then append a Route before the next matching dispatches.",route_index; response_status; response_bytes; asgi_event_order; asgi_events,existing,tests/fixtures/sources/parity/router-cache-invalidation.yaml,,starlette/routing.py:242-273;starlette/routing.py:672-720;tests/test_routing.py:295-300;tests/fixtures/sources/parity/router-cache-invalidation.yaml
websockets.api.raw-protocol-sequence,api_behavior,starlette/websockets.py,WebSocket.receive and WebSocket.send ordered ASGI callback tape,supported,starlette.websocket.protocol.handshake-text-close;starlette.websocket.protocol.disconnect;starlette.websocket.protocol.invalid-transition;starlette.websocket.protocol.receive-after-disconnect;starlette.websocket.protocol.binary-exchange;starlette.websocket.protocol.send-oserror-disconnect,"Construct WebSocket from a WebSocket scope and supply ordered receive() and send(message) actions for handshake/text/close, binary exchange, disconnect, receive after disconnect, send before acceptance, and a connected send callback that raises OSError. The observed tape records callback messages chronologically and retains the attempted send whose callback raises.",ordered receive/send callback tape; direction; canonical message,existing,tests/fixtures/sources/parity/websocket-protocol.yaml,,starlette/websockets.py:13-89;tests/fixtures/sources/parity/websocket-protocol.yaml
websockets.api.state-sequence,api_behavior,starlette/websockets.py,WebSocket.receive and WebSocket.send projected outcomes and protocol states,supported,starlette.websocket.state.handshake-text-close;starlette.websocket.state.disconnect;starlette.websocket.state.invalid-transition;starlette.websocket.state.receive-after-disconnect;starlette.websocket.state.binary-exchange;starlette.websocket.state.send-oserror-disconnect,"Repeat the six ordered receive/send stimuli from the protocol-sequence inputs, projecting each action to its outcome and optional error message while observing both final state enums; payload bytes and Python exception metadata are outside this projection.",action_results[*].action_id; action_results[*].outcome; action_results[*].error_message; client_state; application_state,existing,tests/fixtures/sources/parity/websocket-state-sequence.yaml,,starlette/websockets.py:13-89;starlette-rs/src/websocket.rs:52-219;tests/fixtures/sources/parity/websocket-state-sequence.yaml
routing.api.websocket-route-dispatch,api_behavior,starlette/routing.py,"WebSocketRoute root-path match, Router miss, and standalone HTTP-scope dispatch",supported,starlette.routing.WebSocketRoute.route-dispatch.matched-root-path;starlette.routing.WebSocketRoute.route-dispatch.router-miss-close;starlette.routing.WebSocketRoute.route-dispatch.http-scope-404,"Construct WebSocketRoute(/rooms/{room:str}) and an application; dispatch a root_path-prefixed matching WebSocket scope, an unmatched WebSocket scope, and a matching HTTP scope directly to the standalone route.",route_scope; asgi_events; response_status; response_bytes,existing,tests/fixtures/sources/parity/websocket-route-dispatch.yaml,,starlette/routing.py:167-189;starlette/routing.py:297-353;starlette/routing.py:616-625;starlette/routing.py:672-729;tests/fixtures/sources/parity/websocket-route-dispatch.yaml
routing.api.router-converter-dispatch,api_behavior,starlette/routing.py,Router built-in converter matching and ordered route selection,supported,starlette.routing.Router.route-dispatch.string-converter-match;starlette.routing.Router.route-dispatch.int-converter-match;starlette.routing.Router.route-dispatch.float-converter-match;starlette.routing.Router.route-dispatch.uuid-converter-match;starlette.routing.Router.route-dispatch.path-converter-match;starlette.routing.Router.route-dispatch.converter-miss;starlette.routing.Router.route-dispatch.static-parameter-order;starlette.routing.Router.route-dispatch.duplicate-path-method-fallthrough;starlette.routing.Router.route-dispatch.root-path-match;starlette.routing.Router.route-dispatch.root-path-prefix-boundary;starlette.routing.Router.route-dispatch.custom-converter-override,"Dispatch built-in str, int, float, uuid, and path converters; exercise invalid converter paths, static/parameter declaration orders, identical path registrations with method fallthrough, root_path matching and prefix boundaries, and a Python-registered override of str.",response_status; response_bytes; route_index; route_scope.path_params,existing,tests/fixtures/sources/parity/router-converter-dispatch.yaml,,starlette/routing.py:102-123;starlette/routing.py:576-619;starlette/convertors.py:15-77;tests/test_routing.py:149-150;tests/test_routing.py:301-304;tests/fixtures/sources/parity/router-converter-dispatch.yaml
request.api.path-param-types,api_behavior,starlette/requests.py,Request path_params with built-in converters and CPython integer digit limit,supported,starlette.request.path-param-string;starlette.request.path-param-int;starlette.request.path-param-float;starlette.request.path-param-uuid;starlette.request.path-param-path;starlette.request.path-param-int-digit-limit;starlette.request.query-params-getlist-scalar;starlette.request.headers-case-insensitive;starlette.request.cookies;starlette.request.json-chunked-body;starlette.routing.request-scope-values;starlette.asgi.request-dispatch-events,"Run Request-style endpoint observations for str, int, float, uuid, and path values plus a 5001-digit int parameter against CPython 3.12's default conversion limit.",request.path_params; request_observations.path_param; route_scope.path_params; response_status; exception_type_and_observable_payload,existing,tests/fixtures/sources/parity/request-path-param-types.yaml,,starlette/requests.py:214-287;starlette/routing.py:102-123;tests/fixtures/sources/parity/request-path-param-types.yaml
routing.api.mount-route-dispatch,api_behavior,starlette/routing.py,"Mount nested paths, scope composition, and inner misses",supported,starlette.routing.Mount.route-dispatch.scope-extension;starlette.routing.Mount.route-dispatch.miss;starlette.routing.Mount.route-dispatch.child-not-found;starlette.routing.Mount.route-dispatch.child-method-not-allowed;starlette.routing.Mount.route-dispatch.inherited-path-parameter-collision;starlette.routing.Mount.route-dispatch.nested-scope-composition;starlette.routing.Mount.route-dispatch.nested-mount-miss,"Exercise flat and recursively nested Mounts with typed path parameters, scope overrides, accumulated root_path, retained app_root_path, successful leaf responses, outer and inner misses, and child 404/405 outcomes.",response_status; response_bytes; mount_scope.root_path; mount_scope.app_root_path; mount_scope.path_params,existing,tests/fixtures/sources/parity/mount-route-dispatch.yaml,,starlette/routing.py:362-424; starlette/routing.py:633-720; tests/fixtures/sources/parity/mount-route-dispatch.yaml
