catalog_row,record_type,qualified_name,signature_or_value,constructor_signature,source,line,documentation_evidence,audit_status,api_disposition,evidence_refs,rationale
2,source-reexport-candidate,starlette.applications.ASGIApp,from starlette.types import ASGIApp,,starlette/applications.py,14,source import only,candidate only; importability is not public-status evidence,uncertain,starlette/applications.py:14,"This is an import binding in applications.py for annotations or stack construction. The pinned docs demonstrate the canonical owning module, not a promised starlette.applications re-export."
3,assignment,starlette.applications.AppType,"TypeVar(""AppType"", bound=""Starlette"")",,starlette/applications.py,16,module source only; name not matched in docs scan,public-name candidate; not reviewed,private/internal,starlette/applications.py:16,Generic typing scaffolding used to annotate the implementation; it is not documented as a consumer API.
4,source-reexport-candidate,starlette.applications.BaseRoute,from starlette.routing import BaseRoute,,starlette/applications.py,13,source import only,candidate only; importability is not public-status evidence,uncertain,starlette/applications.py:13,"This is an import binding in applications.py for annotations or stack construction. The pinned docs demonstrate the canonical owning module, not a promised starlette.applications re-export."
5,source-reexport-candidate,starlette.applications.ExceptionHandler,from starlette.types import ExceptionHandler,,starlette/applications.py,14,source import only,candidate only; importability is not public-status evidence,uncertain,starlette/applications.py:14,"This is an import binding in applications.py for annotations or stack construction. The pinned docs demonstrate the canonical owning module, not a promised starlette.applications re-export."
6,source-reexport-candidate,starlette.applications.ExceptionMiddleware,from starlette.middleware.exceptions import ExceptionMiddleware,,starlette/applications.py,10,source import only,candidate only; importability is not public-status evidence,uncertain,starlette/applications.py:10,"This is an import binding in applications.py for annotations or stack construction. The pinned docs demonstrate the canonical owning module, not a promised starlette.applications re-export."
7,source-reexport-candidate,starlette.applications.Lifespan,from starlette.types import Lifespan,,starlette/applications.py,14,source import only,candidate only; importability is not public-status evidence,uncertain,starlette/applications.py:14,"This is an import binding in applications.py for annotations or stack construction. The pinned docs demonstrate the canonical owning module, not a promised starlette.applications re-export."
8,source-reexport-candidate,starlette.applications.Middleware,from starlette.middleware import Middleware,,starlette/applications.py,7,source import only,candidate only; importability is not public-status evidence,uncertain,starlette/applications.py:7,"This is an import binding in applications.py for annotations or stack construction. The pinned docs demonstrate the canonical owning module, not a promised starlette.applications re-export."
9,assignment,starlette.applications.P,"ParamSpec(""P"")",,starlette/applications.py,17,module source only; name not matched in docs scan,public-name candidate; not reviewed,private/internal,starlette/applications.py:17,Generic typing scaffolding used to annotate the implementation; it is not documented as a consumer API.
10,source-reexport-candidate,starlette.applications.Receive,from starlette.types import Receive,,starlette/applications.py,14,source import only,candidate only; importability is not public-status evidence,uncertain,starlette/applications.py:14,"This is an import binding in applications.py for annotations or stack construction. The pinned docs demonstrate the canonical owning module, not a promised starlette.applications re-export."
11,source-reexport-candidate,starlette.applications.Request,from starlette.requests import Request,,starlette/applications.py,11,source import only,candidate only; importability is not public-status evidence,uncertain,starlette/applications.py:11,"This is an import binding in applications.py for annotations or stack construction. The pinned docs demonstrate the canonical owning module, not a promised starlette.applications re-export."
12,source-reexport-candidate,starlette.applications.RequestBodyLimitMiddleware,from starlette.middleware.body_limit import RequestBodyLimitMiddleware,,starlette/applications.py,8,source import only,candidate only; importability is not public-status evidence,uncertain,starlette/applications.py:8,"This is an import binding in applications.py for annotations or stack construction. The pinned docs demonstrate the canonical owning module, not a promised starlette.applications re-export."
13,source-reexport-candidate,starlette.applications.Response,from starlette.responses import Response,,starlette/applications.py,12,source import only,candidate only; importability is not public-status evidence,uncertain,starlette/applications.py:12,"This is an import binding in applications.py for annotations or stack construction. The pinned docs demonstrate the canonical owning module, not a promised starlette.applications re-export."
14,source-reexport-candidate,starlette.applications.Router,from starlette.routing import Router,,starlette/applications.py,13,source import only,candidate only; importability is not public-status evidence,uncertain,starlette/applications.py:13,"This is an import binding in applications.py for annotations or stack construction. The pinned docs demonstrate the canonical owning module, not a promised starlette.applications re-export."
15,source-reexport-candidate,starlette.applications.Scope,from starlette.types import Scope,,starlette/applications.py,14,source import only,candidate only; importability is not public-status evidence,uncertain,starlette/applications.py:14,"This is an import binding in applications.py for annotations or stack construction. The pinned docs demonstrate the canonical owning module, not a promised starlette.applications re-export."
16,source-reexport-candidate,starlette.applications.Send,from starlette.types import Send,,starlette/applications.py,14,source import only,candidate only; importability is not public-status evidence,uncertain,starlette/applications.py:14,"This is an import binding in applications.py for annotations or stack construction. The pinned docs demonstrate the canonical owning module, not a promised starlette.applications re-export."
17,source-reexport-candidate,starlette.applications.ServerErrorMiddleware,from starlette.middleware.errors import ServerErrorMiddleware,,starlette/applications.py,9,source import only,candidate only; importability is not public-status evidence,uncertain,starlette/applications.py:9,"This is an import binding in applications.py for annotations or stack construction. The pinned docs demonstrate the canonical owning module, not a promised starlette.applications re-export."
18,api-directive,starlette.applications.Starlette,,,docs/applications.md,3,mkdocstrings API expansion directive,confirmed documented API reference,supported,docs/applications.md:3; starlette/applications.py:20-54,The pinned applications guide expands this public API reference for Starlette.
19,class,starlette.applications.Starlette,class Starlette:,"def __init__(self: AppType, debug: bool=False, routes: Sequence[BaseRoute] | None=None, middleware: Sequence[Middleware] | None=None, exception_handlers: Mapping[Any, ExceptionHandler] | None=None, lifespan: Lifespan[AppType] | None=None, *, max_body_size: int | None=None) -> None:",starlette/applications.py,20,explicitly referenced in docs,documented symbol; review defaults and behavior,supported,"docs/applications.md:2-10,11-55; starlette/applications.py:20-60; tests/test_applications.py:139-157",The class is explicitly documented and instantiated in the pinned guide; constructor behavior is corroborated by application tests.
20,documented-import,starlette.applications.Starlette,,,docs/applications.md,17,explicit Python import in upstream docs,confirmed documented import path,supported,docs/applications.md:17; starlette/applications.py,An explicit pinned documentation API directive or Python import establishes this consumer-facing symbol/path.
21,documented-import,starlette.applications.Starlette,,,docs/authentication.md,8,explicit Python import in upstream docs,confirmed documented import path,supported,docs/authentication.md:8,"The pinned guide contains this exact import statement, establishing the documented consumer import path for starlette.applications.Starlette."
22,documented-import,starlette.applications.Starlette,,,docs/background.md,14,explicit Python import in upstream docs,confirmed documented import path,supported,docs/background.md:14; starlette/applications.py,An explicit pinned documentation API directive or Python import establishes this consumer-facing symbol/path.
23,documented-import,starlette.applications.Starlette,,,docs/config.md,9,explicit Python import in upstream docs,confirmed documented import path,supported,docs/config.md:9,"The pinned guide contains this exact import statement, establishing the documented consumer import path for starlette.applications.Starlette."
24,documented-import,starlette.applications.Starlette,,,docs/endpoints.md,24,explicit Python import in upstream docs,confirmed documented import path,supported,docs/endpoints.md:24,The pinned user guide imports this symbol in a runnable public usage example; this documentation import establishes the path.
25,documented-import,starlette.applications.Starlette,,,docs/exceptions.md,6,explicit Python import in upstream docs,confirmed documented import path,supported,docs/exceptions.md:6,"The pinned guide contains this exact import statement, establishing the documented consumer import path for starlette.applications.Starlette."
26,documented-import,starlette.applications.Starlette,,,docs/index.md,79,explicit Python import in upstream docs,confirmed documented import path,supported,docs/index.md:79;starlette/applications.py;tests/test_applications.py,The pinned introduction gives an explicit consumer import in a runnable application example; implementation and behavior evidence are in the canonical module and its upstream tests.
27,documented-import,starlette.applications.Starlette,,,docs/lifespan.md,9,explicit Python import in upstream docs,confirmed documented import path,supported,docs/lifespan.md:9; starlette/applications.py,An explicit pinned documentation API directive or Python import establishes this consumer-facing symbol/path.
28,documented-import,starlette.applications.Starlette,,,docs/middleware.md,12,explicit Python import in upstream docs,confirmed documented import path,supported,docs/middleware.md:12;starlette/applications.py:20,The pinned middleware guide explicitly imports this starlette.* path; the canonical source declaration confirms the documented spelling and current contract.
29,documented-import,starlette.applications.Starlette,,,docs/release-notes.md,236,explicit Python import in upstream docs,confirmed documented import path,supported,docs/release-notes.md:236;starlette/applications.py;tests/test_applications.py,The pinned release history uses the symbol as an importable Starlette API and its canonical module defines the current behavior.
30,documented-import,starlette.applications.Starlette,,,docs/routing.md,7,explicit Python import in upstream docs,confirmed documented import path,supported,docs/routing.md:7,The pinned user guide imports this symbol in a runnable public usage example; this documentation import establishes the path.
31,documented-import,starlette.applications.Starlette,,,docs/schemas.md,13,explicit Python import in upstream docs,confirmed documented import path,supported,docs/schemas.md:13,The pinned user guide explicitly imports this starlette.* path in a usage example; that documentation establishes the consumer-facing spelling.
32,documented-import,starlette.applications.Starlette,,,docs/server-push.md,15,explicit Python import in upstream docs,confirmed documented import path,supported,docs/server-push.md:15;starlette/applications.py,The pinned guide explicitly imports this starlette.* path in its example; that establishes the spelling as documented consumer API.
33,documented-import,starlette.applications.Starlette,,,docs/staticfiles.md,18,explicit Python import in upstream docs,confirmed documented import path,supported,docs/staticfiles.md:18,The pinned user guide explicitly imports this starlette.* path in a usage example; that documentation establishes the consumer-facing spelling.
34,documented-import,starlette.applications.Starlette,,,docs/templates.md,17,explicit Python import in upstream docs,confirmed documented import path,supported,docs/templates.md:17,The pinned user guide explicitly imports this starlette.* path in a usage example; that documentation establishes the consumer-facing spelling.
35,documented-import,starlette.applications.Starlette,,,docs/testclient.md,250,explicit Python import in upstream docs,confirmed documented import path,supported,docs/testclient.md:250,The pinned user guide explicitly imports this starlette.* path in a usage example; that documentation establishes the consumer-facing spelling.
36,documented-import,starlette.applications.Starlette,,,docs/websockets.md,130,explicit Python import in upstream docs,confirmed documented import path,supported,docs/websockets.md:130,The pinned user guide imports this symbol in a runnable public usage example; this documentation import establishes the path.
37,special-method,starlette.applications.Starlette.__call__,"async def __call__(self, scope: Scope, receive: Receive, send: Send) -> None:",,starlette/applications.py,92,class source only; method not matched in docs scan,method candidate; not reviewed,supported,docs/applications.md:11-55; docs/middleware.md:423-434; starlette/applications.py:92-96; tests/test_applications.py:160-285,Starlette is documented as an application and its callable implementation accepts the standard ASGI scope/receive/send boundary; HTTP and WebSocket dispatch tests corroborate it.
38,constructor,starlette.applications.Starlette.__init__,"def __init__(self: AppType, debug: bool=False, routes: Sequence[BaseRoute] | None=None, middleware: Sequence[Middleware] | None=None, exception_handlers: Mapping[Any, ExceptionHandler] | None=None, lifespan: Lifespan[AppType] | None=None, *, max_body_size: int | None=None) -> None:",,starlette/applications.py,23,class source only; method not matched in docs scan,method candidate; not reviewed,supported,"docs/applications.md:2-10,11-55; starlette/applications.py:23-54",The class API reference and application example establish its constructor and documented configuration arguments.
39,public-method,starlette.applications.Starlette.add_exception_handler,"def add_exception_handler(self, exc_class_or_status_code: int | type[Exception], handler: ExceptionHandler) -> None:",,starlette/applications.py,109,class source only; method not matched in docs scan,method candidate; not reviewed,supported,docs/applications.md:2-10; starlette/applications.py:109; tests/test_applications.py,"A public member of the explicitly documented Starlette class; the class API reference is the public surface evidence, with application tests corroborating runtime behavior."
40,public-method,starlette.applications.Starlette.add_middleware,"def add_middleware(self, middleware_class: _MiddlewareFactory[P], *args: P.args, **kwargs: P.kwargs) -> None:",,starlette/applications.py,104,class source only; method not matched in docs scan,method candidate; not reviewed,supported,docs/applications.md:2-10; starlette/applications.py:104; tests/test_applications.py,"A public member of the explicitly documented Starlette class; the class API reference is the public surface evidence, with application tests corroborating runtime behavior."
41,public-method,starlette.applications.Starlette.add_route,"def add_route(self, path: str, route: Callable[[Request], Awaitable[Response] | Response], methods: list[str] | None=None, name: str | None=None, include_in_schema: bool=True) -> None:",,starlette/applications.py,116,class source only; method not matched in docs scan,method candidate; not reviewed,supported,docs/applications.md:2-10; starlette/applications.py:116; tests/test_applications.py,"A public member of the explicitly documented Starlette class; the class API reference is the public surface evidence, with application tests corroborating runtime behavior."
42,public-method,starlette.applications.Starlette.build_middleware_stack,def build_middleware_stack(self) -> ASGIApp:,,starlette/applications.py,63,class source only; method not matched in docs scan,method candidate; not reviewed,private/internal,"starlette/applications.py:63-83,92-96",This method constructs the internal ASGI middleware chain and is called as an implementation step; the pinned public guide does not describe it as a consumer operation.
43,public-method,starlette.applications.Starlette.host,"def host(self, host: str, app: ASGIApp, name: str | None=None) -> None:",,starlette/applications.py,101,class source only; method not matched in docs scan,method candidate; not reviewed,supported,docs/applications.md:2-10; starlette/applications.py:101; tests/test_applications.py,"A public member of the explicitly documented Starlette class; the class API reference is the public surface evidence, with application tests corroborating runtime behavior."
44,public-method,starlette.applications.Starlette.mount,"def mount(self, path: str, app: ASGIApp, name: str | None=None) -> None:",,starlette/applications.py,98,class source only; method not matched in docs scan,method candidate; not reviewed,supported,docs/applications.md:2-10; starlette/applications.py:98; tests/test_applications.py,"A public member of the explicitly documented Starlette class; the class API reference is the public surface evidence, with application tests corroborating runtime behavior."
45,public-method,starlette.applications.Starlette.routes,def routes(self) -> list[BaseRoute]:,,starlette/applications.py,86,class source only; method not matched in docs scan,method candidate; not reviewed,supported,docs/applications.md:2-10; starlette/applications.py:86; tests/test_applications.py,"A public member of the explicitly documented Starlette class; the class API reference is the public surface evidence, with application tests corroborating runtime behavior."
46,public-method,starlette.applications.Starlette.url_path_for,"def url_path_for(self, name: str, /, **path_params: Any) -> URLPath:",,starlette/applications.py,89,class source only; method not matched in docs scan,method candidate; not reviewed,supported,docs/applications.md:2-10; starlette/applications.py:89-90; tests/test_applications.py:test_url_path_for,A public class member in the Starlette API reference; an upstream consumer-level test exercises URL lookup.
47,source-reexport-candidate,starlette.applications.State,from starlette.datastructures import State,,starlette/applications.py,6,source import only,candidate only; importability is not public-status evidence,uncertain,starlette/applications.py:6,"This is an import binding in applications.py for annotations or stack construction. The pinned docs demonstrate the canonical owning module, not a promised starlette.applications re-export."
48,source-reexport-candidate,starlette.applications.URLPath,from starlette.datastructures import URLPath,,starlette/applications.py,6,source import only,candidate only; importability is not public-status evidence,uncertain,starlette/applications.py:6,"This is an import binding in applications.py for annotations or stack construction. The pinned docs demonstrate the canonical owning module, not a promised starlette.applications re-export."
49,class,starlette.authentication.AuthCredentials,class AuthCredentials:,"def __init__(self, scopes: Sequence[str] | None=None):",starlette/authentication.py,110,module source only; symbol not matched in docs scan,public-name candidate; not reviewed,supported,starlette/authentication.py:110;docs/authentication.md:55-78,"The pinned authentication guide demonstrates or describes this named class/decorator behavior; the assigned authentication tests corroborate its request, WebSocket, and user-facing behavior."
50,constructor,starlette.authentication.AuthCredentials.__init__,"def __init__(self, scopes: Sequence[str] | None=None):",,starlette/authentication.py,111,class source only; method not matched in docs scan,method candidate; not reviewed,supported,starlette/authentication.py:111;docs/authentication.md:55-78,"The pinned authentication guide demonstrates or describes this named class/decorator behavior; the assigned authentication tests corroborate its request, WebSocket, and user-facing behavior."
51,class,starlette.authentication.AuthenticationBackend,class AuthenticationBackend:,inherited or object default; verify,starlette/authentication.py,105,module source only; symbol not matched in docs scan,public-name candidate; not reviewed,supported,starlette/authentication.py:105;docs/authentication.md:8-53,"The pinned authentication guide demonstrates or describes this named class/decorator behavior; the assigned authentication tests corroborate its request, WebSocket, and user-facing behavior."
52,public-method,starlette.authentication.AuthenticationBackend.authenticate,"async def authenticate(self, conn: HTTPConnection) -> tuple[AuthCredentials, BaseUser] | None:",,starlette/authentication.py,106,class source only; method not matched in docs scan,method candidate; not reviewed,supported,starlette/authentication.py:106;docs/authentication.md:20-36,"The pinned authentication guide demonstrates or describes this named class/decorator behavior; the assigned authentication tests corroborate its request, WebSocket, and user-facing behavior."
53,class,starlette.authentication.AuthenticationError,class AuthenticationError(Exception):,inherited or object default; verify,starlette/authentication.py,101,module source only; symbol not matched in docs scan,public-name candidate; not reviewed,supported,starlette/authentication.py:101;docs/authentication.md:8-53,"The pinned authentication guide demonstrates or describes this named class/decorator behavior; the assigned authentication tests corroborate its request, WebSocket, and user-facing behavior."
54,class,starlette.authentication.BaseUser,class BaseUser:,inherited or object default; verify,starlette/authentication.py,115,module source only; symbol not matched in docs scan,public-name candidate; not reviewed,supported,starlette/authentication.py:115;docs/authentication.md:55-78,"The pinned authentication guide demonstrates or describes this named class/decorator behavior; the assigned authentication tests corroborate its request, WebSocket, and user-facing behavior."
55,public-method,starlette.authentication.BaseUser.display_name,def display_name(self) -> str:,,starlette/authentication.py,121,class source only; method not matched in docs scan,method candidate; not reviewed,supported,starlette/authentication.py:121;docs/authentication.md:55-78,"The pinned authentication guide demonstrates or describes this named class/decorator behavior; the assigned authentication tests corroborate its request, WebSocket, and user-facing behavior."
56,public-method,starlette.authentication.BaseUser.identity,def identity(self) -> str:,,starlette/authentication.py,125,class source only; method not matched in docs scan,method candidate; not reviewed,uncertain,starlette/authentication.py:125;docs/authentication.md:55-67;tests/test_authentication.py::test_user_interface,The guide documents BaseUser.is_authenticated and BaseUser.display_name but does not establish identity as a consumer property; implementation and test evidence alone leave this candidate unresolved.
57,public-method,starlette.authentication.BaseUser.is_authenticated,def is_authenticated(self) -> bool:,,starlette/authentication.py,117,class source only; method not matched in docs scan,method candidate; not reviewed,supported,starlette/authentication.py:117;docs/authentication.md:55-78,"The pinned authentication guide demonstrates or describes this named class/decorator behavior; the assigned authentication tests corroborate its request, WebSocket, and user-facing behavior."
58,source-reexport-candidate,starlette.authentication.HTTPConnection,from starlette.requests import HTTPConnection,,starlette/authentication.py,11,source import only,candidate only; importability is not public-status evidence,uncertain,starlette/authentication.py:11;docs/authentication.md:8-16;docs/authentication.md:141-166,The imported symbol is documented under its canonical owning module; the pinned guide does not establish a starlette.authentication re-export contract.
59,source-reexport-candidate,starlette.authentication.HTTPException,from starlette.exceptions import HTTPException,,starlette/authentication.py,10,source import only,candidate only; importability is not public-status evidence,uncertain,starlette/authentication.py:10;docs/authentication.md:8-16;docs/authentication.md:141-166,The imported symbol is documented under its canonical owning module; the pinned guide does not establish a starlette.authentication re-export contract.
60,source-reexport-candidate,starlette.authentication.RedirectResponse,from starlette.responses import RedirectResponse,,starlette/authentication.py,12,source import only,candidate only; importability is not public-status evidence,uncertain,starlette/authentication.py:12;docs/authentication.md:8-16;docs/authentication.md:141-166,The imported symbol is documented under its canonical owning module; the pinned guide does not establish a starlette.authentication re-export contract.
61,source-reexport-candidate,starlette.authentication.Request,from starlette.requests import Request,,starlette/authentication.py,11,source import only,candidate only; importability is not public-status evidence,uncertain,starlette/authentication.py:11;docs/authentication.md:8-16;docs/authentication.md:141-166,The imported symbol is documented under its canonical owning module; the pinned guide does not establish a starlette.authentication re-export contract.
62,class,starlette.authentication.SimpleUser,class SimpleUser(BaseUser):,"def __init__(self, username: str) -> None:",starlette/authentication.py,129,module source only; symbol not matched in docs scan,public-name candidate; not reviewed,supported,starlette/authentication.py:129;docs/authentication.md:55-78,"The pinned authentication guide demonstrates or describes this named class/decorator behavior; the assigned authentication tests corroborate its request, WebSocket, and user-facing behavior."
63,constructor,starlette.authentication.SimpleUser.__init__,"def __init__(self, username: str) -> None:",,starlette/authentication.py,130,class source only; method not matched in docs scan,method candidate; not reviewed,supported,starlette/authentication.py:130;docs/authentication.md:55-78,"The pinned authentication guide demonstrates or describes this named class/decorator behavior; the assigned authentication tests corroborate its request, WebSocket, and user-facing behavior."
64,public-method,starlette.authentication.SimpleUser.display_name,def display_name(self) -> str:,,starlette/authentication.py,138,class source only; method not matched in docs scan,method candidate; not reviewed,supported,starlette/authentication.py:138;docs/authentication.md:55-78,"The pinned authentication guide demonstrates or describes this named class/decorator behavior; the assigned authentication tests corroborate its request, WebSocket, and user-facing behavior."
65,public-method,starlette.authentication.SimpleUser.is_authenticated,def is_authenticated(self) -> bool:,,starlette/authentication.py,134,class source only; method not matched in docs scan,method candidate; not reviewed,supported,starlette/authentication.py:134;docs/authentication.md:55-78,"The pinned authentication guide demonstrates or describes this named class/decorator behavior; the assigned authentication tests corroborate its request, WebSocket, and user-facing behavior."
66,class,starlette.authentication.UnauthenticatedUser,class UnauthenticatedUser(BaseUser):,inherited or object default; verify,starlette/authentication.py,142,module source only; symbol not matched in docs scan,public-name candidate; not reviewed,supported,starlette/authentication.py:142;docs/authentication.md:55-78,"The pinned authentication guide demonstrates or describes this named class/decorator behavior; the assigned authentication tests corroborate its request, WebSocket, and user-facing behavior."
67,public-method,starlette.authentication.UnauthenticatedUser.display_name,def display_name(self) -> str:,,starlette/authentication.py,148,class source only; method not matched in docs scan,method candidate; not reviewed,supported,starlette/authentication.py:148;docs/authentication.md:55-78,"The pinned authentication guide demonstrates or describes this named class/decorator behavior; the assigned authentication tests corroborate its request, WebSocket, and user-facing behavior."
68,public-method,starlette.authentication.UnauthenticatedUser.is_authenticated,def is_authenticated(self) -> bool:,,starlette/authentication.py,144,class source only; method not matched in docs scan,method candidate; not reviewed,supported,starlette/authentication.py:144;docs/authentication.md:55-78,"The pinned authentication guide demonstrates or describes this named class/decorator behavior; the assigned authentication tests corroborate its request, WebSocket, and user-facing behavior."
69,source-reexport-candidate,starlette.authentication.WebSocket,from starlette.websockets import WebSocket,,starlette/authentication.py,13,source import only,candidate only; importability is not public-status evidence,uncertain,starlette/authentication.py:13;docs/authentication.md:8-16;docs/authentication.md:141-166,The imported symbol is documented under its canonical owning module; the pinned guide does not establish a starlette.authentication re-export contract.
70,function,starlette.authentication.has_required_scope,"def has_required_scope(conn: HTTPConnection, scopes: Sequence[str]) -> bool:",,starlette/authentication.py,18,module source only; symbol not matched in docs scan,public-name candidate; not reviewed,private/internal,starlette/authentication.py:18;starlette/authentication.py:18-22;starlette/authentication.py:53-94,This helper exists to implement the public requires decorator and is not documented as a standalone consumer API.
71,source-reexport-candidate,starlette.authentication.is_async_callable,from starlette._utils import is_async_callable,,starlette/authentication.py,9,source import only,candidate only; importability is not public-status evidence,private/internal,starlette/authentication.py:9;starlette/authentication.py:18-22;starlette/authentication.py:53-94,This helper exists to implement the public requires decorator and is not documented as a standalone consumer API.
72,documented-import,starlette.authentication.requires,,,docs/authentication.md,86,explicit Python import in upstream docs,confirmed documented import path,supported,docs/authentication.md:86,"The pinned guide contains this exact import statement, establishing the documented consumer import path for starlette.authentication.requires."
73,function,starlette.authentication.requires,"def requires(scopes: str | Sequence[str], status_code: int=403, redirect: str | None=None) -> Callable[[Callable[_P, Any]], Callable[_P, Any]]:",,starlette/authentication.py,25,explicitly referenced in docs,documented symbol; review defaults and behavior,supported,starlette/authentication.py:25;docs/authentication.md:80-173,"The pinned authentication guide demonstrates or describes this named class/decorator behavior; the assigned authentication tests corroborate its request, WebSocket, and user-facing behavior."
74,class,starlette.background.BackgroundTask,class BackgroundTask:,"def __init__(self, func: Callable[P, Any], *args: P.args, **kwargs: P.kwargs) -> None:",starlette/background.py,12,explicitly referenced in docs,documented symbol; review defaults and behavior,supported,"docs/background.md:2-12,42-46; starlette/background.py:12; tests/test_background.py",The pinned background-task guide names and demonstrates these classes; upstream response-attached task tests corroborate their behavior.
75,documented-import,starlette.background.BackgroundTask,,,docs/background.md,17,explicit Python import in upstream docs,confirmed documented import path,supported,docs/background.md:17; starlette/background.py,An explicit pinned documentation API directive or Python import establishes this consumer-facing symbol/path.
76,special-method,starlette.background.BackgroundTask.__call__,async def __call__(self) -> None:,,starlette/background.py,19,class source only; method not matched in docs scan,method candidate; not reviewed,supported,"docs/background.md:2-12,42-78; starlette/background.py:19; tests/test_background.py",The behavior belongs to a documented task class and is observable through invocation/response attachment; upstream task tests corroborate execution semantics.
77,constructor,starlette.background.BackgroundTask.__init__,"def __init__(self, func: Callable[P, Any], *args: P.args, **kwargs: P.kwargs) -> None:",,starlette/background.py,13,class source only; method not matched in docs scan,method candidate; not reviewed,supported,"docs/background.md:2-12,42-78; starlette/background.py:13; tests/test_background.py",The constructor/add_task operations are part of the documented class signatures and examples.
78,class,starlette.background.BackgroundTasks,class BackgroundTasks(BackgroundTask):,"def __init__(self, tasks: Sequence[BackgroundTask] | None=None):",starlette/background.py,26,explicitly referenced in docs,documented symbol; review defaults and behavior,supported,"docs/background.md:2-12,42-46; starlette/background.py:26; tests/test_background.py",The pinned background-task guide names and demonstrates these classes; upstream response-attached task tests corroborate their behavior.
79,documented-import,starlette.background.BackgroundTasks,,,docs/background.md,51,explicit Python import in upstream docs,confirmed documented import path,supported,docs/background.md:51; starlette/background.py,An explicit pinned documentation API directive or Python import establishes this consumer-facing symbol/path.
80,special-method,starlette.background.BackgroundTasks.__call__,async def __call__(self) -> None:,,starlette/background.py,34,class source only; method not matched in docs scan,method candidate; not reviewed,supported,"docs/background.md:2-12,42-78; starlette/background.py:34; tests/test_background.py",The behavior belongs to a documented task class and is observable through invocation/response attachment; upstream task tests corroborate execution semantics.
81,constructor,starlette.background.BackgroundTasks.__init__,"def __init__(self, tasks: Sequence[BackgroundTask] | None=None):",,starlette/background.py,27,class source only; method not matched in docs scan,method candidate; not reviewed,supported,"docs/background.md:2-12,42-78; starlette/background.py:27; tests/test_background.py","The class and constructor are documented, but the guide prints tasks=[] while the pinned source signature uses tasks=None. Preserve that discrepancy; fixture coverage should probe omitted and supplied-sequence construction without treating the documentation spelling as an oracle expectation."
82,public-method,starlette.background.BackgroundTasks.add_task,"def add_task(self, func: Callable[P, Any], *args: P.args, **kwargs: P.kwargs) -> None:",,starlette/background.py,30,class source only; method not matched in docs scan,method candidate; not reviewed,supported,"docs/background.md:2-12,42-78; starlette/background.py:30; tests/test_background.py",The constructor/add_task operations are part of the documented class signatures and examples.
83,assignment,starlette.background.P,"ParamSpec(""P"")",,starlette/background.py,9,module source only; name not matched in docs scan,public-name candidate; not reviewed,private/internal,starlette/background.py:9,ParamSpec typing machinery used only by the implementation.
84,source-reexport-candidate,starlette.background.is_async_callable,from starlette._utils import is_async_callable,,starlette/background.py,6,source import only,candidate only; importability is not public-status evidence,uncertain,starlette/background.py:6,This helper is imported for internal task classification/execution; no pinned documentation establishes starlette.background as its public import path.
85,source-reexport-candidate,starlette.background.run_in_threadpool,from starlette.concurrency import run_in_threadpool,,starlette/background.py,7,source import only,candidate only; importability is not public-status evidence,uncertain,starlette/background.py:7,This helper is imported for internal task classification/execution; no pinned documentation establishes starlette.background as its public import path.
86,assignment,starlette.concurrency.P,"ParamSpec(""P"")",,starlette/concurrency.py,12,module source only; name not matched in docs scan,public-name candidate; not reviewed,private/internal,starlette/concurrency.py:12,Generic typing parameters are module implementation scaffolding.
87,source-reexport-candidate,starlette.concurrency.StarletteDeprecationWarning,from starlette.exceptions import StarletteDeprecationWarning,,starlette/concurrency.py,10,source import only,candidate only; importability is not public-status evidence,uncertain,starlette/concurrency.py:10,"This is imported to emit a warning, not documented as a starlette.concurrency export; the warning class is defined in the exceptions module."
88,assignment,starlette.concurrency.T,"TypeVar(""T"")",,starlette/concurrency.py,13,module source only; name not matched in docs scan,public-name candidate; not reviewed,private/internal,starlette/concurrency.py:13,Generic typing parameters are module implementation scaffolding.
89,function,starlette.concurrency.iterate_in_threadpool,async def iterate_in_threadpool(iterator: Iterable[T]) -> AsyncIterator[T]:,,starlette/concurrency.py,51,module source only; symbol not matched in docs scan,public-name candidate; not reviewed,supported,docs/release-notes.md:630-638; starlette/concurrency.py:51-59; tests/test_concurrency.py:test_iterate_in_threadpool,The pinned release history names this helper in a public API change; its behavior is also used for synchronous iterable response bodies.
90,function,starlette.concurrency.run_in_threadpool,"async def run_in_threadpool(func: Callable[P, T], *args: P.args, **kwargs: P.kwargs) -> T:",,starlette/concurrency.py,32,explicitly referenced in docs,documented symbol; review defaults and behavior,supported,docs/release-notes.md:1303; docs/threadpool.md:11-14; starlette/concurrency.py:32-34; tests/test_concurrency.py:test_accessing_context_from_threaded_sync_endpoint,Release notes identify the fully qualified public helper; the threadpool guide documents its execution model and a test corroborates context propagation.
91,function,starlette.concurrency.run_until_first_complete,"async def run_until_first_complete(*args: tuple[Callable, dict]) -> None:",,starlette/concurrency.py,16,module source only; symbol not matched in docs scan,public-name candidate; not reviewed,supported,docs/release-notes.md:909-911; starlette/concurrency.py:16-30; tests/test_concurrency.py:test_run_until_first_complete,Release notes explicitly deprecate this previously public helper; version 1.6.0 still provides it and emits a deprecation warning.
92,class,starlette.config.Config,class Config:,"def __init__(self, env_file: str | Path | None=None, environ: Mapping[str, str]=environ, env_prefix: str='', encoding: str='utf-8') -> None:",starlette/config.py,49,explicitly referenced in docs,documented symbol; review defaults and behavior,supported,starlette/config.py:49;docs/config.md:7-43;docs/config.md:105-133;tests/test_config.py::test_config,"The guide establishes Config construction, callable lookup, source precedence, prefixing, and casting; this overload or constructor belongs to that documented interface."
93,documented-import,starlette.config.Config,,,docs/config.md,10,explicit Python import in upstream docs,confirmed documented import path,supported,docs/config.md:10,"The pinned guide contains this exact import statement, establishing the documented consumer import path for starlette.config.Config."
94,special-method,starlette.config.Config.__call__,"def __call__(self, key: str, *, default: None) -> str | None:",,starlette/config.py,67,class source only; method not matched in docs scan,method candidate; not reviewed,supported,starlette/config.py:67;docs/config.md:7-43;docs/config.md:105-133;tests/test_config.py::test_config,"The guide establishes Config construction, callable lookup, source precedence, prefixing, and casting; this overload or constructor belongs to that documented interface."
95,special-method,starlette.config.Config.__call__,"def __call__(self, key: str, cast: type[T], default: T=...) -> T:",,starlette/config.py,70,class source only; method not matched in docs scan,method candidate; not reviewed,supported,starlette/config.py:70;docs/config.md:7-43;docs/config.md:105-133;tests/test_config.py::test_config,"The guide establishes Config construction, callable lookup, source precedence, prefixing, and casting; this overload or constructor belongs to that documented interface."
96,special-method,starlette.config.Config.__call__,"def __call__(self, key: str, cast: type[str]=..., default: str=...) -> str:",,starlette/config.py,73,class source only; method not matched in docs scan,method candidate; not reviewed,supported,starlette/config.py:73;docs/config.md:7-43;docs/config.md:105-133;tests/test_config.py::test_config,"The guide establishes Config construction, callable lookup, source precedence, prefixing, and casting; this overload or constructor belongs to that documented interface."
97,special-method,starlette.config.Config.__call__,"def __call__(self, key: str, cast: Callable[[Any], T]=..., default: Any=...) -> T:",,starlette/config.py,76,class source only; method not matched in docs scan,method candidate; not reviewed,supported,starlette/config.py:76;docs/config.md:7-43;docs/config.md:105-133;tests/test_config.py::test_config,"The guide establishes Config construction, callable lookup, source precedence, prefixing, and casting; this overload or constructor belongs to that documented interface."
98,special-method,starlette.config.Config.__call__,"def __call__(self, key: str, cast: type[str]=..., default: T=...) -> T | str:",,starlette/config.py,84,class source only; method not matched in docs scan,method candidate; not reviewed,supported,starlette/config.py:84;docs/config.md:7-43;docs/config.md:105-133;tests/test_config.py::test_config,"The guide establishes Config construction, callable lookup, source precedence, prefixing, and casting; this overload or constructor belongs to that documented interface."
99,special-method,starlette.config.Config.__call__,"def __call__(self, key: str, cast: Callable[[Any], Any] | None=None, default: Any=undefined) -> Any:",,starlette/config.py,86,class source only; method not matched in docs scan,method candidate; not reviewed,supported,starlette/config.py:86;docs/config.md:7-43;docs/config.md:105-133;tests/test_config.py::test_config,"The guide establishes Config construction, callable lookup, source precedence, prefixing, and casting; this overload or constructor belongs to that documented interface."
100,constructor,starlette.config.Config.__init__,"def __init__(self, env_file: str | Path | None=None, environ: Mapping[str, str]=environ, env_prefix: str='', encoding: str='utf-8') -> None:",,starlette/config.py,50,class source only; method not matched in docs scan,method candidate; not reviewed,supported,starlette/config.py:50;docs/config.md:7-43;docs/config.md:105-133;tests/test_config.py::test_config,"The guide establishes Config construction, callable lookup, source precedence, prefixing, and casting; this overload or constructor belongs to that documented interface."
101,public-method,starlette.config.Config.get,"def get(self, key: str, cast: Callable[[Any], Any] | None=None, default: Any=undefined) -> Any:",,starlette/config.py,94,class source only; method not matched in docs scan,method candidate; not reviewed,uncertain,starlette/config.py:94;docs/config.md:7-43;tests/test_config.py::test_config,"The pinned guide documents the callable Config interface, while get is only exercised by tests and is not named in the guide; its standalone method status remains unresolved."
102,class,starlette.config.Environ,"class Environ(MutableMapping[str, str]):","def __init__(self, environ: MutableMapping[str, str]=os.environ):",starlette/config.py,18,module source only; symbol not matched in docs scan,public-name candidate; not reviewed,uncertain,starlette/config.py:18;docs/config.md:85-103;tests/test_config.py::test_environ,"The guide documents the shared environ instance and its read-before-write protection, but does not promise direct Environ construction or the EnvironError class spelling; tests corroborate without establishing those names as public."
103,special-method,starlette.config.Environ.__delitem__,"def __delitem__(self, key: str) -> None:",,starlette/config.py,32,class source only; method not matched in docs scan,method candidate; not reviewed,supported,starlette/config.py:32;docs/config.md:85-103,"This mapping operation implements the documented environ instance interface; test_environ corroborates reads, writes, deletes, iteration, and length."
104,special-method,starlette.config.Environ.__getitem__,"def __getitem__(self, key: str) -> str:",,starlette/config.py,23,class source only; method not matched in docs scan,method candidate; not reviewed,supported,starlette/config.py:23;docs/config.md:85-103,"This mapping operation implements the documented environ instance interface; test_environ corroborates reads, writes, deletes, iteration, and length."
105,constructor,starlette.config.Environ.__init__,"def __init__(self, environ: MutableMapping[str, str]=os.environ):",,starlette/config.py,19,class source only; method not matched in docs scan,method candidate; not reviewed,uncertain,starlette/config.py:19;docs/config.md:85-103;tests/test_config.py::test_environ,"The guide documents the shared environ instance and its read-before-write protection, but does not promise direct Environ construction or the EnvironError class spelling; tests corroborate without establishing those names as public."
106,special-method,starlette.config.Environ.__iter__,def __iter__(self) -> Iterator[str]:,,starlette/config.py,37,class source only; method not matched in docs scan,method candidate; not reviewed,supported,starlette/config.py:37;docs/config.md:85-103,"This mapping operation implements the documented environ instance interface; test_environ corroborates reads, writes, deletes, iteration, and length."
107,special-method,starlette.config.Environ.__len__,def __len__(self) -> int:,,starlette/config.py,40,class source only; method not matched in docs scan,method candidate; not reviewed,supported,starlette/config.py:40;docs/config.md:85-103,"This mapping operation implements the documented environ instance interface; test_environ corroborates reads, writes, deletes, iteration, and length."
108,special-method,starlette.config.Environ.__setitem__,"def __setitem__(self, key: str, value: str) -> None:",,starlette/config.py,27,class source only; method not matched in docs scan,method candidate; not reviewed,supported,starlette/config.py:27;docs/config.md:85-103,"This mapping operation implements the documented environ instance interface; test_environ corroborates reads, writes, deletes, iteration, and length."
109,class,starlette.config.EnvironError,class EnvironError(Exception):,inherited or object default; verify,starlette/config.py,14,module source only; symbol not matched in docs scan,public-name candidate; not reviewed,uncertain,starlette/config.py:14;docs/config.md:85-103;tests/test_config.py::test_environ,"The guide documents the shared environ instance and its read-before-write protection, but does not promise direct Environ construction or the EnvironError class spelling; tests corroborate without establishing those names as public."
110,assignment,starlette.config.T,"TypeVar(""T"")",,starlette/config.py,46,module source only; name not matched in docs scan,public-name candidate; not reviewed,private/internal,starlette/config.py:46,This is a missing-default sentinel or typing-only TypeVar used internally by Config; it is not documented as a consumer API.
111,assignment,starlette.config.environ,Environ(),,starlette/config.py,44,explicitly referenced in docs,documented value; review aliases and behavior,supported,starlette/config.py:44;docs/config.md:85-103,"The guide explicitly imports and describes this environment mapping instance, including its mutation guard."
112,documented-import,starlette.config.environ,,,docs/config.md,100,explicit Python import in upstream docs,confirmed documented import path,supported,docs/config.md:100,"The pinned guide contains this exact import statement, establishing the documented consumer import path for starlette.config.environ."
113,class,starlette.config.undefined,class undefined:,inherited or object default; verify,starlette/config.py,10,module source only; symbol not matched in docs scan,public-name candidate; not reviewed,private/internal,starlette/config.py:10,This is a missing-default sentinel or typing-only TypeVar used internally by Config; it is not documented as a consumer API.
114,annotated-assignment,starlette.convertors.CONVERTOR_TYPES,"{
    ""str"": StringConvertor(),
    ""path"": PathConvertor(),
    ""int"": IntegerConvertor(),
    ""float"": FloatConvertor(),
    ""uuid"": UUIDConvertor(),
}",,starlette/convertors.py,79,module source only; name not matched in docs scan,public-name candidate; not reviewed,private/internal,starlette/convertors.py:79,This is source-only routing/delegation machinery or an import used for annotations/internal calls; no pinned public guide or deliberate compatibility export establishes this module path as public.
115,class,starlette.convertors.Convertor,class Convertor(Generic[T]):,inherited or object default; verify,starlette/convertors.py,10,explicitly referenced in docs,documented symbol; review defaults and behavior,supported,starlette/convertors.py:10; docs/routing.md:42-82; tests/test_convertors.py:test_datetime_convertor; tests/test_routing.py:test_route_converters,Pinned user documentation describes this API family and its observable behavior; cited upstream tests corroborate representative cases.
116,documented-import,starlette.convertors.Convertor,,,docs/routing.md,64,explicit Python import in upstream docs,confirmed documented import path,supported,docs/routing.md:64,The pinned user guide imports this symbol in a runnable public usage example; this documentation import establishes the path.
117,public-method,starlette.convertors.Convertor.convert,"def convert(self, value: str) -> T:",,starlette/convertors.py,13,class source only; method not matched in docs scan,method candidate; not reviewed,supported,starlette/convertors.py:13; docs/routing.md:42-82; tests/test_convertors.py:test_datetime_convertor; tests/test_routing.py:test_route_converters,Pinned user documentation describes this API family and its observable behavior; cited upstream tests corroborate representative cases.
118,public-method,starlette.convertors.Convertor.to_string,"def to_string(self, value: T) -> str:",,starlette/convertors.py,16,class source only; method not matched in docs scan,method candidate; not reviewed,supported,starlette/convertors.py:16; docs/routing.md:42-82; tests/test_convertors.py:test_datetime_convertor; tests/test_routing.py:test_route_converters,Pinned user documentation describes this API family and its observable behavior; cited upstream tests corroborate representative cases.
119,class,starlette.convertors.FloatConvertor,class FloatConvertor(Convertor[float]):,inherited or object default; verify,starlette/convertors.py,55,module source only; symbol not matched in docs scan,public-name candidate; not reviewed,private/internal,starlette/convertors.py:55; docs/routing.md:42-55,"The guide exposes converter labels and the generic custom Convertor protocol, while these concrete classes are source-only implementations instantiated by the internal registry."
120,public-method,starlette.convertors.FloatConvertor.convert,"def convert(self, value: str) -> float:",,starlette/convertors.py,58,class source only; method not matched in docs scan,method candidate; not reviewed,private/internal,starlette/convertors.py:58; docs/routing.md:42-55,"The guide exposes converter labels and the generic custom Convertor protocol, while these concrete classes are source-only implementations instantiated by the internal registry."
121,public-method,starlette.convertors.FloatConvertor.to_string,"def to_string(self, value: float) -> str:",,starlette/convertors.py,61,class source only; method not matched in docs scan,method candidate; not reviewed,private/internal,starlette/convertors.py:61; docs/routing.md:42-55,"The guide exposes converter labels and the generic custom Convertor protocol, while these concrete classes are source-only implementations instantiated by the internal registry."
122,class,starlette.convertors.IntegerConvertor,class IntegerConvertor(Convertor[int]):,inherited or object default; verify,starlette/convertors.py,43,module source only; symbol not matched in docs scan,public-name candidate; not reviewed,private/internal,starlette/convertors.py:43; docs/routing.md:42-55,"The guide exposes converter labels and the generic custom Convertor protocol, while these concrete classes are source-only implementations instantiated by the internal registry."
123,public-method,starlette.convertors.IntegerConvertor.convert,"def convert(self, value: str) -> int:",,starlette/convertors.py,46,class source only; method not matched in docs scan,method candidate; not reviewed,private/internal,starlette/convertors.py:46; docs/routing.md:42-55,"The guide exposes converter labels and the generic custom Convertor protocol, while these concrete classes are source-only implementations instantiated by the internal registry."
124,public-method,starlette.convertors.IntegerConvertor.to_string,"def to_string(self, value: int) -> str:",,starlette/convertors.py,49,class source only; method not matched in docs scan,method candidate; not reviewed,private/internal,starlette/convertors.py:49; docs/routing.md:42-55,"The guide exposes converter labels and the generic custom Convertor protocol, while these concrete classes are source-only implementations instantiated by the internal registry."
125,class,starlette.convertors.PathConvertor,class PathConvertor(Convertor[str]):,inherited or object default; verify,starlette/convertors.py,33,module source only; symbol not matched in docs scan,public-name candidate; not reviewed,private/internal,starlette/convertors.py:33; docs/routing.md:42-55,"The guide exposes converter labels and the generic custom Convertor protocol, while these concrete classes are source-only implementations instantiated by the internal registry."
126,public-method,starlette.convertors.PathConvertor.convert,"def convert(self, value: str) -> str:",,starlette/convertors.py,36,class source only; method not matched in docs scan,method candidate; not reviewed,private/internal,starlette/convertors.py:36; docs/routing.md:42-55,"The guide exposes converter labels and the generic custom Convertor protocol, while these concrete classes are source-only implementations instantiated by the internal registry."
127,public-method,starlette.convertors.PathConvertor.to_string,"def to_string(self, value: str) -> str:",,starlette/convertors.py,39,class source only; method not matched in docs scan,method candidate; not reviewed,private/internal,starlette/convertors.py:39; docs/routing.md:42-55,"The guide exposes converter labels and the generic custom Convertor protocol, while these concrete classes are source-only implementations instantiated by the internal registry."
128,class,starlette.convertors.StringConvertor,class StringConvertor(Convertor[str]):,inherited or object default; verify,starlette/convertors.py,20,module source only; symbol not matched in docs scan,public-name candidate; not reviewed,private/internal,starlette/convertors.py:20; docs/routing.md:42-55,"The guide exposes converter labels and the generic custom Convertor protocol, while these concrete classes are source-only implementations instantiated by the internal registry."
129,public-method,starlette.convertors.StringConvertor.convert,"def convert(self, value: str) -> str:",,starlette/convertors.py,23,class source only; method not matched in docs scan,method candidate; not reviewed,private/internal,starlette/convertors.py:23; docs/routing.md:42-55,"The guide exposes converter labels and the generic custom Convertor protocol, while these concrete classes are source-only implementations instantiated by the internal registry."
130,public-method,starlette.convertors.StringConvertor.to_string,"def to_string(self, value: str) -> str:",,starlette/convertors.py,26,class source only; method not matched in docs scan,method candidate; not reviewed,private/internal,starlette/convertors.py:26; docs/routing.md:42-55,"The guide exposes converter labels and the generic custom Convertor protocol, while these concrete classes are source-only implementations instantiated by the internal registry."
131,assignment,starlette.convertors.T,"TypeVar(""T"")",,starlette/convertors.py,7,module source only; name not matched in docs scan,public-name candidate; not reviewed,private/internal,starlette/convertors.py:7,This is source-only routing/delegation machinery or an import used for annotations/internal calls; no pinned public guide or deliberate compatibility export establishes this module path as public.
132,class,starlette.convertors.UUIDConvertor,class UUIDConvertor(Convertor[uuid.UUID]):,inherited or object default; verify,starlette/convertors.py,69,module source only; symbol not matched in docs scan,public-name candidate; not reviewed,private/internal,starlette/convertors.py:69; docs/routing.md:42-55,"The guide exposes converter labels and the generic custom Convertor protocol, while these concrete classes are source-only implementations instantiated by the internal registry."
133,public-method,starlette.convertors.UUIDConvertor.convert,"def convert(self, value: str) -> uuid.UUID:",,starlette/convertors.py,72,class source only; method not matched in docs scan,method candidate; not reviewed,private/internal,starlette/convertors.py:72; docs/routing.md:42-55,"The guide exposes converter labels and the generic custom Convertor protocol, while these concrete classes are source-only implementations instantiated by the internal registry."
134,public-method,starlette.convertors.UUIDConvertor.to_string,"def to_string(self, value: uuid.UUID) -> str:",,starlette/convertors.py,75,class source only; method not matched in docs scan,method candidate; not reviewed,private/internal,starlette/convertors.py:75; docs/routing.md:42-55,"The guide exposes converter labels and the generic custom Convertor protocol, while these concrete classes are source-only implementations instantiated by the internal registry."
135,documented-import,starlette.convertors.register_url_convertor,,,docs/routing.md,64,explicit Python import in upstream docs,confirmed documented import path,supported,docs/routing.md:64,The pinned user guide imports this symbol in a runnable public usage example; this documentation import establishes the path.
136,function,starlette.convertors.register_url_convertor,"def register_url_convertor(key: str, convertor: Convertor[Any]) -> None:",,starlette/convertors.py,88,explicitly referenced in docs,documented symbol; review defaults and behavior,supported,starlette/convertors.py:88; docs/routing.md:42-82; tests/test_convertors.py:test_datetime_convertor; tests/test_routing.py:test_route_converters,Pinned user documentation describes this API family and its observable behavior; cited upstream tests corroborate representative cases.
137,class,starlette.datastructures.Address,class Address(NamedTuple):,inherited or object default; verify,starlette/datastructures.py,13,module source only; symbol not matched in docs scan,public-name candidate; not reviewed,uncertain,starlette/datastructures.py:13-16;docs/requests.md:61-67,The guide guarantees request.client as a named host/port two-tuple but does not name starlette.datastructures.Address as a direct import path; the public returned shape is established while this class spelling remains unresolved.
138,class,starlette.datastructures.CommaSeparatedStrings,class CommaSeparatedStrings(Sequence[str]):,"def __init__(self, value: str | Sequence[str]):",starlette/datastructures.py,225,explicitly referenced in docs,documented symbol; review defaults and behavior,supported,starlette/datastructures.py:225;docs/config.md:11-11;docs/config.md:68-82,The pinned public guide or release note establishes CommaSeparatedStrings as a consumer data structure and documents the relevant representation or operation; assigned tests corroborate concrete behavior.
139,documented-import,starlette.datastructures.CommaSeparatedStrings,,,docs/config.md,11,explicit Python import in upstream docs,confirmed documented import path,supported,docs/config.md:11,"The pinned guide contains this exact import statement, establishing the documented consumer import path for starlette.datastructures.CommaSeparatedStrings."
140,special-method,starlette.datastructures.CommaSeparatedStrings.__getitem__,"def __getitem__(self, index: int | slice) -> Any:",,starlette/datastructures.py,238,class source only; method not matched in docs scan,method candidate; not reviewed,supported,starlette/datastructures.py:238;docs/config.md:11-11;docs/config.md:68-82,The pinned public guide or release note establishes CommaSeparatedStrings as a consumer data structure and documents the relevant representation or operation; assigned tests corroborate concrete behavior.
141,constructor,starlette.datastructures.CommaSeparatedStrings.__init__,"def __init__(self, value: str | Sequence[str]):",,starlette/datastructures.py,226,class source only; method not matched in docs scan,method candidate; not reviewed,supported,starlette/datastructures.py:226;docs/config.md:11-11;docs/config.md:68-82,The pinned public guide or release note establishes CommaSeparatedStrings as a consumer data structure and documents the relevant representation or operation; assigned tests corroborate concrete behavior.
142,special-method,starlette.datastructures.CommaSeparatedStrings.__iter__,def __iter__(self) -> Iterator[str]:,,starlette/datastructures.py,241,class source only; method not matched in docs scan,method candidate; not reviewed,supported,starlette/datastructures.py:241;docs/config.md:11-11;docs/config.md:68-82,The pinned public guide or release note establishes CommaSeparatedStrings as a consumer data structure and documents the relevant representation or operation; assigned tests corroborate concrete behavior.
143,special-method,starlette.datastructures.CommaSeparatedStrings.__len__,def __len__(self) -> int:,,starlette/datastructures.py,235,class source only; method not matched in docs scan,method candidate; not reviewed,supported,starlette/datastructures.py:235;docs/config.md:11-11;docs/config.md:68-82,The pinned public guide or release note establishes CommaSeparatedStrings as a consumer data structure and documents the relevant representation or operation; assigned tests corroborate concrete behavior.
144,special-method,starlette.datastructures.CommaSeparatedStrings.__repr__,def __repr__(self) -> str:,,starlette/datastructures.py,244,class source only; method not matched in docs scan,method candidate; not reviewed,supported,starlette/datastructures.py:244;docs/config.md:11-11;docs/config.md:68-82,The pinned public guide or release note establishes CommaSeparatedStrings as a consumer data structure and documents the relevant representation or operation; assigned tests corroborate concrete behavior.
145,special-method,starlette.datastructures.CommaSeparatedStrings.__str__,def __str__(self) -> str:,,starlette/datastructures.py,249,class source only; method not matched in docs scan,method candidate; not reviewed,supported,starlette/datastructures.py:249;docs/config.md:11-11;docs/config.md:68-82,The pinned public guide or release note establishes CommaSeparatedStrings as a consumer data structure and documents the relevant representation or operation; assigned tests corroborate concrete behavior.
146,class,starlette.datastructures.FormData,"class FormData(ImmutableMultiDict[str, UploadFile | str]):","def __init__(self, *args: FormData | Mapping[str, str | UploadFile] | list[tuple[str, str | UploadFile]], **kwargs: str | UploadFile) -> None:",starlette/datastructures.py,482,explicitly referenced in docs,documented symbol; review defaults and behavior,supported,starlette/datastructures.py:482;docs/requests.md:135-169,The pinned public guide or release note establishes FormData as a consumer data structure and documents the relevant representation or operation; assigned tests corroborate concrete behavior.
147,constructor,starlette.datastructures.FormData.__init__,"def __init__(self, *args: FormData | Mapping[str, str | UploadFile] | list[tuple[str, str | UploadFile]], **kwargs: str | UploadFile) -> None:",,starlette/datastructures.py,487,class source only; method not matched in docs scan,method candidate; not reviewed,supported,starlette/datastructures.py:487;docs/requests.md:135-169,The pinned public guide or release note establishes FormData as a consumer data structure and documents the relevant representation or operation; assigned tests corroborate concrete behavior.
148,public-method,starlette.datastructures.FormData.close,async def close(self) -> None:,,starlette/datastructures.py,494,class source only; method not matched in docs scan,method candidate; not reviewed,uncertain,starlette/datastructures.py:494;docs/requests.md:135-162;tests/test_datastructures.py::test_formdata,"FormData is documented as an immutable form multidict, but the guide does not establish a direct close method contract; the implementation method and related tests do not settle that public status."
149,class,starlette.datastructures.Headers,"class Headers(Mapping[str, str]):","def __init__(self, headers: Mapping[str, str] | None=None, raw: list[tuple[bytes, bytes]] | None=None, scope: MutableMapping[str, Any] | None=None) -> None:",starlette/datastructures.py,500,explicitly referenced in docs,documented symbol; review defaults and behavior,supported,starlette/datastructures.py:500;docs/requests.md:43-47;docs/middleware.md:698-750,The pinned public guide or release note establishes Headers as a consumer data structure and documents the relevant representation or operation; assigned tests corroborate concrete behavior.
150,documented-import,starlette.datastructures.Headers,,,docs/middleware.md,698,explicit Python import in upstream docs,confirmed documented import path,supported,docs/middleware.md:698;starlette/datastructures.py:500,The pinned middleware guide explicitly imports this starlette.* path; the canonical source declaration confirms the documented spelling and current contract.
151,special-method,starlette.datastructures.Headers.__contains__,"def __contains__(self, key: Any) -> bool:",,starlette/datastructures.py,551,class source only; method not matched in docs scan,method candidate; not reviewed,supported,starlette/datastructures.py:551;docs/requests.md:43-47;docs/middleware.md:698-750,The pinned public guide or release note establishes Headers as a consumer data structure and documents the relevant representation or operation; assigned tests corroborate concrete behavior.
152,special-method,starlette.datastructures.Headers.__eq__,"def __eq__(self, other: Any) -> bool:",,starlette/datastructures.py,564,class source only; method not matched in docs scan,method candidate; not reviewed,uncertain,starlette/datastructures.py:564-567;docs/requests.md:43-47;tests/test_datastructures.py::test_headers,The guide establishes case-insensitive multi-dict lookup but does not specify equality ordering or duplicate-pair comparison; the exact equality contract appears only in source/tests.
153,special-method,starlette.datastructures.Headers.__getitem__,"def __getitem__(self, key: str) -> str:",,starlette/datastructures.py,544,class source only; method not matched in docs scan,method candidate; not reviewed,supported,starlette/datastructures.py:544;docs/requests.md:43-47;docs/middleware.md:698-750,The pinned public guide or release note establishes Headers as a consumer data structure and documents the relevant representation or operation; assigned tests corroborate concrete behavior.
154,constructor,starlette.datastructures.Headers.__init__,"def __init__(self, headers: Mapping[str, str] | None=None, raw: list[tuple[bytes, bytes]] | None=None, scope: MutableMapping[str, Any] | None=None) -> None:",,starlette/datastructures.py,505,class source only; method not matched in docs scan,method candidate; not reviewed,supported,starlette/datastructures.py:505;docs/requests.md:43-47;docs/middleware.md:698-750,The pinned public guide or release note establishes Headers as a consumer data structure and documents the relevant representation or operation; assigned tests corroborate concrete behavior.
155,special-method,starlette.datastructures.Headers.__iter__,def __iter__(self) -> Iterator[Any]:,,starlette/datastructures.py,558,class source only; method not matched in docs scan,method candidate; not reviewed,supported,starlette/datastructures.py:558;docs/requests.md:43-47;docs/middleware.md:698-750,The pinned public guide or release note establishes Headers as a consumer data structure and documents the relevant representation or operation; assigned tests corroborate concrete behavior.
156,special-method,starlette.datastructures.Headers.__len__,def __len__(self) -> int:,,starlette/datastructures.py,561,class source only; method not matched in docs scan,method candidate; not reviewed,supported,starlette/datastructures.py:561;docs/requests.md:43-47;docs/middleware.md:698-750,The pinned public guide or release note establishes Headers as a consumer data structure and documents the relevant representation or operation; assigned tests corroborate concrete behavior.
157,special-method,starlette.datastructures.Headers.__repr__,def __repr__(self) -> str:,,starlette/datastructures.py,569,class source only; method not matched in docs scan,method candidate; not reviewed,uncertain,starlette/datastructures.py:569-574;tests/test_datastructures.py::test_headers,"The Header class is documented, but its precise debug representation is established only by source/test evidence and is not specified in the public guide."
158,public-method,starlette.datastructures.Headers.getlist,"def getlist(self, key: str) -> list[str]:",,starlette/datastructures.py,537,class source only; method not matched in docs scan,method candidate; not reviewed,supported,starlette/datastructures.py:537;docs/requests.md:43-47;docs/middleware.md:698-750,The pinned public guide or release note establishes Headers as a consumer data structure and documents the relevant representation or operation; assigned tests corroborate concrete behavior.
159,public-method,starlette.datastructures.Headers.items,"def items(self) -> list[tuple[str, str]]:",,starlette/datastructures.py,534,class source only; method not matched in docs scan,method candidate; not reviewed,supported,starlette/datastructures.py:534;docs/requests.md:43-47;docs/middleware.md:698-750,The pinned public guide or release note establishes Headers as a consumer data structure and documents the relevant representation or operation; assigned tests corroborate concrete behavior.
160,public-method,starlette.datastructures.Headers.keys,def keys(self) -> list[str]:,,starlette/datastructures.py,528,class source only; method not matched in docs scan,method candidate; not reviewed,supported,starlette/datastructures.py:528;docs/requests.md:43-47;docs/middleware.md:698-750,The pinned public guide or release note establishes Headers as a consumer data structure and documents the relevant representation or operation; assigned tests corroborate concrete behavior.
161,public-method,starlette.datastructures.Headers.mutablecopy,def mutablecopy(self) -> MutableHeaders:,,starlette/datastructures.py,541,class source only; method not matched in docs scan,method candidate; not reviewed,supported,starlette/datastructures.py:541;docs/requests.md:43-47;docs/middleware.md:698-750,The pinned public guide or release note establishes Headers as a consumer data structure and documents the relevant representation or operation; assigned tests corroborate concrete behavior.
162,public-method,starlette.datastructures.Headers.raw,"def raw(self) -> list[tuple[bytes, bytes]]:",,starlette/datastructures.py,525,class source only; method not matched in docs scan,method candidate; not reviewed,supported,starlette/datastructures.py:525;docs/requests.md:43-47;docs/middleware.md:698-750,The pinned public guide or release note establishes Headers as a consumer data structure and documents the relevant representation or operation; assigned tests corroborate concrete behavior.
163,public-method,starlette.datastructures.Headers.values,def values(self) -> list[str]:,,starlette/datastructures.py,531,class source only; method not matched in docs scan,method candidate; not reviewed,supported,starlette/datastructures.py:531;docs/requests.md:43-47;docs/middleware.md:698-750,The pinned public guide or release note establishes Headers as a consumer data structure and documents the relevant representation or operation; assigned tests corroborate concrete behavior.
164,class,starlette.datastructures.ImmutableMultiDict,"class ImmutableMultiDict(Mapping[_KeyType, _CovariantValueType]):","def __init__(self, *args: ImmutableMultiDict[_KeyType, _CovariantValueType] | Mapping[_KeyType, _CovariantValueType] | Iterable[tuple[_KeyType, _CovariantValueType]], **kwargs: Any) -> None:",starlette/datastructures.py,253,module source only; symbol not matched in docs scan,public-name candidate; not reviewed,supported,starlette/datastructures.py:253;docs/release-notes.md:948-948,The pinned public guide or release note establishes ImmutableMultiDict as a consumer data structure and documents the relevant representation or operation; assigned tests corroborate concrete behavior.
165,special-method,starlette.datastructures.ImmutableMultiDict.__contains__,"def __contains__(self, key: Any) -> bool:",,starlette/datastructures.py,302,class source only; method not matched in docs scan,method candidate; not reviewed,supported,starlette/datastructures.py:302;docs/release-notes.md:948-948,The pinned public guide or release note establishes ImmutableMultiDict as a consumer data structure and documents the relevant representation or operation; assigned tests corroborate concrete behavior.
166,special-method,starlette.datastructures.ImmutableMultiDict.__eq__,"def __eq__(self, other: Any) -> bool:",,starlette/datastructures.py,311,class source only; method not matched in docs scan,method candidate; not reviewed,supported,starlette/datastructures.py:311;docs/release-notes.md:948-948,The pinned public guide or release note establishes ImmutableMultiDict as a consumer data structure and documents the relevant representation or operation; assigned tests corroborate concrete behavior.
167,special-method,starlette.datastructures.ImmutableMultiDict.__getitem__,"def __getitem__(self, key: _KeyType) -> _CovariantValueType:",,starlette/datastructures.py,299,class source only; method not matched in docs scan,method candidate; not reviewed,supported,starlette/datastructures.py:299;docs/release-notes.md:948-948,The pinned public guide or release note establishes ImmutableMultiDict as a consumer data structure and documents the relevant representation or operation; assigned tests corroborate concrete behavior.
168,constructor,starlette.datastructures.ImmutableMultiDict.__init__,"def __init__(self, *args: ImmutableMultiDict[_KeyType, _CovariantValueType] | Mapping[_KeyType, _CovariantValueType] | Iterable[tuple[_KeyType, _CovariantValueType]], **kwargs: Any) -> None:",,starlette/datastructures.py,256,class source only; method not matched in docs scan,method candidate; not reviewed,supported,starlette/datastructures.py:256;docs/release-notes.md:948-948,The pinned public guide or release note establishes ImmutableMultiDict as a consumer data structure and documents the relevant representation or operation; assigned tests corroborate concrete behavior.
169,special-method,starlette.datastructures.ImmutableMultiDict.__iter__,def __iter__(self) -> Iterator[_KeyType]:,,starlette/datastructures.py,305,class source only; method not matched in docs scan,method candidate; not reviewed,supported,starlette/datastructures.py:305;docs/release-notes.md:948-948,The pinned public guide or release note establishes ImmutableMultiDict as a consumer data structure and documents the relevant representation or operation; assigned tests corroborate concrete behavior.
170,special-method,starlette.datastructures.ImmutableMultiDict.__len__,def __len__(self) -> int:,,starlette/datastructures.py,308,class source only; method not matched in docs scan,method candidate; not reviewed,supported,starlette/datastructures.py:308;docs/release-notes.md:948-948,The pinned public guide or release note establishes ImmutableMultiDict as a consumer data structure and documents the relevant representation or operation; assigned tests corroborate concrete behavior.
171,special-method,starlette.datastructures.ImmutableMultiDict.__repr__,def __repr__(self) -> str:,,starlette/datastructures.py,316,class source only; method not matched in docs scan,method candidate; not reviewed,uncertain,starlette/datastructures.py:316-319;docs/release-notes.md:948-948;tests/test_datastructures.py::test_queryparams;tests/test_datastructures.py::test_formdata,"The release note establishes the multidict name and getlist typing contract, but not the exact repr representation; source/tests leave the repr contract unresolved."
172,public-method,starlette.datastructures.ImmutableMultiDict.getlist,"def getlist(self, key: Any) -> list[_CovariantValueType]:",,starlette/datastructures.py,284,class source only; method not matched in docs scan,method candidate; not reviewed,supported,starlette/datastructures.py:284;docs/release-notes.md:948-948,The pinned public guide or release note establishes ImmutableMultiDict as a consumer data structure and documents the relevant representation or operation; assigned tests corroborate concrete behavior.
173,public-method,starlette.datastructures.ImmutableMultiDict.items,"def items(self) -> ItemsView[_KeyType, _CovariantValueType]:",,starlette/datastructures.py,293,class source only; method not matched in docs scan,method candidate; not reviewed,supported,starlette/datastructures.py:293;docs/release-notes.md:948-948,The pinned public guide or release note establishes ImmutableMultiDict as a consumer data structure and documents the relevant representation or operation; assigned tests corroborate concrete behavior.
174,public-method,starlette.datastructures.ImmutableMultiDict.keys,def keys(self) -> KeysView[_KeyType]:,,starlette/datastructures.py,287,class source only; method not matched in docs scan,method candidate; not reviewed,supported,starlette/datastructures.py:287;docs/release-notes.md:948-948,The pinned public guide or release note establishes ImmutableMultiDict as a consumer data structure and documents the relevant representation or operation; assigned tests corroborate concrete behavior.
175,public-method,starlette.datastructures.ImmutableMultiDict.multi_items,"def multi_items(self) -> list[tuple[_KeyType, _CovariantValueType]]:",,starlette/datastructures.py,296,class source only; method not matched in docs scan,method candidate; not reviewed,supported,starlette/datastructures.py:296;docs/release-notes.md:948-948,The pinned public guide or release note establishes ImmutableMultiDict as a consumer data structure and documents the relevant representation or operation; assigned tests corroborate concrete behavior.
176,public-method,starlette.datastructures.ImmutableMultiDict.values,def values(self) -> ValuesView[_CovariantValueType]:,,starlette/datastructures.py,290,class source only; method not matched in docs scan,method candidate; not reviewed,supported,starlette/datastructures.py:290;docs/release-notes.md:948-948,The pinned public guide or release note establishes ImmutableMultiDict as a consumer data structure and documents the relevant representation or operation; assigned tests corroborate concrete behavior.
177,class,starlette.datastructures.MultiDict,"class MultiDict(ImmutableMultiDict[Any, Any]):",inherited or object default; verify,starlette/datastructures.py,322,module source only; symbol not matched in docs scan,public-name candidate; not reviewed,uncertain,starlette/datastructures.py:322;docs/release-notes.md:1157-1158;tests/test_datastructures.py::test_multidict,"The pinned source contains MultiDict, but the release note places the named classes under uvicorn.datastructures and the assigned Starlette guides do not establish the starlette.datastructures.MultiDict spelling."
178,special-method,starlette.datastructures.MultiDict.__delitem__,"def __delitem__(self, key: Any) -> None:",,starlette/datastructures.py,326,class source only; method not matched in docs scan,method candidate; not reviewed,uncertain,starlette/datastructures.py:326;docs/release-notes.md:1157-1158;tests/test_datastructures.py::test_multidict,"The pinned source contains MultiDict, but the release note places the named classes under uvicorn.datastructures and the assigned Starlette guides do not establish the starlette.datastructures.MultiDict spelling."
179,special-method,starlette.datastructures.MultiDict.__setitem__,"def __setitem__(self, key: Any, value: Any) -> None:",,starlette/datastructures.py,323,class source only; method not matched in docs scan,method candidate; not reviewed,uncertain,starlette/datastructures.py:323;docs/release-notes.md:1157-1158;tests/test_datastructures.py::test_multidict,"The pinned source contains MultiDict, but the release note places the named classes under uvicorn.datastructures and the assigned Starlette guides do not establish the starlette.datastructures.MultiDict spelling."
180,public-method,starlette.datastructures.MultiDict.append,"def append(self, key: Any, value: Any) -> None:",,starlette/datastructures.py,363,class source only; method not matched in docs scan,method candidate; not reviewed,uncertain,starlette/datastructures.py:363;docs/release-notes.md:1157-1158;tests/test_datastructures.py::test_multidict,"The pinned source contains MultiDict, but the release note places the named classes under uvicorn.datastructures and the assigned Starlette guides do not establish the starlette.datastructures.MultiDict spelling."
181,public-method,starlette.datastructures.MultiDict.clear,def clear(self) -> None:,,starlette/datastructures.py,344,class source only; method not matched in docs scan,method candidate; not reviewed,uncertain,starlette/datastructures.py:344;docs/release-notes.md:1157-1158;tests/test_datastructures.py::test_multidict,"The pinned source contains MultiDict, but the release note places the named classes under uvicorn.datastructures and the assigned Starlette guides do not establish the starlette.datastructures.MultiDict spelling."
182,public-method,starlette.datastructures.MultiDict.pop,"def pop(self, key: Any, default: Any=None) -> Any:",,starlette/datastructures.py,330,class source only; method not matched in docs scan,method candidate; not reviewed,uncertain,starlette/datastructures.py:330;docs/release-notes.md:1157-1158;tests/test_datastructures.py::test_multidict,"The pinned source contains MultiDict, but the release note places the named classes under uvicorn.datastructures and the assigned Starlette guides do not establish the starlette.datastructures.MultiDict spelling."
183,public-method,starlette.datastructures.MultiDict.popitem,"def popitem(self) -> tuple[Any, Any]:",,starlette/datastructures.py,334,class source only; method not matched in docs scan,method candidate; not reviewed,uncertain,starlette/datastructures.py:334;docs/release-notes.md:1157-1158;tests/test_datastructures.py::test_multidict,"The pinned source contains MultiDict, but the release note places the named classes under uvicorn.datastructures and the assigned Starlette guides do not establish the starlette.datastructures.MultiDict spelling."
184,public-method,starlette.datastructures.MultiDict.poplist,"def poplist(self, key: Any) -> list[Any]:",,starlette/datastructures.py,339,class source only; method not matched in docs scan,method candidate; not reviewed,uncertain,starlette/datastructures.py:339;docs/release-notes.md:1157-1158;tests/test_datastructures.py::test_multidict,"The pinned source contains MultiDict, but the release note places the named classes under uvicorn.datastructures and the assigned Starlette guides do not establish the starlette.datastructures.MultiDict spelling."
185,public-method,starlette.datastructures.MultiDict.setdefault,"def setdefault(self, key: Any, default: Any=None) -> Any:",,starlette/datastructures.py,348,class source only; method not matched in docs scan,method candidate; not reviewed,uncertain,starlette/datastructures.py:348;docs/release-notes.md:1157-1158;tests/test_datastructures.py::test_multidict,"The pinned source contains MultiDict, but the release note places the named classes under uvicorn.datastructures and the assigned Starlette guides do not establish the starlette.datastructures.MultiDict spelling."
186,public-method,starlette.datastructures.MultiDict.setlist,"def setlist(self, key: Any, values: list[Any]) -> None:",,starlette/datastructures.py,355,class source only; method not matched in docs scan,method candidate; not reviewed,uncertain,starlette/datastructures.py:355;docs/release-notes.md:1157-1158;tests/test_datastructures.py::test_multidict,"The pinned source contains MultiDict, but the release note places the named classes under uvicorn.datastructures and the assigned Starlette guides do not establish the starlette.datastructures.MultiDict spelling."
187,public-method,starlette.datastructures.MultiDict.update,"def update(self, *args: MultiDict | Mapping[Any, Any] | list[tuple[Any, Any]], **kwargs: Any) -> None:",,starlette/datastructures.py,367,class source only; method not matched in docs scan,method candidate; not reviewed,uncertain,starlette/datastructures.py:367;docs/release-notes.md:1157-1158;tests/test_datastructures.py::test_multidict,"The pinned source contains MultiDict, but the release note places the named classes under uvicorn.datastructures and the assigned Starlette guides do not establish the starlette.datastructures.MultiDict spelling."
188,class,starlette.datastructures.MutableHeaders,class MutableHeaders(Headers):,inherited or object default; verify,starlette/datastructures.py,577,explicitly referenced in docs,documented symbol; review defaults and behavior,supported,starlette/datastructures.py:577;docs/middleware.md:613-626;docs/release-notes.md:898-898,The pinned public guide or release note establishes MutableHeaders as a consumer data structure and documents the relevant representation or operation; assigned tests corroborate concrete behavior.
189,documented-import,starlette.datastructures.MutableHeaders,,,docs/middleware.md,613,explicit Python import in upstream docs,confirmed documented import path,supported,docs/middleware.md:613;starlette/datastructures.py:577,The pinned middleware guide explicitly imports this starlette.* path; the canonical source declaration confirms the documented spelling and current contract.
190,special-method,starlette.datastructures.MutableHeaders.__delitem__,"def __delitem__(self, key: str) -> None:",,starlette/datastructures.py,600,class source only; method not matched in docs scan,method candidate; not reviewed,supported,starlette/datastructures.py:600;docs/middleware.md:613-626;docs/release-notes.md:898-898,The pinned public guide or release note establishes MutableHeaders as a consumer data structure and documents the relevant representation or operation; assigned tests corroborate concrete behavior.
191,special-method,starlette.datastructures.MutableHeaders.__ior__,"def __ior__(self, other: Mapping[str, str]) -> MutableHeaders:",,starlette/datastructures.py,614,class source only; method not matched in docs scan,method candidate; not reviewed,supported,starlette/datastructures.py:614;docs/middleware.md:613-626;docs/release-notes.md:898-898,The pinned public guide or release note establishes MutableHeaders as a consumer data structure and documents the relevant representation or operation; assigned tests corroborate concrete behavior.
192,special-method,starlette.datastructures.MutableHeaders.__or__,"def __or__(self, other: Mapping[str, str]) -> MutableHeaders:",,starlette/datastructures.py,620,class source only; method not matched in docs scan,method candidate; not reviewed,supported,starlette/datastructures.py:620;docs/middleware.md:613-626;docs/release-notes.md:898-898,The pinned public guide or release note establishes MutableHeaders as a consumer data structure and documents the relevant representation or operation; assigned tests corroborate concrete behavior.
193,special-method,starlette.datastructures.MutableHeaders.__setitem__,"def __setitem__(self, key: str, value: str) -> None:",,starlette/datastructures.py,578,class source only; method not matched in docs scan,method candidate; not reviewed,supported,starlette/datastructures.py:578;docs/middleware.md:613-626;docs/release-notes.md:898-898,The pinned public guide or release note establishes MutableHeaders as a consumer data structure and documents the relevant representation or operation; assigned tests corroborate concrete behavior.
194,public-method,starlette.datastructures.MutableHeaders.add_vary_header,"def add_vary_header(self, vary: str) -> None:",,starlette/datastructures.py,657,class source only; method not matched in docs scan,method candidate; not reviewed,uncertain,starlette/datastructures.py:657-662;starlette/middleware/cors.py:179-179;starlette/middleware/sessions.py:63-63;starlette/middleware/gzip.py:137-150,The method is used by built-in middleware but the pinned public guide does not establish it as a consumer method; internal usage alone does not settle its public status.
195,public-method,starlette.datastructures.MutableHeaders.append,"def append(self, key: str, value: str) -> None:",,starlette/datastructures.py,649,class source only; method not matched in docs scan,method candidate; not reviewed,supported,starlette/datastructures.py:649;docs/middleware.md:613-626;docs/release-notes.md:898-898,The pinned public guide or release note establishes MutableHeaders as a consumer data structure and documents the relevant representation or operation; assigned tests corroborate concrete behavior.
196,public-method,starlette.datastructures.MutableHeaders.raw,"def raw(self) -> list[tuple[bytes, bytes]]:",,starlette/datastructures.py,628,class source only; method not matched in docs scan,method candidate; not reviewed,supported,starlette/datastructures.py:628;docs/middleware.md:613-626;docs/release-notes.md:898-898,The pinned public guide or release note establishes MutableHeaders as a consumer data structure and documents the relevant representation or operation; assigned tests corroborate concrete behavior.
197,public-method,starlette.datastructures.MutableHeaders.setdefault,"def setdefault(self, key: str, value: str) -> str:",,starlette/datastructures.py,631,class source only; method not matched in docs scan,method candidate; not reviewed,supported,starlette/datastructures.py:631;docs/middleware.md:613-626;docs/release-notes.md:898-898,The pinned public guide or release note establishes MutableHeaders as a consumer data structure and documents the relevant representation or operation; assigned tests corroborate concrete behavior.
198,public-method,starlette.datastructures.MutableHeaders.update,"def update(self, other: Mapping[str, str]) -> None:",,starlette/datastructures.py,645,class source only; method not matched in docs scan,method candidate; not reviewed,supported,starlette/datastructures.py:645;docs/middleware.md:613-626;docs/release-notes.md:898-898,The pinned public guide or release note establishes MutableHeaders as a consumer data structure and documents the relevant representation or operation; assigned tests corroborate concrete behavior.
199,class,starlette.datastructures.QueryParams,"class QueryParams(ImmutableMultiDict[str, str]):","def __init__(self, *args: ImmutableMultiDict[Any, Any] | Mapping[Any, Any] | list[tuple[Any, Any]] | str | bytes, **kwargs: Any) -> None:",starlette/datastructures.py,378,module source only; symbol not matched in docs scan,public-name candidate; not reviewed,supported,starlette/datastructures.py:378;docs/middleware.md:493-493;docs/requests.md:49-53;docs/release-notes.md:1158-1158,The pinned public guide or release note establishes QueryParams as a consumer data structure and documents the relevant representation or operation; assigned tests corroborate concrete behavior.
200,constructor,starlette.datastructures.QueryParams.__init__,"def __init__(self, *args: ImmutableMultiDict[Any, Any] | Mapping[Any, Any] | list[tuple[Any, Any]] | str | bytes, **kwargs: Any) -> None:",,starlette/datastructures.py,383,class source only; method not matched in docs scan,method candidate; not reviewed,supported,starlette/datastructures.py:383;docs/middleware.md:493-493;docs/requests.md:49-53;docs/release-notes.md:1158-1158,The pinned public guide or release note establishes QueryParams as a consumer data structure and documents the relevant representation or operation; assigned tests corroborate concrete behavior.
201,special-method,starlette.datastructures.QueryParams.__repr__,def __repr__(self) -> str:,,starlette/datastructures.py,404,class source only; method not matched in docs scan,method candidate; not reviewed,uncertain,starlette/datastructures.py:401-407;docs/requests.md:49-53;tests/test_datastructures.py::test_queryparams,The public guide describes query parameters as a multidict but does not specify the class repr format; the precise repr behavior appears only in source/tests.
202,special-method,starlette.datastructures.QueryParams.__str__,def __str__(self) -> str:,,starlette/datastructures.py,401,class source only; method not matched in docs scan,method candidate; not reviewed,supported,starlette/datastructures.py:401;docs/middleware.md:493-493;docs/requests.md:49-53;docs/release-notes.md:1158-1158,The pinned public guide or release note establishes QueryParams as a consumer data structure and documents the relevant representation or operation; assigned tests corroborate concrete behavior.
203,source-reexport-candidate,starlette.datastructures.Scope,from starlette.types import Scope,,starlette/datastructures.py,10,source import only,candidate only; importability is not public-status evidence,private/internal,starlette/datastructures.py:10;starlette/datastructures.py:3-10,This imported helper or ASGI typing name supports the module implementation and is not established as a starlette.datastructures consumer re-export.
204,class,starlette.datastructures.Secret,class Secret:,"def __init__(self, value: str):",starlette/datastructures.py,205,explicitly referenced in docs,documented symbol; review defaults and behavior,supported,starlette/datastructures.py:205;docs/config.md:11-11;docs/config.md:45-59;docs/release-notes.md:869,The pinned public guide or release note establishes Secret as a consumer data structure and documents the relevant representation or operation; assigned tests corroborate concrete behavior.
205,documented-import,starlette.datastructures.Secret,,,docs/config.md,11,explicit Python import in upstream docs,confirmed documented import path,supported,docs/config.md:11,"The pinned guide contains this exact import statement, establishing the documented consumer import path for starlette.datastructures.Secret."
206,special-method,starlette.datastructures.Secret.__bool__,def __bool__(self) -> bool:,,starlette/datastructures.py,221,class source only; method not matched in docs scan,method candidate; not reviewed,supported,starlette/datastructures.py:221;docs/config.md:11-11;docs/config.md:45-59;docs/release-notes.md:869,The pinned public guide or release note establishes Secret as a consumer data structure and documents the relevant representation or operation; assigned tests corroborate concrete behavior.
207,constructor,starlette.datastructures.Secret.__init__,"def __init__(self, value: str):",,starlette/datastructures.py,211,class source only; method not matched in docs scan,method candidate; not reviewed,supported,starlette/datastructures.py:211;docs/config.md:11-11;docs/config.md:45-59;docs/release-notes.md:869,The pinned public guide or release note establishes Secret as a consumer data structure and documents the relevant representation or operation; assigned tests corroborate concrete behavior.
208,special-method,starlette.datastructures.Secret.__repr__,def __repr__(self) -> str:,,starlette/datastructures.py,214,class source only; method not matched in docs scan,method candidate; not reviewed,supported,starlette/datastructures.py:214;docs/config.md:11-11;docs/config.md:45-59;docs/release-notes.md:869,The pinned public guide or release note establishes Secret as a consumer data structure and documents the relevant representation or operation; assigned tests corroborate concrete behavior.
209,special-method,starlette.datastructures.Secret.__str__,def __str__(self) -> str:,,starlette/datastructures.py,218,class source only; method not matched in docs scan,method candidate; not reviewed,supported,starlette/datastructures.py:218;docs/config.md:11-11;docs/config.md:45-59;docs/release-notes.md:869,The pinned public guide or release note establishes Secret as a consumer data structure and documents the relevant representation or operation; assigned tests corroborate concrete behavior.
210,class,starlette.datastructures.State,class State:,"def __init__(self, state: dict[str, Any] | None=None):",starlette/datastructures.py,664,module source only; symbol not matched in docs scan,public-name candidate; not reviewed,supported,starlette/datastructures.py:664;docs/requests.md:176-179;docs/lifespan.md:76-120;docs/release-notes.md:226-256,The pinned public guide or release note establishes State as a consumer data structure and documents the relevant representation or operation; assigned tests corroborate concrete behavior.
211,special-method,starlette.datastructures.State.__delattr__,"def __delattr__(self, key: Any) -> None:",,starlette/datastructures.py,688,class source only; method not matched in docs scan,method candidate; not reviewed,supported,starlette/datastructures.py:688;docs/requests.md:176-179;docs/lifespan.md:76-120;docs/release-notes.md:226-256,The pinned public guide or release note establishes State as a consumer data structure and documents the relevant representation or operation; assigned tests corroborate concrete behavior.
212,special-method,starlette.datastructures.State.__delitem__,"def __delitem__(self, key: str) -> None:",,starlette/datastructures.py,697,class source only; method not matched in docs scan,method candidate; not reviewed,supported,starlette/datastructures.py:697;docs/requests.md:176-179;docs/lifespan.md:76-120;docs/release-notes.md:226-256;docs/release-notes.md:226-256,The pinned public guide or release note establishes State as a consumer data structure and documents the relevant representation or operation; assigned tests corroborate concrete behavior.
213,special-method,starlette.datastructures.State.__getattr__,"def __getattr__(self, key: Any) -> Any:",,starlette/datastructures.py,681,class source only; method not matched in docs scan,method candidate; not reviewed,supported,starlette/datastructures.py:681;docs/requests.md:176-179;docs/lifespan.md:76-120;docs/release-notes.md:226-256,The pinned public guide or release note establishes State as a consumer data structure and documents the relevant representation or operation; assigned tests corroborate concrete behavior.
214,special-method,starlette.datastructures.State.__getitem__,"def __getitem__(self, key: str) -> Any:",,starlette/datastructures.py,691,class source only; method not matched in docs scan,method candidate; not reviewed,supported,starlette/datastructures.py:691;docs/requests.md:176-179;docs/lifespan.md:76-120;docs/release-notes.md:226-256;docs/release-notes.md:226-256,The pinned public guide or release note establishes State as a consumer data structure and documents the relevant representation or operation; assigned tests corroborate concrete behavior.
215,constructor,starlette.datastructures.State.__init__,"def __init__(self, state: dict[str, Any] | None=None):",,starlette/datastructures.py,673,class source only; method not matched in docs scan,method candidate; not reviewed,supported,starlette/datastructures.py:673;docs/requests.md:176-179;docs/lifespan.md:76-120;docs/release-notes.md:226-256,The pinned public guide or release note establishes State as a consumer data structure and documents the relevant representation or operation; assigned tests corroborate concrete behavior.
216,special-method,starlette.datastructures.State.__iter__,def __iter__(self) -> Iterator[str]:,,starlette/datastructures.py,700,class source only; method not matched in docs scan,method candidate; not reviewed,supported,starlette/datastructures.py:700;docs/requests.md:176-179;docs/lifespan.md:76-120;docs/release-notes.md:226-256,The pinned public guide or release note establishes State as a consumer data structure and documents the relevant representation or operation; assigned tests corroborate concrete behavior.
217,special-method,starlette.datastructures.State.__len__,def __len__(self) -> int:,,starlette/datastructures.py,703,class source only; method not matched in docs scan,method candidate; not reviewed,supported,starlette/datastructures.py:703;docs/requests.md:176-179;docs/lifespan.md:76-120;docs/release-notes.md:226-256,The pinned public guide or release note establishes State as a consumer data structure and documents the relevant representation or operation; assigned tests corroborate concrete behavior.
218,special-method,starlette.datastructures.State.__setattr__,"def __setattr__(self, key: Any, value: Any) -> None:",,starlette/datastructures.py,678,class source only; method not matched in docs scan,method candidate; not reviewed,supported,starlette/datastructures.py:678;docs/requests.md:176-179;docs/lifespan.md:76-120;docs/release-notes.md:226-256,The pinned public guide or release note establishes State as a consumer data structure and documents the relevant representation or operation; assigned tests corroborate concrete behavior.
219,special-method,starlette.datastructures.State.__setitem__,"def __setitem__(self, key: str, value: Any) -> None:",,starlette/datastructures.py,694,class source only; method not matched in docs scan,method candidate; not reviewed,supported,starlette/datastructures.py:694;docs/requests.md:176-179;docs/lifespan.md:76-120;docs/release-notes.md:226-256;docs/release-notes.md:226-256,The pinned public guide or release note establishes State as a consumer data structure and documents the relevant representation or operation; assigned tests corroborate concrete behavior.
220,class,starlette.datastructures.URL,class URL:,"def __init__(self, url: str='', scope: Scope | None=None, **components: Any) -> None:",starlette/datastructures.py,28,explicitly referenced in docs,documented symbol; review defaults and behavior,supported,starlette/datastructures.py:28;docs/requests.md:34-47;docs/middleware.md:493-534;docs/release-notes.md:1098-1100,The pinned public guide or release note establishes URL as a consumer data structure and documents the relevant representation or operation; assigned tests corroborate concrete behavior.
221,documented-import,starlette.datastructures.URL,,,docs/middleware.md,521,explicit Python import in upstream docs,confirmed documented import path,supported,docs/middleware.md:521;starlette/datastructures.py:28,The pinned middleware guide explicitly imports this starlette.* path; the canonical source declaration confirms the documented spelling and current contract.
222,special-method,starlette.datastructures.URL.__eq__,"def __eq__(self, other: Any) -> bool:",,starlette/datastructures.py,162,class source only; method not matched in docs scan,method candidate; not reviewed,supported,starlette/datastructures.py:162;docs/requests.md:34-47;docs/middleware.md:493-534;docs/release-notes.md:1098-1100,The pinned public guide or release note establishes URL as a consumer data structure and documents the relevant representation or operation; assigned tests corroborate concrete behavior.
223,constructor,starlette.datastructures.URL.__init__,"def __init__(self, url: str='', scope: Scope | None=None, **components: Any) -> None:",,starlette/datastructures.py,29,class source only; method not matched in docs scan,method candidate; not reviewed,supported,starlette/datastructures.py:29;docs/requests.md:34-47;docs/middleware.md:493-534;docs/release-notes.md:1098-1100,The pinned public guide or release note establishes URL as a consumer data structure and documents the relevant representation or operation; assigned tests corroborate concrete behavior.
224,special-method,starlette.datastructures.URL.__repr__,def __repr__(self) -> str:,,starlette/datastructures.py,168,class source only; method not matched in docs scan,method candidate; not reviewed,supported,starlette/datastructures.py:168;docs/requests.md:34-47;docs/middleware.md:493-534;docs/release-notes.md:1098-1100,The pinned public guide or release note establishes URL as a consumer data structure and documents the relevant representation or operation; assigned tests corroborate concrete behavior.
225,special-method,starlette.datastructures.URL.__str__,def __str__(self) -> str:,,starlette/datastructures.py,165,class source only; method not matched in docs scan,method candidate; not reviewed,supported,starlette/datastructures.py:165;docs/requests.md:34-47;docs/middleware.md:493-534;docs/release-notes.md:1098-1100,The pinned public guide or release note establishes URL as a consumer data structure and documents the relevant representation or operation; assigned tests corroborate concrete behavior.
226,public-method,starlette.datastructures.URL.components,def components(self) -> SplitResult:,,starlette/datastructures.py,70,class source only; method not matched in docs scan,method candidate; not reviewed,supported,starlette/datastructures.py:70;docs/requests.md:34-47;docs/middleware.md:493-534;docs/release-notes.md:1098-1100,The pinned public guide or release note establishes URL as a consumer data structure and documents the relevant representation or operation; assigned tests corroborate concrete behavior.
227,public-method,starlette.datastructures.URL.fragment,def fragment(self) -> str:,,starlette/datastructures.py,92,class source only; method not matched in docs scan,method candidate; not reviewed,supported,starlette/datastructures.py:92;docs/requests.md:34-47;docs/middleware.md:493-534;docs/release-notes.md:1098-1100,The pinned public guide or release note establishes URL as a consumer data structure and documents the relevant representation or operation; assigned tests corroborate concrete behavior.
228,public-method,starlette.datastructures.URL.hostname,def hostname(self) -> None | str:,,starlette/datastructures.py,104,class source only; method not matched in docs scan,method candidate; not reviewed,supported,starlette/datastructures.py:104;docs/requests.md:34-47;docs/middleware.md:493-534;docs/release-notes.md:1098-1100,The pinned public guide or release note establishes URL as a consumer data structure and documents the relevant representation or operation; assigned tests corroborate concrete behavior.
229,public-method,starlette.datastructures.URL.include_query_params,"def include_query_params(self, **kwargs: Any) -> URL:",,starlette/datastructures.py,143,class source only; method not matched in docs scan,method candidate; not reviewed,supported,starlette/datastructures.py:143;docs/requests.md:34-47;docs/middleware.md:493-534;docs/release-notes.md:1098-1100;docs/release-notes.md:1098-1100,The pinned public guide or release note establishes URL as a consumer data structure and documents the relevant representation or operation; assigned tests corroborate concrete behavior.
230,public-method,starlette.datastructures.URL.is_secure,def is_secure(self) -> bool:,,starlette/datastructures.py,112,class source only; method not matched in docs scan,method candidate; not reviewed,supported,starlette/datastructures.py:112;docs/requests.md:34-47;docs/middleware.md:493-534;docs/release-notes.md:1098-1100,The pinned public guide or release note establishes URL as a consumer data structure and documents the relevant representation or operation; assigned tests corroborate concrete behavior.
231,public-method,starlette.datastructures.URL.netloc,def netloc(self) -> str:,,starlette/datastructures.py,80,class source only; method not matched in docs scan,method candidate; not reviewed,supported,starlette/datastructures.py:80;docs/requests.md:34-47;docs/middleware.md:493-534;docs/release-notes.md:1098-1100,The pinned public guide or release note establishes URL as a consumer data structure and documents the relevant representation or operation; assigned tests corroborate concrete behavior.
232,public-method,starlette.datastructures.URL.password,def password(self) -> None | str:,,starlette/datastructures.py,100,class source only; method not matched in docs scan,method candidate; not reviewed,supported,starlette/datastructures.py:100;docs/requests.md:34-47;docs/middleware.md:493-534;docs/release-notes.md:1098-1100,The pinned public guide or release note establishes URL as a consumer data structure and documents the relevant representation or operation; assigned tests corroborate concrete behavior.
233,public-method,starlette.datastructures.URL.path,def path(self) -> str:,,starlette/datastructures.py,84,class source only; method not matched in docs scan,method candidate; not reviewed,supported,starlette/datastructures.py:84;docs/requests.md:34-47;docs/middleware.md:493-534;docs/release-notes.md:1098-1100,The pinned public guide or release note establishes URL as a consumer data structure and documents the relevant representation or operation; assigned tests corroborate concrete behavior.
234,public-method,starlette.datastructures.URL.port,def port(self) -> int | None:,,starlette/datastructures.py,108,class source only; method not matched in docs scan,method candidate; not reviewed,supported,starlette/datastructures.py:108;docs/requests.md:34-47;docs/middleware.md:493-534;docs/release-notes.md:1098-1100,The pinned public guide or release note establishes URL as a consumer data structure and documents the relevant representation or operation; assigned tests corroborate concrete behavior.
235,public-method,starlette.datastructures.URL.query,def query(self) -> str:,,starlette/datastructures.py,88,class source only; method not matched in docs scan,method candidate; not reviewed,supported,starlette/datastructures.py:88;docs/requests.md:34-47;docs/middleware.md:493-534;docs/release-notes.md:1098-1100,The pinned public guide or release note establishes URL as a consumer data structure and documents the relevant representation or operation; assigned tests corroborate concrete behavior.
236,public-method,starlette.datastructures.URL.remove_query_params,"def remove_query_params(self, keys: str | Sequence[str]) -> URL:",,starlette/datastructures.py,153,class source only; method not matched in docs scan,method candidate; not reviewed,supported,starlette/datastructures.py:153;docs/requests.md:34-47;docs/middleware.md:493-534;docs/release-notes.md:1098-1100;docs/release-notes.md:1098-1100,The pinned public guide or release note establishes URL as a consumer data structure and documents the relevant representation or operation; assigned tests corroborate concrete behavior.
237,public-method,starlette.datastructures.URL.replace,"def replace(self, **kwargs: Any) -> URL:",,starlette/datastructures.py,115,class source only; method not matched in docs scan,method candidate; not reviewed,supported,starlette/datastructures.py:115;docs/requests.md:34-47;docs/middleware.md:493-534;docs/release-notes.md:1098-1100,The pinned public guide or release note establishes URL as a consumer data structure and documents the relevant representation or operation; assigned tests corroborate concrete behavior.
238,public-method,starlette.datastructures.URL.replace_query_params,"def replace_query_params(self, **kwargs: Any) -> URL:",,starlette/datastructures.py,149,class source only; method not matched in docs scan,method candidate; not reviewed,supported,starlette/datastructures.py:149;docs/requests.md:34-47;docs/middleware.md:493-534;docs/release-notes.md:1098-1100;docs/release-notes.md:1098-1100,The pinned public guide or release note establishes URL as a consumer data structure and documents the relevant representation or operation; assigned tests corroborate concrete behavior.
239,public-method,starlette.datastructures.URL.scheme,def scheme(self) -> str:,,starlette/datastructures.py,76,class source only; method not matched in docs scan,method candidate; not reviewed,supported,starlette/datastructures.py:76;docs/requests.md:34-47;docs/middleware.md:493-534;docs/release-notes.md:1098-1100,The pinned public guide or release note establishes URL as a consumer data structure and documents the relevant representation or operation; assigned tests corroborate concrete behavior.
240,public-method,starlette.datastructures.URL.username,def username(self) -> None | str:,,starlette/datastructures.py,96,class source only; method not matched in docs scan,method candidate; not reviewed,supported,starlette/datastructures.py:96;docs/requests.md:34-47;docs/middleware.md:493-534;docs/release-notes.md:1098-1100,The pinned public guide or release note establishes URL as a consumer data structure and documents the relevant representation or operation; assigned tests corroborate concrete behavior.
241,class,starlette.datastructures.URLPath,class URLPath(str):,"def __init__(self, path: str, protocol: Literal['http', 'websocket', '']='', host: str='') -> None:",starlette/datastructures.py,175,module source only; symbol not matched in docs scan,public-name candidate; not reviewed,supported,starlette/datastructures.py:175;starlette/routing.py:171-171;starlette/routing.py:260-269;docs/release-notes.md:63,The pinned public guide or release note establishes URLPath as a consumer data structure and documents the relevant representation or operation; assigned tests corroborate concrete behavior.
242,constructor,starlette.datastructures.URLPath.__init__,"def __init__(self, path: str, protocol: Literal['http', 'websocket', '']='', host: str='') -> None:",,starlette/datastructures.py,185,class source only; method not matched in docs scan,method candidate; not reviewed,supported,starlette/datastructures.py:185;starlette/routing.py:171-171;starlette/routing.py:260-269;docs/release-notes.md:63,The pinned public guide or release note establishes URLPath as a consumer data structure and documents the relevant representation or operation; assigned tests corroborate concrete behavior.
243,special-method,starlette.datastructures.URLPath.__new__,"def __new__(cls, path: str, protocol: Literal['http', 'websocket', '']='', host: str='') -> URLPath:",,starlette/datastructures.py,181,class source only; method not matched in docs scan,method candidate; not reviewed,supported,starlette/datastructures.py:181;starlette/routing.py:171-171;starlette/routing.py:260-269;docs/release-notes.md:63,The pinned public guide or release note establishes URLPath as a consumer data structure and documents the relevant representation or operation; assigned tests corroborate concrete behavior.
244,public-method,starlette.datastructures.URLPath.make_absolute_url,"def make_absolute_url(self, base_url: str | URL) -> URL:",,starlette/datastructures.py,189,class source only; method not matched in docs scan,method candidate; not reviewed,supported,starlette/datastructures.py:189;starlette/routing.py:171-171;starlette/routing.py:260-269;docs/release-notes.md:63;docs/release-notes.md:1421-1423,The pinned public guide or release note establishes URLPath as a consumer data structure and documents the relevant representation or operation; assigned tests corroborate concrete behavior.
245,class,starlette.datastructures.UploadFile,class UploadFile:,"def __init__(self, file: BinaryIO, *, size: int | None=None, filename: str | None=None, headers: Headers | None=None) -> None:",starlette/datastructures.py,410,explicitly referenced in docs,documented symbol; review defaults and behavior,supported,starlette/datastructures.py:410;docs/requests.md:135-162;docs/release-notes.md:791-798,The pinned public guide or release note establishes UploadFile as a consumer data structure and documents the relevant representation or operation; assigned tests corroborate concrete behavior.
246,constructor,starlette.datastructures.UploadFile.__init__,"def __init__(self, file: BinaryIO, *, size: int | None=None, filename: str | None=None, headers: Headers | None=None) -> None:",,starlette/datastructures.py,415,class source only; method not matched in docs scan,method candidate; not reviewed,supported,starlette/datastructures.py:415;docs/requests.md:135-162;docs/release-notes.md:791-798,The pinned public guide or release note establishes UploadFile as a consumer data structure and documents the relevant representation or operation; assigned tests corroborate concrete behavior.
247,special-method,starlette.datastructures.UploadFile.__repr__,def __repr__(self) -> str:,,starlette/datastructures.py,478,class source only; method not matched in docs scan,method candidate; not reviewed,supported,starlette/datastructures.py:478;docs/requests.md:135-162;docs/release-notes.md:791-798,The pinned public guide or release note establishes UploadFile as a consumer data structure and documents the relevant representation or operation; assigned tests corroborate concrete behavior.
248,public-method,starlette.datastructures.UploadFile.close,async def close(self) -> None:,,starlette/datastructures.py,472,class source only; method not matched in docs scan,method candidate; not reviewed,supported,starlette/datastructures.py:472;docs/requests.md:135-162;docs/release-notes.md:791-798,The pinned public guide or release note establishes UploadFile as a consumer data structure and documents the relevant representation or operation; assigned tests corroborate concrete behavior.
249,public-method,starlette.datastructures.UploadFile.content_type,def content_type(self) -> str | None:,,starlette/datastructures.py,433,class source only; method not matched in docs scan,method candidate; not reviewed,supported,starlette/datastructures.py:433;docs/requests.md:135-162;docs/release-notes.md:791-798,The pinned public guide or release note establishes UploadFile as a consumer data structure and documents the relevant representation or operation; assigned tests corroborate concrete behavior.
250,public-method,starlette.datastructures.UploadFile.read,"async def read(self, size: int=-1) -> bytes:",,starlette/datastructures.py,461,class source only; method not matched in docs scan,method candidate; not reviewed,supported,starlette/datastructures.py:461;docs/requests.md:135-162;docs/release-notes.md:791-798,The pinned public guide or release note establishes UploadFile as a consumer data structure and documents the relevant representation or operation; assigned tests corroborate concrete behavior.
251,public-method,starlette.datastructures.UploadFile.seek,"async def seek(self, offset: int) -> None:",,starlette/datastructures.py,466,class source only; method not matched in docs scan,method candidate; not reviewed,supported,starlette/datastructures.py:466;docs/requests.md:135-162;docs/release-notes.md:791-798,The pinned public guide or release note establishes UploadFile as a consumer data structure and documents the relevant representation or operation; assigned tests corroborate concrete behavior.
252,public-method,starlette.datastructures.UploadFile.write,"async def write(self, data: bytes) -> None:",,starlette/datastructures.py,451,class source only; method not matched in docs scan,method candidate; not reviewed,supported,starlette/datastructures.py:451;docs/requests.md:135-162;docs/release-notes.md:791-798,The pinned public guide or release note establishes UploadFile as a consumer data structure and documents the relevant representation or operation; assigned tests corroborate concrete behavior.
253,source-reexport-candidate,starlette.datastructures.run_in_threadpool,from starlette.concurrency import run_in_threadpool,,starlette/datastructures.py,9,source import only,candidate only; importability is not public-status evidence,private/internal,starlette/datastructures.py:9;starlette/datastructures.py:3-10,This imported helper or ASGI typing name supports the module implementation and is not established as a starlette.datastructures consumer re-export.
254,class,starlette.endpoints.HTTPEndpoint,class HTTPEndpoint:,"def __init__(self, scope: Scope, receive: Receive, send: Send) -> None:",starlette/endpoints.py,17,explicitly referenced in docs,documented symbol; review defaults and behavior,supported,starlette/endpoints.py:17; docs/endpoints.md:5-49; tests/test_endpoints.py:test_http_endpoint_route; tests/test_endpoints.py:test_http_endpoint_route_method,Pinned user documentation describes this API family and its observable behavior; cited upstream tests corroborate representative cases.
255,documented-import,starlette.endpoints.HTTPEndpoint,,,docs/authentication.md,166,explicit Python import in upstream docs,confirmed documented import path,supported,docs/authentication.md:166,"The pinned guide contains this exact import statement, establishing the documented consumer import path for starlette.endpoints.HTTPEndpoint."
256,documented-import,starlette.endpoints.HTTPEndpoint,,,docs/endpoints.md,11,explicit Python import in upstream docs,confirmed documented import path,supported,docs/endpoints.md:11,The pinned user guide imports this symbol in a runnable public usage example; this documentation import establishes the path.
257,special-method,starlette.endpoints.HTTPEndpoint.__await__,"def __await__(self) -> Generator[Any, None, None]:",,starlette/endpoints.py,29,class source only; method not matched in docs scan,method candidate; not reviewed,supported,starlette/endpoints.py:29; docs/endpoints.md:5-49; tests/test_endpoints.py:test_http_endpoint_route; tests/test_endpoints.py:test_http_endpoint_route_method,Pinned user documentation describes this API family and its observable behavior; cited upstream tests corroborate representative cases.
258,constructor,starlette.endpoints.HTTPEndpoint.__init__,"def __init__(self, scope: Scope, receive: Receive, send: Send) -> None:",,starlette/endpoints.py,18,class source only; method not matched in docs scan,method candidate; not reviewed,supported,starlette/endpoints.py:18; docs/endpoints.md:5-49; tests/test_endpoints.py:test_http_endpoint_route; tests/test_endpoints.py:test_http_endpoint_route_method,Pinned user documentation describes this API family and its observable behavior; cited upstream tests corroborate representative cases.
259,public-method,starlette.endpoints.HTTPEndpoint.dispatch,async def dispatch(self) -> None:,,starlette/endpoints.py,32,class source only; method not matched in docs scan,method candidate; not reviewed,uncertain,starlette/endpoints.py:32; docs/endpoints.md:7-49; tests/test_endpoints.py:test_http_endpoint_route; tests/test_endpoints.py:test_http_endpoint_route_method,"This member supports a documented class-level feature, but the pinned guides do not establish this exact direct method as part of the consumer API."
260,public-method,starlette.endpoints.HTTPEndpoint.method_not_allowed,"async def method_not_allowed(self, request: Request) -> Response:",,starlette/endpoints.py,48,class source only; method not matched in docs scan,method candidate; not reviewed,uncertain,starlette/endpoints.py:48; docs/endpoints.md:48-49; tests/test_endpoints.py:test_http_endpoint_route_method; tests/test_endpoints.py:test_http_endpoint_does_not_dispatch_non_verb_method,"This member supports a documented class-level feature, but the pinned guides do not establish this exact direct method as part of the consumer API."
261,source-reexport-candidate,starlette.endpoints.HTTPException,from starlette.exceptions import HTTPException,,starlette/endpoints.py,10,source import only,candidate only; importability is not public-status evidence,private/internal,starlette/endpoints.py:10,This is source-only routing/delegation machinery or an import used for annotations/internal calls; no pinned public guide or deliberate compatibility export establishes this module path as public.
262,source-reexport-candidate,starlette.endpoints.Message,from starlette.types import Message,,starlette/endpoints.py,13,source import only,candidate only; importability is not public-status evidence,private/internal,starlette/endpoints.py:13,This is source-only routing/delegation machinery or an import used for annotations/internal calls; no pinned public guide or deliberate compatibility export establishes this module path as public.
263,source-reexport-candidate,starlette.endpoints.PlainTextResponse,from starlette.responses import PlainTextResponse,,starlette/endpoints.py,12,source import only,candidate only; importability is not public-status evidence,private/internal,starlette/endpoints.py:12,This is source-only routing/delegation machinery or an import used for annotations/internal calls; no pinned public guide or deliberate compatibility export establishes this module path as public.
264,source-reexport-candidate,starlette.endpoints.Receive,from starlette.types import Receive,,starlette/endpoints.py,13,source import only,candidate only; importability is not public-status evidence,private/internal,starlette/endpoints.py:13,This is source-only routing/delegation machinery or an import used for annotations/internal calls; no pinned public guide or deliberate compatibility export establishes this module path as public.
265,source-reexport-candidate,starlette.endpoints.Request,from starlette.requests import Request,,starlette/endpoints.py,11,source import only,candidate only; importability is not public-status evidence,private/internal,starlette/endpoints.py:11,This is source-only routing/delegation machinery or an import used for annotations/internal calls; no pinned public guide or deliberate compatibility export establishes this module path as public.
266,source-reexport-candidate,starlette.endpoints.Response,from starlette.responses import Response,,starlette/endpoints.py,12,source import only,candidate only; importability is not public-status evidence,private/internal,starlette/endpoints.py:12,This is source-only routing/delegation machinery or an import used for annotations/internal calls; no pinned public guide or deliberate compatibility export establishes this module path as public.
267,source-reexport-candidate,starlette.endpoints.Scope,from starlette.types import Scope,,starlette/endpoints.py,13,source import only,candidate only; importability is not public-status evidence,private/internal,starlette/endpoints.py:13,This is source-only routing/delegation machinery or an import used for annotations/internal calls; no pinned public guide or deliberate compatibility export establishes this module path as public.
268,source-reexport-candidate,starlette.endpoints.Send,from starlette.types import Send,,starlette/endpoints.py,13,source import only,candidate only; importability is not public-status evidence,private/internal,starlette/endpoints.py:13,This is source-only routing/delegation machinery or an import used for annotations/internal calls; no pinned public guide or deliberate compatibility export establishes this module path as public.
269,source-reexport-candidate,starlette.endpoints.WebSocket,from starlette.websockets import WebSocket,,starlette/endpoints.py,14,source import only,candidate only; importability is not public-status evidence,private/internal,starlette/endpoints.py:14,This is source-only routing/delegation machinery or an import used for annotations/internal calls; no pinned public guide or deliberate compatibility export establishes this module path as public.
270,class,starlette.endpoints.WebSocketEndpoint,class WebSocketEndpoint:,"def __init__(self, scope: Scope, receive: Receive, send: Send) -> None:",starlette/endpoints.py,58,explicitly referenced in docs,documented symbol; review defaults and behavior,supported,starlette/endpoints.py:58; docs/endpoints.md:51-88; tests/test_endpoints.py:test_websocket_endpoint_on_connect; tests/test_endpoints.py:test_websocket_endpoint_on_receive_text; tests/test_endpoints.py:test_websocket_endpoint_on_disconnect,Pinned user documentation describes this API family and its observable behavior; cited upstream tests corroborate representative cases.
271,documented-import,starlette.endpoints.WebSocketEndpoint,,,docs/endpoints.md,72,explicit Python import in upstream docs,confirmed documented import path,supported,docs/endpoints.md:72,The pinned user guide imports this symbol in a runnable public usage example; this documentation import establishes the path.
272,special-method,starlette.endpoints.WebSocketEndpoint.__await__,"def __await__(self) -> Generator[Any, None, None]:",,starlette/endpoints.py,67,class source only; method not matched in docs scan,method candidate; not reviewed,supported,starlette/endpoints.py:67; docs/endpoints.md:51-88; tests/test_endpoints.py:test_websocket_endpoint_on_connect; tests/test_endpoints.py:test_websocket_endpoint_on_receive_text; tests/test_endpoints.py:test_websocket_endpoint_on_disconnect,Pinned user documentation describes this API family and its observable behavior; cited upstream tests corroborate representative cases.
273,constructor,starlette.endpoints.WebSocketEndpoint.__init__,"def __init__(self, scope: Scope, receive: Receive, send: Send) -> None:",,starlette/endpoints.py,61,class source only; method not matched in docs scan,method candidate; not reviewed,supported,starlette/endpoints.py:61; docs/endpoints.md:51-88; tests/test_endpoints.py:test_websocket_endpoint_on_connect; tests/test_endpoints.py:test_websocket_endpoint_on_receive_text; tests/test_endpoints.py:test_websocket_endpoint_on_disconnect,Pinned user documentation describes this API family and its observable behavior; cited upstream tests corroborate representative cases.
274,public-method,starlette.endpoints.WebSocketEndpoint.decode,"async def decode(self, websocket: WebSocket, message: Message) -> Any:",,starlette/endpoints.py,91,class source only; method not matched in docs scan,method candidate; not reviewed,uncertain,starlette/endpoints.py:91; docs/endpoints.md:51-88; tests/test_endpoints.py:test_websocket_endpoint_on_connect; tests/test_endpoints.py:test_websocket_endpoint_on_receive_text; tests/test_endpoints.py:test_websocket_endpoint_on_disconnect,"Observable candidate has source and/or test evidence, but the pinned guides do not establish this low-level method, representation, or candidate type as a supported consumer contract."
275,public-method,starlette.endpoints.WebSocketEndpoint.dispatch,async def dispatch(self) -> None:,,starlette/endpoints.py,70,class source only; method not matched in docs scan,method candidate; not reviewed,uncertain,starlette/endpoints.py:70; docs/endpoints.md:51-85; tests/test_endpoints.py:test_websocket_endpoint_on_connect; tests/test_endpoints.py:test_websocket_endpoint_on_disconnect,"This member supports a documented class-level feature, but the pinned guides do not establish this exact direct method as part of the consumer API."
276,public-method,starlette.endpoints.WebSocketEndpoint.on_connect,"async def on_connect(self, websocket: WebSocket) -> None:",,starlette/endpoints.py,119,class source only; method not matched in docs scan,method candidate; not reviewed,supported,starlette/endpoints.py:119; docs/endpoints.md:51-88; tests/test_endpoints.py:test_websocket_endpoint_on_connect; tests/test_endpoints.py:test_websocket_endpoint_on_receive_text; tests/test_endpoints.py:test_websocket_endpoint_on_disconnect,Pinned user documentation describes this API family and its observable behavior; cited upstream tests corroborate representative cases.
277,public-method,starlette.endpoints.WebSocketEndpoint.on_disconnect,"async def on_disconnect(self, websocket: WebSocket, close_code: int) -> None:",,starlette/endpoints.py,126,class source only; method not matched in docs scan,method candidate; not reviewed,supported,starlette/endpoints.py:126; docs/endpoints.md:51-88; tests/test_endpoints.py:test_websocket_endpoint_on_connect; tests/test_endpoints.py:test_websocket_endpoint_on_receive_text; tests/test_endpoints.py:test_websocket_endpoint_on_disconnect,Pinned user documentation describes this API family and its observable behavior; cited upstream tests corroborate representative cases.
278,public-method,starlette.endpoints.WebSocketEndpoint.on_receive,"async def on_receive(self, websocket: WebSocket, data: Any) -> None:",,starlette/endpoints.py,123,class source only; method not matched in docs scan,method candidate; not reviewed,supported,starlette/endpoints.py:123; docs/endpoints.md:51-88; tests/test_endpoints.py:test_websocket_endpoint_on_connect; tests/test_endpoints.py:test_websocket_endpoint_on_receive_text; tests/test_endpoints.py:test_websocket_endpoint_on_disconnect,Pinned user documentation describes this API family and its observable behavior; cited upstream tests corroborate representative cases.
279,source-reexport-candidate,starlette.endpoints.is_async_callable,from starlette._utils import is_async_callable,,starlette/endpoints.py,8,source import only,candidate only; importability is not public-status evidence,private/internal,starlette/endpoints.py:8,This is source-only routing/delegation machinery or an import used for annotations/internal calls; no pinned public guide or deliberate compatibility export establishes this module path as public.
280,source-reexport-candidate,starlette.endpoints.run_in_threadpool,from starlette.concurrency import run_in_threadpool,,starlette/endpoints.py,9,source import only,candidate only; importability is not public-status evidence,private/internal,starlette/endpoints.py:9,This is source-only routing/delegation machinery or an import used for annotations/internal calls; no pinned public guide or deliberate compatibility export establishes this module path as public.
281,source-reexport-candidate,starlette.endpoints.status,from starlette import status,,starlette/endpoints.py,7,source import only,candidate only; importability is not public-status evidence,private/internal,starlette/endpoints.py:7,This is source-only routing/delegation machinery or an import used for annotations/internal calls; no pinned public guide or deliberate compatibility export establishes this module path as public.
282,class,starlette.exceptions.HTTPException,class HTTPException(Exception):,"def __init__(self, status_code: int, detail: str | None=None, headers: Mapping[str, str] | None=None) -> None:",starlette/exceptions.py,7,explicitly referenced in docs,documented symbol; review defaults and behavior,supported,starlette/exceptions.py:7;docs/exceptions.md:116-149;docs/exceptions.md:53-74,"The pinned exceptions guide documents the class and its handling contract; constructor payload, string form, and WebSocket close behavior are part of the described error interface."
283,documented-import,starlette.exceptions.HTTPException,,,docs/exceptions.md,7,explicit Python import in upstream docs,confirmed documented import path,supported,docs/exceptions.md:7,"The pinned guide contains this exact import statement, establishing the documented consumer import path for starlette.exceptions.HTTPException."
284,documented-import,starlette.exceptions.HTTPException,,,docs/websockets.md,131,explicit Python import in upstream docs,confirmed documented import path,supported,docs/websockets.md:131,The pinned user guide imports this symbol in a runnable public usage example; this documentation import establishes the path.
285,constructor,starlette.exceptions.HTTPException.__init__,"def __init__(self, status_code: int, detail: str | None=None, headers: Mapping[str, str] | None=None) -> None:",,starlette/exceptions.py,8,class source only; method not matched in docs scan,method candidate; not reviewed,supported,starlette/exceptions.py:8;docs/exceptions.md:116-149;docs/exceptions.md:53-74,"The pinned exceptions guide documents the class and its handling contract; constructor payload, string form, and WebSocket close behavior are part of the described error interface."
286,special-method,starlette.exceptions.HTTPException.__repr__,def __repr__(self) -> str:,,starlette/exceptions.py,18,class source only; method not matched in docs scan,method candidate; not reviewed,uncertain,starlette/exceptions.py:18;docs/exceptions.md:116-149;tests/test_exceptions.py::test_http_repr;tests/test_exceptions.py::test_websocket_repr,"The class itself is documented, but the exact repr string is supported only by implementation and test evidence, not by the pinned public guide or release notes."
287,special-method,starlette.exceptions.HTTPException.__str__,def __str__(self) -> str:,,starlette/exceptions.py,15,class source only; method not matched in docs scan,method candidate; not reviewed,supported,starlette/exceptions.py:15;docs/exceptions.md:116-149;docs/exceptions.md:53-74;docs/release-notes.md:721,"The pinned exceptions guide documents the class and its handling contract; constructor payload, string form, and WebSocket close behavior are part of the described error interface."
288,class,starlette.exceptions.StarletteDeprecationWarning,class StarletteDeprecationWarning(UserWarning):,inherited or object default; verify,starlette/exceptions.py,36,module source only; symbol not matched in docs scan,public-name candidate; not reviewed,uncertain,starlette/exceptions.py:36;starlette/status.py:190-204;tests/test_status.py:5-25,"The class is used as a warning category and imported in tests, but the pinned user guides do not establish its import path as public."
289,class,starlette.exceptions.WebSocketException,class WebSocketException(Exception):,"def __init__(self, code: int, reason: str | None=None) -> None:",starlette/exceptions.py,23,module source only; symbol not matched in docs scan,public-name candidate; not reviewed,supported,starlette/exceptions.py:23;docs/exceptions.md:116-149;docs/exceptions.md:53-74,"The pinned exceptions guide documents the class and its handling contract; constructor payload, string form, and WebSocket close behavior are part of the described error interface."
290,constructor,starlette.exceptions.WebSocketException.__init__,"def __init__(self, code: int, reason: str | None=None) -> None:",,starlette/exceptions.py,24,class source only; method not matched in docs scan,method candidate; not reviewed,supported,starlette/exceptions.py:24;docs/exceptions.md:116-149;docs/exceptions.md:53-74,"The pinned exceptions guide documents the class and its handling contract; constructor payload, string form, and WebSocket close behavior are part of the described error interface."
291,special-method,starlette.exceptions.WebSocketException.__repr__,def __repr__(self) -> str:,,starlette/exceptions.py,31,class source only; method not matched in docs scan,method candidate; not reviewed,uncertain,starlette/exceptions.py:31;docs/exceptions.md:116-149;tests/test_exceptions.py::test_http_repr;tests/test_exceptions.py::test_websocket_repr,"The class itself is documented, but the exact repr string is supported only by implementation and test evidence, not by the pinned public guide or release notes."
292,special-method,starlette.exceptions.WebSocketException.__str__,def __str__(self) -> str:,,starlette/exceptions.py,28,class source only; method not matched in docs scan,method candidate; not reviewed,supported,starlette/exceptions.py:28;docs/exceptions.md:116-149;docs/exceptions.md:53-74;docs/release-notes.md:721,"The pinned exceptions guide documents the class and its handling contract; constructor payload, string form, and WebSocket close behavior are part of the described error interface."
293,source-reexport-candidate,starlette.formparsers.FormData,from starlette.datastructures import FormData,,starlette/formparsers.py,10,source import only,candidate only; importability is not public-status evidence,uncertain,starlette/formparsers.py:10,The name is imported into this module but the assigned guides and root exports do not establish this module-qualified spelling as public; importability alone is insufficient evidence.
294,class,starlette.formparsers.FormMessage,class FormMessage(Enum):,inherited or object default; verify,starlette/formparsers.py,28,module source only; symbol not matched in docs scan,public-name candidate; not reviewed,private/internal,starlette/formparsers.py:28;starlette/requests.py:15,"This is parser state, callback machinery, or an implementation dependency consumed by Request.form; no guide or root export establishes an independently supported import path."
295,class,starlette.formparsers.FormParser,class FormParser:,"def __init__(self, headers: Headers, stream: AsyncGenerator[bytes, None], *, max_fields: int | float=1000, max_part_size: int=1024 * 1024) -> None:",starlette/formparsers.py,57,module source only; symbol not matched in docs scan,public-name candidate; not reviewed,uncertain,starlette/formparsers.py:57;tests/test_testclient.py:89,The source exposes this candidate but the guide documents the TestClient interface without naming this lifecycle helper; keep public status unresolved.
296,constructor,starlette.formparsers.FormParser.__init__,"def __init__(self, headers: Headers, stream: AsyncGenerator[bytes, None], *, max_fields: int | float=1000, max_part_size: int=1024 * 1024) -> None:",,starlette/formparsers.py,58,class source only; method not matched in docs scan,method candidate; not reviewed,uncertain,starlette/formparsers.py:58;tests/test_testclient.py:89,The source exposes this candidate but the guide documents the TestClient interface without naming this lifecycle helper; keep public status unresolved.
297,public-method,starlette.formparsers.FormParser.on_end,def on_end(self) -> None:,,starlette/formparsers.py,101,class source only; method not matched in docs scan,method candidate; not reviewed,uncertain,starlette/formparsers.py:101;tests/test_testclient.py:89,The source exposes this candidate but the guide documents the TestClient interface without naming this lifecycle helper; keep public status unresolved.
298,public-method,starlette.formparsers.FormParser.on_field_data,"def on_field_data(self, data: bytes, start: int, end: int) -> None:",,starlette/formparsers.py,87,class source only; method not matched in docs scan,method candidate; not reviewed,uncertain,starlette/formparsers.py:87;tests/test_testclient.py:89,The source exposes this candidate but the guide documents the TestClient interface without naming this lifecycle helper; keep public status unresolved.
299,public-method,starlette.formparsers.FormParser.on_field_end,def on_field_end(self) -> None:,,starlette/formparsers.py,94,class source only; method not matched in docs scan,method candidate; not reviewed,uncertain,starlette/formparsers.py:94;tests/test_testclient.py:89,The source exposes this candidate but the guide documents the TestClient interface without naming this lifecycle helper; keep public status unresolved.
300,public-method,starlette.formparsers.FormParser.on_field_name,"def on_field_name(self, data: bytes, start: int, end: int) -> None:",,starlette/formparsers.py,80,class source only; method not matched in docs scan,method candidate; not reviewed,uncertain,starlette/formparsers.py:80;tests/test_testclient.py:89,The source exposes this candidate but the guide documents the TestClient interface without naming this lifecycle helper; keep public status unresolved.
301,public-method,starlette.formparsers.FormParser.on_field_start,def on_field_start(self) -> None:,,starlette/formparsers.py,75,class source only; method not matched in docs scan,method candidate; not reviewed,uncertain,starlette/formparsers.py:75;tests/test_testclient.py:89,The source exposes this candidate but the guide documents the TestClient interface without naming this lifecycle helper; keep public status unresolved.
302,public-method,starlette.formparsers.FormParser.parse,async def parse(self) -> FormData:,,starlette/formparsers.py,105,class source only; method not matched in docs scan,method candidate; not reviewed,uncertain,starlette/formparsers.py:105;tests/test_testclient.py:89,The source exposes this candidate but the guide documents the TestClient interface without naming this lifecycle helper; keep public status unresolved.
303,source-reexport-candidate,starlette.formparsers.Headers,from starlette.datastructures import Headers,,starlette/formparsers.py,10,source import only,candidate only; importability is not public-status evidence,uncertain,starlette/formparsers.py:10,The name is imported into this module but the assigned guides and root exports do not establish this module-qualified spelling as public; importability alone is insufficient evidence.
304,class,starlette.formparsers.MultiPartException,class MultiPartException(Exception):,"def __init__(self, message: str) -> None:",starlette/formparsers.py,52,module source only; symbol not matched in docs scan,public-name candidate; not reviewed,uncertain,starlette/formparsers.py:52;tests/test_testclient.py:89,The source exposes this candidate but the guide documents the TestClient interface without naming this lifecycle helper; keep public status unresolved.
305,constructor,starlette.formparsers.MultiPartException.__init__,"def __init__(self, message: str) -> None:",,starlette/formparsers.py,53,class source only; method not matched in docs scan,method candidate; not reviewed,uncertain,starlette/formparsers.py:53;tests/test_testclient.py:89,The source exposes this candidate but the guide documents the TestClient interface without naming this lifecycle helper; keep public status unresolved.
306,class,starlette.formparsers.MultiPartParser,class MultiPartParser:,"def __init__(self, headers: Headers, stream: AsyncGenerator[bytes, None], *, max_files: int | float=1000, max_fields: int | float=1000, max_part_size: int=1024 * 1024) -> None:",starlette/formparsers.py,146,module source only; symbol not matched in docs scan,public-name candidate; not reviewed,uncertain,starlette/formparsers.py:146;tests/test_testclient.py:89,The source exposes this candidate but the guide documents the TestClient interface without naming this lifecycle helper; keep public status unresolved.
307,constructor,starlette.formparsers.MultiPartParser.__init__,"def __init__(self, headers: Headers, stream: AsyncGenerator[bytes, None], *, max_files: int | float=1000, max_fields: int | float=1000, max_part_size: int=1024 * 1024) -> None:",,starlette/formparsers.py,152,class source only; method not matched in docs scan,method candidate; not reviewed,uncertain,starlette/formparsers.py:152;tests/test_testclient.py:89,The source exposes this candidate but the guide documents the TestClient interface without naming this lifecycle helper; keep public status unresolved.
308,public-method,starlette.formparsers.MultiPartParser.on_end,def on_end(self) -> None:,,starlette/formparsers.py,244,class source only; method not matched in docs scan,method candidate; not reviewed,uncertain,starlette/formparsers.py:244;tests/test_testclient.py:89,The source exposes this candidate but the guide documents the TestClient interface without naming this lifecycle helper; keep public status unresolved.
309,public-method,starlette.formparsers.MultiPartParser.on_header_end,def on_header_end(self) -> None:,,starlette/formparsers.py,211,class source only; method not matched in docs scan,method candidate; not reviewed,uncertain,starlette/formparsers.py:211;tests/test_testclient.py:89,The source exposes this candidate but the guide documents the TestClient interface without naming this lifecycle helper; keep public status unresolved.
310,public-method,starlette.formparsers.MultiPartParser.on_header_field,"def on_header_field(self, data: bytes, start: int, end: int) -> None:",,starlette/formparsers.py,205,class source only; method not matched in docs scan,method candidate; not reviewed,uncertain,starlette/formparsers.py:205;tests/test_testclient.py:89,The source exposes this candidate but the guide documents the TestClient interface without naming this lifecycle helper; keep public status unresolved.
311,public-method,starlette.formparsers.MultiPartParser.on_header_value,"def on_header_value(self, data: bytes, start: int, end: int) -> None:",,starlette/formparsers.py,208,class source only; method not matched in docs scan,method candidate; not reviewed,uncertain,starlette/formparsers.py:208;tests/test_testclient.py:89,The source exposes this candidate but the guide documents the TestClient interface without naming this lifecycle helper; keep public status unresolved.
312,public-method,starlette.formparsers.MultiPartParser.on_headers_finished,def on_headers_finished(self) -> None:,,starlette/formparsers.py,219,class source only; method not matched in docs scan,method candidate; not reviewed,uncertain,starlette/formparsers.py:219;tests/test_testclient.py:89,The source exposes this candidate but the guide documents the TestClient interface without naming this lifecycle helper; keep public status unresolved.
313,public-method,starlette.formparsers.MultiPartParser.on_part_begin,def on_part_begin(self) -> None:,,starlette/formparsers.py,178,class source only; method not matched in docs scan,method candidate; not reviewed,uncertain,starlette/formparsers.py:178;tests/test_testclient.py:89,The source exposes this candidate but the guide documents the TestClient interface without naming this lifecycle helper; keep public status unresolved.
314,public-method,starlette.formparsers.MultiPartParser.on_part_data,"def on_part_data(self, data: bytes, start: int, end: int) -> None:",,starlette/formparsers.py,181,class source only; method not matched in docs scan,method candidate; not reviewed,uncertain,starlette/formparsers.py:181;tests/test_testclient.py:89,The source exposes this candidate but the guide documents the TestClient interface without naming this lifecycle helper; keep public status unresolved.
315,public-method,starlette.formparsers.MultiPartParser.on_part_end,def on_part_end(self) -> None:,,starlette/formparsers.py,190,class source only; method not matched in docs scan,method candidate; not reviewed,uncertain,starlette/formparsers.py:190;tests/test_testclient.py:89,The source exposes this candidate but the guide documents the TestClient interface without naming this lifecycle helper; keep public status unresolved.
316,public-method,starlette.formparsers.MultiPartParser.parse,async def parse(self) -> FormData:,,starlette/formparsers.py,247,class source only; method not matched in docs scan,method candidate; not reviewed,uncertain,starlette/formparsers.py:247;tests/test_testclient.py:89,The source exposes this candidate but the guide documents the TestClient interface without naming this lifecycle helper; keep public status unresolved.
317,class,starlette.formparsers.MultipartPart,class MultipartPart:,inherited or object default; verify,starlette/formparsers.py,37,module source only; symbol not matched in docs scan,public-name candidate; not reviewed,private/internal,starlette/formparsers.py:37;starlette/requests.py:15,"This is parser state, callback machinery, or an implementation dependency consumed by Request.form; no guide or root export establishes an independently supported import path."
318,source-reexport-candidate,starlette.formparsers.UploadFile,from starlette.datastructures import UploadFile,,starlette/formparsers.py,10,source import only,candidate only; importability is not public-status evidence,uncertain,starlette/formparsers.py:10,The name is imported into this module but the assigned guides and root exports do not establish this module-qualified spelling as public; importability alone is insufficient evidence.
319,class,starlette.middleware.Middleware,class Middleware:,"def __init__(self, cls: _MiddlewareFactory[P], *args: P.args, **kwargs: P.kwargs) -> None:",starlette/middleware/__init__.py,21,explicitly referenced in docs,documented symbol; review defaults and behavior,supported,starlette/middleware/__init__.py:21;docs/middleware.md:5-46,The pinned guide documents this middleware class and its usage/configuration; the source declaration supplies the constructor and ASGI call contract.
320,documented-import,starlette.middleware.Middleware,,,docs/authentication.md,12,explicit Python import in upstream docs,confirmed documented import path,supported,docs/authentication.md:12,"The pinned guide contains this exact import statement, establishing the documented consumer import path for starlette.middleware.Middleware."
321,documented-import,starlette.middleware.Middleware,,,docs/config.md,172,explicit Python import in upstream docs,confirmed documented import path,supported,docs/config.md:172,"The pinned guide contains this exact import statement, establishing the documented consumer import path for starlette.middleware.Middleware."
322,documented-import,starlette.middleware.Middleware,,,docs/middleware.md,13,explicit Python import in upstream docs,confirmed documented import path,supported,docs/middleware.md:13;starlette/middleware/__init__.py:21,The pinned middleware guide explicitly imports this starlette.* path; the canonical source declaration confirms the documented spelling and current contract.
323,constructor,starlette.middleware.Middleware.__init__,"def __init__(self, cls: _MiddlewareFactory[P], *args: P.args, **kwargs: P.kwargs) -> None:",,starlette/middleware/__init__.py,22,class source only; method not matched in docs scan,method candidate; not reviewed,supported,starlette/middleware/__init__.py:22;docs/middleware.md:5-46,The guide constructs this documented middleware with this class’s public configuration shape; the source signature identifies the pinned constructor contract.
324,special-method,starlette.middleware.Middleware.__iter__,def __iter__(self) -> Iterator[Any]:,,starlette/middleware/__init__.py,27,class source only; method not matched in docs scan,method candidate; not reviewed,uncertain,starlette/middleware/__init__.py:27;tests/middleware/test_middleware.py:15-22,"The upstream tests exercise this behavior on the documented Middleware object, but the guide does not promise this representation/iteration detail as a stable API; retain as uncertain."
325,special-method,starlette.middleware.Middleware.__repr__,def __repr__(self) -> str:,,starlette/middleware/__init__.py,31,class source only; method not matched in docs scan,method candidate; not reviewed,uncertain,starlette/middleware/__init__.py:31;tests/middleware/test_middleware.py:15-22,"The upstream tests exercise this behavior on the documented Middleware object, but the guide does not promise this representation/iteration detail as a stable API; retain as uncertain."
326,assignment,starlette.middleware.P,"ParamSpec(""P"")",,starlette/middleware/__init__.py,6,module source only; name not matched in docs scan,public-name candidate; not reviewed,private/internal,starlette/middleware/__init__.py:6,"The pinned source uses this type alias, constant, responder, or helper as middleware implementation machinery; the assigned docs do not establish it as a standalone consumer API."
327,source-reexport-candidate,starlette.middleware.authentication.ASGIApp,from starlette.types import ASGIApp,,starlette/middleware/authentication.py,13,source import only,candidate only; importability is not public-status evidence,private/internal,starlette/middleware/authentication.py:13,This name is imported into the implementation module for internal calls or annotations; the assigned guide documents its canonical starlette.* path elsewhere and does not promise this submodule re-export.
328,source-reexport-candidate,starlette.middleware.authentication.AuthCredentials,from starlette.authentication import AuthCredentials,,starlette/middleware/authentication.py,5,source import only,candidate only; importability is not public-status evidence,private/internal,starlette/middleware/authentication.py:5,This name is imported into the implementation module for internal calls or annotations; the assigned guide documents its canonical starlette.* path elsewhere and does not promise this submodule re-export.
329,source-reexport-candidate,starlette.middleware.authentication.AuthenticationBackend,from starlette.authentication import AuthenticationBackend,,starlette/middleware/authentication.py,5,source import only,candidate only; importability is not public-status evidence,private/internal,starlette/middleware/authentication.py:5,This name is imported into the implementation module for internal calls or annotations; the assigned guide documents its canonical starlette.* path elsewhere and does not promise this submodule re-export.
330,source-reexport-candidate,starlette.middleware.authentication.AuthenticationError,from starlette.authentication import AuthenticationError,,starlette/middleware/authentication.py,5,source import only,candidate only; importability is not public-status evidence,private/internal,starlette/middleware/authentication.py:5,This name is imported into the implementation module for internal calls or annotations; the assigned guide documents its canonical starlette.* path elsewhere and does not promise this submodule re-export.
331,class,starlette.middleware.authentication.AuthenticationMiddleware,class AuthenticationMiddleware:,"def __init__(self, app: ASGIApp, backend: AuthenticationBackend, on_error: Callable[[HTTPConnection, AuthenticationError], Response] | None=None) -> None:",starlette/middleware/authentication.py,16,explicitly referenced in docs,documented symbol; review defaults and behavior,supported,starlette/middleware/authentication.py:16;docs/authentication.md:13-53;docs/authentication.md:175-195,The pinned guide documents this middleware class and its usage/configuration; the source declaration supplies the constructor and ASGI call contract.
332,documented-import,starlette.middleware.authentication.AuthenticationMiddleware,,,docs/authentication.md,13,explicit Python import in upstream docs,confirmed documented import path,supported,docs/authentication.md:13,"The pinned guide contains this exact import statement, establishing the documented consumer import path for starlette.middleware.authentication.AuthenticationMiddleware."
333,special-method,starlette.middleware.authentication.AuthenticationMiddleware.__call__,"async def __call__(self, scope: Scope, receive: Receive, send: Send) -> None:",,starlette/middleware/authentication.py,29,class source only; method not matched in docs scan,method candidate; not reviewed,supported,starlette/middleware/authentication.py:29;docs/authentication.md:13-53;docs/authentication.md:175-195,The guide documents this middleware as an ASGI wrapper; its source call method is the runtime entry point for that documented behavior.
334,constructor,starlette.middleware.authentication.AuthenticationMiddleware.__init__,"def __init__(self, app: ASGIApp, backend: AuthenticationBackend, on_error: Callable[[HTTPConnection, AuthenticationError], Response] | None=None) -> None:",,starlette/middleware/authentication.py,17,class source only; method not matched in docs scan,method candidate; not reviewed,supported,starlette/middleware/authentication.py:17;docs/authentication.md:13-53;docs/authentication.md:175-195,The guide constructs this documented middleware with this class’s public configuration shape; the source signature identifies the pinned constructor contract.
335,public-method,starlette.middleware.authentication.AuthenticationMiddleware.default_on_error,"def default_on_error(conn: HTTPConnection, exc: Exception) -> Response:",,starlette/middleware/authentication.py,51,class source only; method not matched in docs scan,method candidate; not reviewed,uncertain,starlette/middleware/authentication.py:51;docs/authentication.md:175-195,The guide documents custom on_error callbacks but does not expose this named default handler; source visibility alone does not establish the method as a public API.
336,source-reexport-candidate,starlette.middleware.authentication.HTTPConnection,from starlette.requests import HTTPConnection,,starlette/middleware/authentication.py,11,source import only,candidate only; importability is not public-status evidence,private/internal,starlette/middleware/authentication.py:11,This name is imported into the implementation module for internal calls or annotations; the assigned guide documents its canonical starlette.* path elsewhere and does not promise this submodule re-export.
337,source-reexport-candidate,starlette.middleware.authentication.PlainTextResponse,from starlette.responses import PlainTextResponse,,starlette/middleware/authentication.py,12,source import only,candidate only; importability is not public-status evidence,private/internal,starlette/middleware/authentication.py:12,This name is imported into the implementation module for internal calls or annotations; the assigned guide documents its canonical starlette.* path elsewhere and does not promise this submodule re-export.
338,source-reexport-candidate,starlette.middleware.authentication.Receive,from starlette.types import Receive,,starlette/middleware/authentication.py,13,source import only,candidate only; importability is not public-status evidence,private/internal,starlette/middleware/authentication.py:13,This name is imported into the implementation module for internal calls or annotations; the assigned guide documents its canonical starlette.* path elsewhere and does not promise this submodule re-export.
339,source-reexport-candidate,starlette.middleware.authentication.Response,from starlette.responses import Response,,starlette/middleware/authentication.py,12,source import only,candidate only; importability is not public-status evidence,private/internal,starlette/middleware/authentication.py:12,This name is imported into the implementation module for internal calls or annotations; the assigned guide documents its canonical starlette.* path elsewhere and does not promise this submodule re-export.
340,source-reexport-candidate,starlette.middleware.authentication.Scope,from starlette.types import Scope,,starlette/middleware/authentication.py,13,source import only,candidate only; importability is not public-status evidence,private/internal,starlette/middleware/authentication.py:13,This name is imported into the implementation module for internal calls or annotations; the assigned guide documents its canonical starlette.* path elsewhere and does not promise this submodule re-export.
341,source-reexport-candidate,starlette.middleware.authentication.Send,from starlette.types import Send,,starlette/middleware/authentication.py,13,source import only,candidate only; importability is not public-status evidence,private/internal,starlette/middleware/authentication.py:13,This name is imported into the implementation module for internal calls or annotations; the assigned guide documents its canonical starlette.* path elsewhere and does not promise this submodule re-export.
342,source-reexport-candidate,starlette.middleware.authentication.UnauthenticatedUser,from starlette.authentication import UnauthenticatedUser,,starlette/middleware/authentication.py,5,source import only,candidate only; importability is not public-status evidence,private/internal,starlette/middleware/authentication.py:5,This name is imported into the implementation module for internal calls or annotations; the assigned guide documents its canonical starlette.* path elsewhere and does not promise this submodule re-export.
343,source-reexport-candidate,starlette.middleware.base.ASGIApp,from starlette.types import ASGIApp,,starlette/middleware/base.py,11,source import only,candidate only; importability is not public-status evidence,private/internal,starlette/middleware/base.py:11,This name is imported into the implementation module for internal calls or annotations; the assigned guide documents its canonical starlette.* path elsewhere and does not promise this submodule re-export.
344,assignment,starlette.middleware.base.AsyncContentStream,"AsyncIterable[str | bytes | memoryview | MutableMapping[str, Any]]",,starlette/middleware/base.py,16,module source only; name not matched in docs scan,public-name candidate; not reviewed,private/internal,starlette/middleware/base.py:16,"The pinned source uses this type alias, constant, responder, or helper as middleware implementation machinery; the assigned docs do not establish it as a standalone consumer API."
345,class,starlette.middleware.base.BaseHTTPMiddleware,class BaseHTTPMiddleware:,"def __init__(self, app: ASGIApp, dispatch: DispatchFunction | None=None) -> None:",starlette/middleware/base.py,96,explicitly referenced in docs,documented symbol; review defaults and behavior,supported,starlette/middleware/base.py:96;docs/middleware.md:282-345,The pinned guide documents this middleware class and its usage/configuration; the source declaration supplies the constructor and ASGI call contract.
346,documented-import,starlette.middleware.base.BaseHTTPMiddleware,,,docs/middleware.md,295,explicit Python import in upstream docs,confirmed documented import path,supported,docs/middleware.md:295;starlette/middleware/base.py:96,The pinned middleware guide explicitly imports this starlette.* path; the canonical source declaration confirms the documented spelling and current contract.
347,documented-import,starlette.middleware.base.BaseHTTPMiddleware,,,docs/release-notes.md,1378,explicit Python import in upstream docs,confirmed documented import path,supported,docs/release-notes.md:1378;starlette/middleware/base.py;tests/middleware/test_base.py,The pinned release history uses the symbol as an importable Starlette API and its canonical module defines the current behavior.
348,special-method,starlette.middleware.base.BaseHTTPMiddleware.__call__,"async def __call__(self, scope: Scope, receive: Receive, send: Send) -> None:",,starlette/middleware/base.py,101,class source only; method not matched in docs scan,method candidate; not reviewed,supported,starlette/middleware/base.py:101;docs/middleware.md:282-345,The guide documents this middleware as an ASGI wrapper; its source call method is the runtime entry point for that documented behavior.
349,constructor,starlette.middleware.base.BaseHTTPMiddleware.__init__,"def __init__(self, app: ASGIApp, dispatch: DispatchFunction | None=None) -> None:",,starlette/middleware/base.py,97,class source only; method not matched in docs scan,method candidate; not reviewed,supported,starlette/middleware/base.py:97;docs/middleware.md:282-345,The guide constructs this documented middleware with this class’s public configuration shape; the source signature identifies the pinned constructor contract.
350,public-method,starlette.middleware.base.BaseHTTPMiddleware.dispatch,"async def dispatch(self, request: Request, call_next: RequestResponseEndpoint) -> Response:",,starlette/middleware/base.py,200,class source only; method not matched in docs scan,method candidate; not reviewed,supported,starlette/middleware/base.py:200;docs/middleware.md:282-345,The middleware guide explicitly requires this override as the BaseHTTPMiddleware request/response extension point; the source and tests corroborate its call contract.
351,assignment,starlette.middleware.base.BodyStreamGenerator,"AsyncGenerator[bytes | MutableMapping[str, Any], None]",,starlette/middleware/base.py,15,module source only; name not matched in docs scan,public-name candidate; not reviewed,private/internal,starlette/middleware/base.py:15,"The pinned source uses this type alias, constant, responder, or helper as middleware implementation machinery; the assigned docs do not establish it as a standalone consumer API."
352,source-reexport-candidate,starlette.middleware.base.ClientDisconnect,from starlette.requests import ClientDisconnect,,starlette/middleware/base.py,9,source import only,candidate only; importability is not public-status evidence,private/internal,starlette/middleware/base.py:9,This name is imported into the implementation module for internal calls or annotations; the assigned guide documents its canonical starlette.* path elsewhere and does not promise this submodule re-export.
353,assignment,starlette.middleware.base.DispatchFunction,"Callable[[Request, RequestResponseEndpoint], Awaitable[Response]]",,starlette/middleware/base.py,14,module source only; name not matched in docs scan,public-name candidate; not reviewed,uncertain,starlette/middleware/base.py:14;tests/middleware/test_base.py:16-18;docs/middleware.md:282-345,"This source-level callable type alias is used by middleware typing/tests, but the guide does not identify this alias as an importable public contract; keep its status unresolved."
354,source-reexport-candidate,starlette.middleware.base.Message,from starlette.types import Message,,starlette/middleware/base.py,11,source import only,candidate only; importability is not public-status evidence,private/internal,starlette/middleware/base.py:11,This name is imported into the implementation module for internal calls or annotations; the assigned guide documents its canonical starlette.* path elsewhere and does not promise this submodule re-export.
355,source-reexport-candidate,starlette.middleware.base.Receive,from starlette.types import Receive,,starlette/middleware/base.py,11,source import only,candidate only; importability is not public-status evidence,private/internal,starlette/middleware/base.py:11,This name is imported into the implementation module for internal calls or annotations; the assigned guide documents its canonical starlette.* path elsewhere and does not promise this submodule re-export.
356,source-reexport-candidate,starlette.middleware.base.Request,from starlette.requests import Request,,starlette/middleware/base.py,9,source import only,candidate only; importability is not public-status evidence,private/internal,starlette/middleware/base.py:9,This name is imported into the implementation module for internal calls or annotations; the assigned guide documents its canonical starlette.* path elsewhere and does not promise this submodule re-export.
357,assignment,starlette.middleware.base.RequestResponseEndpoint,"Callable[[Request], Awaitable[Response]]",,starlette/middleware/base.py,13,module source only; name not matched in docs scan,public-name candidate; not reviewed,uncertain,starlette/middleware/base.py:13;tests/middleware/test_base.py:16-18;docs/middleware.md:282-345,"This source-level callable type alias is used by middleware typing/tests, but the guide does not identify this alias as an importable public contract; keep its status unresolved."
358,source-reexport-candidate,starlette.middleware.base.Response,from starlette.responses import Response,,starlette/middleware/base.py,10,source import only,candidate only; importability is not public-status evidence,private/internal,starlette/middleware/base.py:10,This name is imported into the implementation module for internal calls or annotations; the assigned guide documents its canonical starlette.* path elsewhere and does not promise this submodule re-export.
359,source-reexport-candidate,starlette.middleware.base.Scope,from starlette.types import Scope,,starlette/middleware/base.py,11,source import only,candidate only; importability is not public-status evidence,private/internal,starlette/middleware/base.py:11,This name is imported into the implementation module for internal calls or annotations; the assigned guide documents its canonical starlette.* path elsewhere and does not promise this submodule re-export.
360,source-reexport-candidate,starlette.middleware.base.Send,from starlette.types import Send,,starlette/middleware/base.py,11,source import only,candidate only; importability is not public-status evidence,private/internal,starlette/middleware/base.py:11,This name is imported into the implementation module for internal calls or annotations; the assigned guide documents its canonical starlette.* path elsewhere and does not promise this submodule re-export.
361,assignment,starlette.middleware.base.T,"TypeVar(""T"")",,starlette/middleware/base.py,17,module source only; name not matched in docs scan,public-name candidate; not reviewed,private/internal,starlette/middleware/base.py:17,"The pinned source uses this type alias, constant, responder, or helper as middleware implementation machinery; the assigned docs do not establish it as a standalone consumer API."
362,source-reexport-candidate,starlette.middleware.base.create_collapsing_task_group,from starlette._utils import create_collapsing_task_group,,starlette/middleware/base.py,8,source import only,candidate only; importability is not public-status evidence,private/internal,starlette/middleware/base.py:8,This name is imported into the implementation module for internal calls or annotations; the assigned guide documents its canonical starlette.* path elsewhere and does not promise this submodule re-export.
363,source-reexport-candidate,starlette.middleware.body_limit.ASGIApp,from starlette.types import ASGIApp,,starlette/middleware/body_limit.py,8,source import only,candidate only; importability is not public-status evidence,private/internal,starlette/middleware/body_limit.py:8,This name is imported into the implementation module for internal calls or annotations; the assigned guide documents its canonical starlette.* path elsewhere and does not promise this submodule re-export.
364,source-reexport-candidate,starlette.middleware.body_limit.HTTPException,from starlette.exceptions import HTTPException,,starlette/middleware/body_limit.py,6,source import only,candidate only; importability is not public-status evidence,private/internal,starlette/middleware/body_limit.py:6,This name is imported into the implementation module for internal calls or annotations; the assigned guide documents its canonical starlette.* path elsewhere and does not promise this submodule re-export.
365,source-reexport-candidate,starlette.middleware.body_limit.Headers,from starlette.datastructures import Headers,,starlette/middleware/body_limit.py,5,source import only,candidate only; importability is not public-status evidence,private/internal,starlette/middleware/body_limit.py:5,This name is imported into the implementation module for internal calls or annotations; the assigned guide documents its canonical starlette.* path elsewhere and does not promise this submodule re-export.
366,assignment,starlette.middleware.body_limit.MAX_BODY_SIZE_SCOPE_KEY,"""starlette.max_body_size""",,starlette/middleware/body_limit.py,10,module source only; name not matched in docs scan,public-name candidate; not reviewed,uncertain,starlette/middleware/body_limit.py:10;tests/middleware/test_body_limit.py:11-12;tests/middleware/test_body_limit.py:174-241;starlette/routing.py:23,"The key is consumed by the body-limit implementation and tests, but docs describe max_body_size configuration rather than this scope spelling; its extension status remains unresolved."
367,source-reexport-candidate,starlette.middleware.body_limit.Message,from starlette.types import Message,,starlette/middleware/body_limit.py,8,source import only,candidate only; importability is not public-status evidence,private/internal,starlette/middleware/body_limit.py:8,This name is imported into the implementation module for internal calls or annotations; the assigned guide documents its canonical starlette.* path elsewhere and does not promise this submodule re-export.
368,source-reexport-candidate,starlette.middleware.body_limit.PlainTextResponse,from starlette.responses import PlainTextResponse,,starlette/middleware/body_limit.py,7,source import only,candidate only; importability is not public-status evidence,private/internal,starlette/middleware/body_limit.py:7,This name is imported into the implementation module for internal calls or annotations; the assigned guide documents its canonical starlette.* path elsewhere and does not promise this submodule re-export.
369,source-reexport-candidate,starlette.middleware.body_limit.Receive,from starlette.types import Receive,,starlette/middleware/body_limit.py,8,source import only,candidate only; importability is not public-status evidence,private/internal,starlette/middleware/body_limit.py:8,This name is imported into the implementation module for internal calls or annotations; the assigned guide documents its canonical starlette.* path elsewhere and does not promise this submodule re-export.
370,class,starlette.middleware.body_limit.RequestBodyLimitMiddleware,class RequestBodyLimitMiddleware:,"def __init__(self, app: ASGIApp, max_body_size: int) -> None:",starlette/middleware/body_limit.py,30,explicitly referenced in docs,documented symbol; review defaults and behavior,supported,starlette/middleware/body_limit.py:30;docs/middleware.md:211-239,The pinned guide documents this middleware class and its usage/configuration; the source declaration supplies the constructor and ASGI call contract.
371,documented-import,starlette.middleware.body_limit.RequestBodyLimitMiddleware,,,docs/middleware.md,220,explicit Python import in upstream docs,confirmed documented import path,supported,docs/middleware.md:220;starlette/middleware/body_limit.py:30,The pinned middleware guide explicitly imports this starlette.* path; the canonical source declaration confirms the documented spelling and current contract.
372,special-method,starlette.middleware.body_limit.RequestBodyLimitMiddleware.__call__,"async def __call__(self, scope: Scope, receive: Receive, send: Send) -> None:",,starlette/middleware/body_limit.py,37,class source only; method not matched in docs scan,method candidate; not reviewed,supported,starlette/middleware/body_limit.py:37;docs/middleware.md:211-239,The guide documents this middleware as an ASGI wrapper; its source call method is the runtime entry point for that documented behavior.
373,constructor,starlette.middleware.body_limit.RequestBodyLimitMiddleware.__init__,"def __init__(self, app: ASGIApp, max_body_size: int) -> None:",,starlette/middleware/body_limit.py,33,class source only; method not matched in docs scan,method candidate; not reviewed,supported,starlette/middleware/body_limit.py:33;docs/middleware.md:211-239,The guide constructs this documented middleware with this class’s public configuration shape; the source signature identifies the pinned constructor contract.
374,class,starlette.middleware.body_limit.RequestBodyLimitResponder,class RequestBodyLimitResponder:,"def __init__(self, app: ASGIApp, max_body_size: int) -> None:",starlette/middleware/body_limit.py,45,module source only; symbol not matched in docs scan,public-name candidate; not reviewed,private/internal,starlette/middleware/body_limit.py:45,"The pinned source uses this type alias, constant, responder, or helper as middleware implementation machinery; the assigned docs do not establish it as a standalone consumer API."
375,special-method,starlette.middleware.body_limit.RequestBodyLimitResponder.__call__,"async def __call__(self, scope: Scope, receive: Receive, send: Send) -> None:",,starlette/middleware/body_limit.py,71,class source only; method not matched in docs scan,method candidate; not reviewed,private/internal,starlette/middleware/body_limit.py:71,"The pinned source uses this type alias, constant, responder, or helper as middleware implementation machinery; the assigned docs do not establish it as a standalone consumer API."
376,constructor,starlette.middleware.body_limit.RequestBodyLimitResponder.__init__,"def __init__(self, app: ASGIApp, max_body_size: int) -> None:",,starlette/middleware/body_limit.py,46,class source only; method not matched in docs scan,method candidate; not reviewed,private/internal,starlette/middleware/body_limit.py:46,"The pinned source uses this type alias, constant, responder, or helper as middleware implementation machinery; the assigned docs do not establish it as a standalone consumer API."
377,public-method,starlette.middleware.body_limit.RequestBodyLimitResponder.receive,def receive(self) -> Receive:,,starlette/middleware/body_limit.py,62,class source only; method not matched in docs scan,method candidate; not reviewed,private/internal,starlette/middleware/body_limit.py:62,"The pinned source uses this type alias, constant, responder, or helper as middleware implementation machinery; the assigned docs do not establish it as a standalone consumer API."
378,public-method,starlette.middleware.body_limit.RequestBodyLimitResponder.receive_with_limit,async def receive_with_limit(self) -> Message:,,starlette/middleware/body_limit.py,104,class source only; method not matched in docs scan,method candidate; not reviewed,private/internal,starlette/middleware/body_limit.py:104,"The pinned source uses this type alias, constant, responder, or helper as middleware implementation machinery; the assigned docs do not establish it as a standalone consumer API."
379,public-method,starlette.middleware.body_limit.RequestBodyLimitResponder.scope,def scope(self) -> Scope:,,starlette/middleware/body_limit.py,57,class source only; method not matched in docs scan,method candidate; not reviewed,private/internal,starlette/middleware/body_limit.py:57,"The pinned source uses this type alias, constant, responder, or helper as middleware implementation machinery; the assigned docs do not establish it as a standalone consumer API."
380,public-method,starlette.middleware.body_limit.RequestBodyLimitResponder.send,def send(self) -> Send:,,starlette/middleware/body_limit.py,67,class source only; method not matched in docs scan,method candidate; not reviewed,private/internal,starlette/middleware/body_limit.py:67,"The pinned source uses this type alias, constant, responder, or helper as middleware implementation machinery; the assigned docs do not establish it as a standalone consumer API."
381,public-method,starlette.middleware.body_limit.RequestBodyLimitResponder.send_with_limit,"async def send_with_limit(self, message: Message) -> None:",,starlette/middleware/body_limit.py,115,class source only; method not matched in docs scan,method candidate; not reviewed,private/internal,starlette/middleware/body_limit.py:115,"The pinned source uses this type alias, constant, responder, or helper as middleware implementation machinery; the assigned docs do not establish it as a standalone consumer API."
382,source-reexport-candidate,starlette.middleware.body_limit.Scope,from starlette.types import Scope,,starlette/middleware/body_limit.py,8,source import only,candidate only; importability is not public-status evidence,private/internal,starlette/middleware/body_limit.py:8,This name is imported into the implementation module for internal calls or annotations; the assigned guide documents its canonical starlette.* path elsewhere and does not promise this submodule re-export.
383,source-reexport-candidate,starlette.middleware.body_limit.Send,from starlette.types import Send,,starlette/middleware/body_limit.py,8,source import only,candidate only; importability is not public-status evidence,private/internal,starlette/middleware/body_limit.py:8,This name is imported into the implementation module for internal calls or annotations; the assigned guide documents its canonical starlette.* path elsewhere and does not promise this submodule re-export.
384,assignment,starlette.middleware.cors.ALL_METHODS,"(""DELETE"", ""GET"", ""HEAD"", ""OPTIONS"", ""PATCH"", ""POST"", ""PUT"")",,starlette/middleware/cors.py,11,module source only; name not matched in docs scan,public-name candidate; not reviewed,private/internal,starlette/middleware/cors.py:11,"The pinned source uses this type alias, constant, responder, or helper as middleware implementation machinery; the assigned docs do not establish it as a standalone consumer API."
385,source-reexport-candidate,starlette.middleware.cors.ASGIApp,from starlette.types import ASGIApp,,starlette/middleware/cors.py,9,source import only,candidate only; importability is not public-status evidence,private/internal,starlette/middleware/cors.py:9,This name is imported into the implementation module for internal calls or annotations; the assigned guide documents its canonical starlette.* path elsewhere and does not promise this submodule re-export.
386,class,starlette.middleware.cors.CORSMiddleware,class CORSMiddleware:,"def __init__(self, app: ASGIApp, allow_origins: Sequence[str]=(), allow_methods: Sequence[str]=('GET',), allow_headers: Sequence[str]=(), allow_credentials: bool=False, allow_origin_regex: str | None=None, allow_private_network: bool=False, expose_headers: Sequence[str]=(), max_age: int=600) -> None:",starlette/middleware/cors.py,15,explicitly referenced in docs,documented symbol; review defaults and behavior,supported,starlette/middleware/cors.py:15;docs/middleware.md:50-127,The pinned guide documents this middleware class and its usage/configuration; the source declaration supplies the constructor and ASGI call contract.
387,documented-import,starlette.middleware.cors.CORSMiddleware,,,docs/middleware.md,61,explicit Python import in upstream docs,confirmed documented import path,supported,docs/middleware.md:61;starlette/middleware/cors.py:15,The pinned middleware guide explicitly imports this starlette.* path; the canonical source declaration confirms the documented spelling and current contract.
388,special-method,starlette.middleware.cors.CORSMiddleware.__call__,"async def __call__(self, scope: Scope, receive: Receive, send: Send) -> None:",,starlette/middleware/cors.py,78,class source only; method not matched in docs scan,method candidate; not reviewed,supported,starlette/middleware/cors.py:78;docs/middleware.md:50-127,The guide documents this middleware as an ASGI wrapper; its source call method is the runtime entry point for that documented behavior.
389,constructor,starlette.middleware.cors.CORSMiddleware.__init__,"def __init__(self, app: ASGIApp, allow_origins: Sequence[str]=(), allow_methods: Sequence[str]=('GET',), allow_headers: Sequence[str]=(), allow_credentials: bool=False, allow_origin_regex: str | None=None, allow_private_network: bool=False, expose_headers: Sequence[str]=(), max_age: int=600) -> None:",,starlette/middleware/cors.py,16,class source only; method not matched in docs scan,method candidate; not reviewed,supported,starlette/middleware/cors.py:16;docs/middleware.md:50-127,The guide constructs this documented middleware with this class’s public configuration shape; the source signature identifies the pinned constructor contract.
390,public-method,starlette.middleware.cors.CORSMiddleware.allow_explicit_origin,"def allow_explicit_origin(headers: MutableHeaders, origin: str) -> None:",,starlette/middleware/cors.py,177,class source only; method not matched in docs scan,method candidate; not reviewed,private/internal,starlette/middleware/cors.py:177,"The pinned source uses this type alias, constant, responder, or helper as middleware implementation machinery; the assigned docs do not establish it as a standalone consumer API."
391,public-method,starlette.middleware.cors.CORSMiddleware.is_allowed_origin,"def is_allowed_origin(self, origin: str) -> bool:",,starlette/middleware/cors.py,98,class source only; method not matched in docs scan,method candidate; not reviewed,private/internal,starlette/middleware/cors.py:98,"The pinned source uses this type alias, constant, responder, or helper as middleware implementation machinery; the assigned docs do not establish it as a standalone consumer API."
392,public-method,starlette.middleware.cors.CORSMiddleware.preflight_response,"def preflight_response(self, request_headers: Headers) -> Response:",,starlette/middleware/cors.py,107,class source only; method not matched in docs scan,method candidate; not reviewed,private/internal,starlette/middleware/cors.py:107,"The pinned source uses this type alias, constant, responder, or helper as middleware implementation machinery; the assigned docs do not establish it as a standalone consumer API."
393,public-method,starlette.middleware.cors.CORSMiddleware.send,"async def send(self, message: Message, send: Send, request_headers: Headers) -> None:",,starlette/middleware/cors.py,156,class source only; method not matched in docs scan,method candidate; not reviewed,private/internal,starlette/middleware/cors.py:156,"The pinned source uses this type alias, constant, responder, or helper as middleware implementation machinery; the assigned docs do not establish it as a standalone consumer API."
394,public-method,starlette.middleware.cors.CORSMiddleware.simple_response,"async def simple_response(self, scope: Scope, receive: Receive, send: Send, request_headers: Headers) -> None:",,starlette/middleware/cors.py,152,class source only; method not matched in docs scan,method candidate; not reviewed,private/internal,starlette/middleware/cors.py:152,"The pinned source uses this type alias, constant, responder, or helper as middleware implementation machinery; the assigned docs do not establish it as a standalone consumer API."
395,source-reexport-candidate,starlette.middleware.cors.Headers,from starlette.datastructures import Headers,,starlette/middleware/cors.py,7,source import only,candidate only; importability is not public-status evidence,private/internal,starlette/middleware/cors.py:7,This name is imported into the implementation module for internal calls or annotations; the assigned guide documents its canonical starlette.* path elsewhere and does not promise this submodule re-export.
396,source-reexport-candidate,starlette.middleware.cors.Message,from starlette.types import Message,,starlette/middleware/cors.py,9,source import only,candidate only; importability is not public-status evidence,private/internal,starlette/middleware/cors.py:9,This name is imported into the implementation module for internal calls or annotations; the assigned guide documents its canonical starlette.* path elsewhere and does not promise this submodule re-export.
397,source-reexport-candidate,starlette.middleware.cors.MutableHeaders,from starlette.datastructures import MutableHeaders,,starlette/middleware/cors.py,7,source import only,candidate only; importability is not public-status evidence,private/internal,starlette/middleware/cors.py:7,This name is imported into the implementation module for internal calls or annotations; the assigned guide documents its canonical starlette.* path elsewhere and does not promise this submodule re-export.
398,source-reexport-candidate,starlette.middleware.cors.PlainTextResponse,from starlette.responses import PlainTextResponse,,starlette/middleware/cors.py,8,source import only,candidate only; importability is not public-status evidence,private/internal,starlette/middleware/cors.py:8,This name is imported into the implementation module for internal calls or annotations; the assigned guide documents its canonical starlette.* path elsewhere and does not promise this submodule re-export.
399,source-reexport-candidate,starlette.middleware.cors.Receive,from starlette.types import Receive,,starlette/middleware/cors.py,9,source import only,candidate only; importability is not public-status evidence,private/internal,starlette/middleware/cors.py:9,This name is imported into the implementation module for internal calls or annotations; the assigned guide documents its canonical starlette.* path elsewhere and does not promise this submodule re-export.
400,source-reexport-candidate,starlette.middleware.cors.Response,from starlette.responses import Response,,starlette/middleware/cors.py,8,source import only,candidate only; importability is not public-status evidence,private/internal,starlette/middleware/cors.py:8,This name is imported into the implementation module for internal calls or annotations; the assigned guide documents its canonical starlette.* path elsewhere and does not promise this submodule re-export.
401,assignment,starlette.middleware.cors.SAFELISTED_HEADERS,"{""Accept"", ""Accept-Language"", ""Content-Language"", ""Content-Type""}",,starlette/middleware/cors.py,12,module source only; name not matched in docs scan,public-name candidate; not reviewed,private/internal,starlette/middleware/cors.py:12,"The pinned source uses this type alias, constant, responder, or helper as middleware implementation machinery; the assigned docs do not establish it as a standalone consumer API."
402,source-reexport-candidate,starlette.middleware.cors.Scope,from starlette.types import Scope,,starlette/middleware/cors.py,9,source import only,candidate only; importability is not public-status evidence,private/internal,starlette/middleware/cors.py:9,This name is imported into the implementation module for internal calls or annotations; the assigned guide documents its canonical starlette.* path elsewhere and does not promise this submodule re-export.
403,source-reexport-candidate,starlette.middleware.cors.Send,from starlette.types import Send,,starlette/middleware/cors.py,9,source import only,candidate only; importability is not public-status evidence,private/internal,starlette/middleware/cors.py:9,This name is imported into the implementation module for internal calls or annotations; the assigned guide documents its canonical starlette.* path elsewhere and does not promise this submodule re-export.
404,source-reexport-candidate,starlette.middleware.errors.ASGIApp,from starlette.types import ASGIApp,,starlette/middleware/errors.py,12,source import only,candidate only; importability is not public-status evidence,private/internal,starlette/middleware/errors.py:12,This name is imported into the implementation module for internal calls or annotations; the assigned guide documents its canonical starlette.* path elsewhere and does not promise this submodule re-export.
405,assignment,starlette.middleware.errors.CENTER_LINE,"""""""
<p class=""center-line""><span class=""frame-line center-line"">
<span class=""lineno"">{lineno}.</span> {line}</span></p>
""""""",,starlette/middleware/errors.py,121,module source only; name not matched in docs scan,public-name candidate; not reviewed,private/internal,starlette/middleware/errors.py:121,"The pinned source uses this type alias, constant, responder, or helper as middleware implementation machinery; the assigned docs do not establish it as a standalone consumer API."
406,source-reexport-candidate,starlette.middleware.errors.ExceptionHandler,from starlette.types import ExceptionHandler,,starlette/middleware/errors.py,12,source import only,candidate only; importability is not public-status evidence,private/internal,starlette/middleware/errors.py:12,This name is imported into the implementation module for internal calls or annotations; the assigned guide documents its canonical starlette.* path elsewhere and does not promise this submodule re-export.
407,assignment,starlette.middleware.errors.FRAME_TEMPLATE,"""""""
<div>
    <p class=""frame-title"">File <span class=""frame-filename"">{frame_filename}</span>,
    line <i>{frame_lineno}</i>,
    in <b>{frame_name}</b>
    <span class=""collapse-btn"" data-frame-id=""{frame_filename}-{frame_lineno}"" onclick=""collapse(this)"">{collapse_button}</span>
    </p>
    <div id=""{frame_filename}-{frame_lineno}"" class=""source-code {collapsed}"">{code_context}</div>
</div>
""""""",,starlette/middleware/errors.py,105,module source only; name not matched in docs scan,public-name candidate; not reviewed,private/internal,starlette/middleware/errors.py:105,"The pinned source uses this type alias, constant, responder, or helper as middleware implementation machinery; the assigned docs do not establish it as a standalone consumer API."
408,source-reexport-candidate,starlette.middleware.errors.HTMLResponse,from starlette.responses import HTMLResponse,,starlette/middleware/errors.py,11,source import only,candidate only; importability is not public-status evidence,private/internal,starlette/middleware/errors.py:11,This name is imported into the implementation module for internal calls or annotations; the assigned guide documents its canonical starlette.* path elsewhere and does not promise this submodule re-export.
409,assignment,starlette.middleware.errors.JS,"""""""
<script type=""text/javascript"">
    function collapse(element){
        const frameId = element.getAttribute(""data-frame-id"");
        const frame = document.getElementById(frameId);

        if (frame.classList.contains(""collapsed"")){
            element.innerHTML = ""&#8210;"";
            frame.classList.remove(""collapsed"");
        } else {
            element.innerHTML = ""+"";
            frame.classList.add(""collapsed"");
        }
    }
</script>
""""""",,starlette/middleware/errors.py,68,module source only; name not matched in docs scan,public-name candidate; not reviewed,private/internal,starlette/middleware/errors.py:68,"The pinned source uses this type alias, constant, responder, or helper as middleware implementation machinery; the assigned docs do not establish it as a standalone consumer API."
410,assignment,starlette.middleware.errors.LINE,"""""""
<p><span class=""frame-line"">
<span class=""lineno"">{lineno}.</span> {line}</span></p>
""""""",,starlette/middleware/errors.py,116,module source only; name not matched in docs scan,public-name candidate; not reviewed,private/internal,starlette/middleware/errors.py:116,"The pinned source uses this type alias, constant, responder, or helper as middleware implementation machinery; the assigned docs do not establish it as a standalone consumer API."
411,source-reexport-candidate,starlette.middleware.errors.Message,from starlette.types import Message,,starlette/middleware/errors.py,12,source import only,candidate only; importability is not public-status evidence,private/internal,starlette/middleware/errors.py:12,This name is imported into the implementation module for internal calls or annotations; the assigned guide documents its canonical starlette.* path elsewhere and does not promise this submodule re-export.
412,source-reexport-candidate,starlette.middleware.errors.PlainTextResponse,from starlette.responses import PlainTextResponse,,starlette/middleware/errors.py,11,source import only,candidate only; importability is not public-status evidence,private/internal,starlette/middleware/errors.py:11,This name is imported into the implementation module for internal calls or annotations; the assigned guide documents its canonical starlette.* path elsewhere and does not promise this submodule re-export.
413,source-reexport-candidate,starlette.middleware.errors.Receive,from starlette.types import Receive,,starlette/middleware/errors.py,12,source import only,candidate only; importability is not public-status evidence,private/internal,starlette/middleware/errors.py:12,This name is imported into the implementation module for internal calls or annotations; the assigned guide documents its canonical starlette.* path elsewhere and does not promise this submodule re-export.
414,source-reexport-candidate,starlette.middleware.errors.Request,from starlette.requests import Request,,starlette/middleware/errors.py,10,source import only,candidate only; importability is not public-status evidence,private/internal,starlette/middleware/errors.py:10,This name is imported into the implementation module for internal calls or annotations; the assigned guide documents its canonical starlette.* path elsewhere and does not promise this submodule re-export.
415,source-reexport-candidate,starlette.middleware.errors.Response,from starlette.responses import Response,,starlette/middleware/errors.py,11,source import only,candidate only; importability is not public-status evidence,private/internal,starlette/middleware/errors.py:11,This name is imported into the implementation module for internal calls or annotations; the assigned guide documents its canonical starlette.* path elsewhere and does not promise this submodule re-export.
416,assignment,starlette.middleware.errors.STYLES,"""""""
p {
    color: #211c1c;
}
.traceback-container {
    border: 1px solid #038BB8;
}
.traceback-title {
    background-color: #038BB8;
    color: lemonchiffon;
    padding: 12px;
    font-size: 20px;
    margin-top: 0px;
}
.frame-line {
    padding-left: 10px;
    font-family: monospace;
}
.frame-filename {
    font-family: monospace;
}
.center-line {
    background-color: #038BB8;
    color: #f9f6e1;
    padding: 5px 0px 5px 5px;
}
.lineno {
    margin-right: 5px;
}
.frame-title {
    font-weight: unset;
    padding: 10px 10px 10px 10px;
    background-color: #E4F4FD;
    margin-right: 10px;
    color: #191f21;
    font-size: 17px;
    border: 1px solid #c7dce8;
}
.collapse-btn {
    float: right;
    padding: 0px 5px 1px 5px;
    border: solid 1px #96aebb;
    cursor: pointer;
}
.collapsed {
  display: none;
}
.source-code {
  font-family: courier;
  font-size: small;
  padding-bottom: 10px;
}
""""""",,starlette/middleware/errors.py,14,module source only; name not matched in docs scan,public-name candidate; not reviewed,private/internal,starlette/middleware/errors.py:14,"The pinned source uses this type alias, constant, responder, or helper as middleware implementation machinery; the assigned docs do not establish it as a standalone consumer API."
417,source-reexport-candidate,starlette.middleware.errors.Scope,from starlette.types import Scope,,starlette/middleware/errors.py,12,source import only,candidate only; importability is not public-status evidence,private/internal,starlette/middleware/errors.py:12,This name is imported into the implementation module for internal calls or annotations; the assigned guide documents its canonical starlette.* path elsewhere and does not promise this submodule re-export.
418,source-reexport-candidate,starlette.middleware.errors.Send,from starlette.types import Send,,starlette/middleware/errors.py,12,source import only,candidate only; importability is not public-status evidence,private/internal,starlette/middleware/errors.py:12,This name is imported into the implementation module for internal calls or annotations; the assigned guide documents its canonical starlette.* path elsewhere and does not promise this submodule re-export.
419,class,starlette.middleware.errors.ServerErrorMiddleware,class ServerErrorMiddleware:,"def __init__(self, app: ASGIApp, handler: ExceptionHandler | None=None, debug: bool=False) -> None:",starlette/middleware/errors.py,127,module source only; symbol not matched in docs scan,public-name candidate; not reviewed,supported,starlette/middleware/errors.py:127;docs/middleware.md:32-46;docs/exceptions.md:107-120,The pinned guide documents this middleware class and its usage/configuration; the source declaration supplies the constructor and ASGI call contract.
420,special-method,starlette.middleware.errors.ServerErrorMiddleware.__call__,"async def __call__(self, scope: Scope, receive: Receive, send: Send) -> None:",,starlette/middleware/errors.py,149,class source only; method not matched in docs scan,method candidate; not reviewed,supported,starlette/middleware/errors.py:149;docs/middleware.md:32-46;docs/exceptions.md:107-120,The guide documents this middleware as an ASGI wrapper; its source call method is the runtime entry point for that documented behavior.
421,constructor,starlette.middleware.errors.ServerErrorMiddleware.__init__,"def __init__(self, app: ASGIApp, handler: ExceptionHandler | None=None, debug: bool=False) -> None:",,starlette/middleware/errors.py,139,class source only; method not matched in docs scan,method candidate; not reviewed,supported,starlette/middleware/errors.py:139;docs/middleware.md:32-46;docs/exceptions.md:107-120,The guide constructs this documented middleware with this class’s public configuration shape; the source signature identifies the pinned constructor contract.
422,public-method,starlette.middleware.errors.ServerErrorMiddleware.debug_response,"def debug_response(self, request: Request, exc: Exception) -> Response:",,starlette/middleware/errors.py,249,class source only; method not matched in docs scan,method candidate; not reviewed,private/internal,starlette/middleware/errors.py:249,"The pinned source uses this type alias, constant, responder, or helper as middleware implementation machinery; the assigned docs do not establish it as a standalone consumer API."
423,public-method,starlette.middleware.errors.ServerErrorMiddleware.error_response,"def error_response(self, request: Request, exc: Exception) -> Response:",,starlette/middleware/errors.py,258,class source only; method not matched in docs scan,method candidate; not reviewed,private/internal,starlette/middleware/errors.py:258,"The pinned source uses this type alias, constant, responder, or helper as middleware implementation machinery; the assigned docs do not establish it as a standalone consumer API."
424,public-method,starlette.middleware.errors.ServerErrorMiddleware.format_line,"def format_line(self, index: int, line: str, frame_lineno: int, frame_index: int) -> str:",,starlette/middleware/errors.py,188,class source only; method not matched in docs scan,method candidate; not reviewed,private/internal,starlette/middleware/errors.py:188,"The pinned source uses this type alias, constant, responder, or helper as middleware implementation machinery; the assigned docs do not establish it as a standalone consumer API."
425,public-method,starlette.middleware.errors.ServerErrorMiddleware.generate_frame_html,"def generate_frame_html(self, frame: inspect.FrameInfo, is_collapsed: bool) -> str:",,starlette/middleware/errors.py,199,class source only; method not matched in docs scan,method candidate; not reviewed,private/internal,starlette/middleware/errors.py:199,"The pinned source uses this type alias, constant, responder, or helper as middleware implementation machinery; the assigned docs do not establish it as a standalone consumer API."
426,public-method,starlette.middleware.errors.ServerErrorMiddleware.generate_html,"def generate_html(self, exc: Exception, limit: int=7) -> str:",,starlette/middleware/errors.py,224,class source only; method not matched in docs scan,method candidate; not reviewed,private/internal,starlette/middleware/errors.py:224,"The pinned source uses this type alias, constant, responder, or helper as middleware implementation machinery; the assigned docs do not establish it as a standalone consumer API."
427,public-method,starlette.middleware.errors.ServerErrorMiddleware.generate_plain_text,"def generate_plain_text(self, exc: Exception) -> str:",,starlette/middleware/errors.py,246,class source only; method not matched in docs scan,method candidate; not reviewed,private/internal,starlette/middleware/errors.py:246,"The pinned source uses this type alias, constant, responder, or helper as middleware implementation machinery; the assigned docs do not establish it as a standalone consumer API."
428,assignment,starlette.middleware.errors.TEMPLATE,"""""""
<html>
    <head>
        <style type='text/css'>
            {styles}
        </style>
        <title>Starlette Debugger</title>
    </head>
    <body>
        <h1>500 Server Error</h1>
        <h2>{error}</h2>
        <div class=""traceback-container"">
            <p class=""traceback-title"">Traceback</p>
            <div>{exc_html}</div>
        </div>
        {js}
    </body>
</html>
""""""",,starlette/middleware/errors.py,85,module source only; name not matched in docs scan,public-name candidate; not reviewed,private/internal,starlette/middleware/errors.py:85,"The pinned source uses this type alias, constant, responder, or helper as middleware implementation machinery; the assigned docs do not establish it as a standalone consumer API."
429,source-reexport-candidate,starlette.middleware.errors.is_async_callable,from starlette._utils import is_async_callable,,starlette/middleware/errors.py,8,source import only,candidate only; importability is not public-status evidence,private/internal,starlette/middleware/errors.py:8,This name is imported into the implementation module for internal calls or annotations; the assigned guide documents its canonical starlette.* path elsewhere and does not promise this submodule re-export.
430,source-reexport-candidate,starlette.middleware.errors.run_in_threadpool,from starlette.concurrency import run_in_threadpool,,starlette/middleware/errors.py,9,source import only,candidate only; importability is not public-status evidence,private/internal,starlette/middleware/errors.py:9,This name is imported into the implementation module for internal calls or annotations; the assigned guide documents its canonical starlette.* path elsewhere and does not promise this submodule re-export.
431,source-reexport-candidate,starlette.middleware.exceptions.ASGIApp,from starlette.types import ASGIApp,,starlette/middleware/exceptions.py,14,source import only,candidate only; importability is not public-status evidence,private/internal,starlette/middleware/exceptions.py:14,This name is imported into the implementation module for internal calls or annotations; the assigned guide documents its canonical starlette.* path elsewhere and does not promise this submodule re-export.
432,source-reexport-candidate,starlette.middleware.exceptions.ExceptionHandler,from starlette.types import ExceptionHandler,,starlette/middleware/exceptions.py,14,source import only,candidate only; importability is not public-status evidence,private/internal,starlette/middleware/exceptions.py:14,This name is imported into the implementation module for internal calls or annotations; the assigned guide documents its canonical starlette.* path elsewhere and does not promise this submodule re-export.
433,source-reexport-candidate,starlette.middleware.exceptions.ExceptionHandlers,from starlette._exception_handler import ExceptionHandlers,,starlette/middleware/exceptions.py,6,source import only,candidate only; importability is not public-status evidence,private/internal,starlette/middleware/exceptions.py:6,This name is imported into the implementation module for internal calls or annotations; the assigned guide documents its canonical starlette.* path elsewhere and does not promise this submodule re-export.
434,class,starlette.middleware.exceptions.ExceptionMiddleware,class ExceptionMiddleware:,"def __init__(self, app: ASGIApp, handlers: Mapping[Any, ExceptionHandler] | None=None, debug: bool=False) -> None:",starlette/middleware/exceptions.py,18,module source only; symbol not matched in docs scan,public-name candidate; not reviewed,supported,starlette/middleware/exceptions.py:18;docs/middleware.md:32-46;docs/exceptions.md:107-120,The pinned guide documents this middleware class and its usage/configuration; the source declaration supplies the constructor and ASGI call contract.
435,special-method,starlette.middleware.exceptions.ExceptionMiddleware.__call__,"async def __call__(self, scope: Scope, receive: Receive, send: Send) -> None:",,starlette/middleware/exceptions.py,47,class source only; method not matched in docs scan,method candidate; not reviewed,supported,starlette/middleware/exceptions.py:47;docs/middleware.md:32-46;docs/exceptions.md:107-120,The guide documents this middleware as an ASGI wrapper; its source call method is the runtime entry point for that documented behavior.
436,constructor,starlette.middleware.exceptions.ExceptionMiddleware.__init__,"def __init__(self, app: ASGIApp, handlers: Mapping[Any, ExceptionHandler] | None=None, debug: bool=False) -> None:",,starlette/middleware/exceptions.py,19,class source only; method not matched in docs scan,method candidate; not reviewed,supported,starlette/middleware/exceptions.py:19;docs/middleware.md:32-46;docs/exceptions.md:107-120,The guide constructs this documented middleware with this class’s public configuration shape; the source signature identifies the pinned constructor contract.
437,public-method,starlette.middleware.exceptions.ExceptionMiddleware.add_exception_handler,"def add_exception_handler(self, exc_class_or_status_code: int | type[Exception], handler: ExceptionHandler) -> None:",,starlette/middleware/exceptions.py,36,class source only; method not matched in docs scan,method candidate; not reviewed,private/internal,starlette/middleware/exceptions.py:36,"The pinned source uses this type alias, constant, responder, or helper as middleware implementation machinery; the assigned docs do not establish it as a standalone consumer API."
438,public-method,starlette.middleware.exceptions.ExceptionMiddleware.http_exception,"async def http_exception(self, request: Request, exc: Exception) -> Response:",,starlette/middleware/exceptions.py,65,class source only; method not matched in docs scan,method candidate; not reviewed,private/internal,starlette/middleware/exceptions.py:65,"The pinned source uses this type alias, constant, responder, or helper as middleware implementation machinery; the assigned docs do not establish it as a standalone consumer API."
439,public-method,starlette.middleware.exceptions.ExceptionMiddleware.websocket_exception,"async def websocket_exception(self, websocket: WebSocket, exc: Exception) -> None:",,starlette/middleware/exceptions.py,71,class source only; method not matched in docs scan,method candidate; not reviewed,private/internal,starlette/middleware/exceptions.py:71,"The pinned source uses this type alias, constant, responder, or helper as middleware implementation machinery; the assigned docs do not establish it as a standalone consumer API."
440,source-reexport-candidate,starlette.middleware.exceptions.HTTPException,from starlette.exceptions import HTTPException,,starlette/middleware/exceptions.py,11,source import only,candidate only; importability is not public-status evidence,private/internal,starlette/middleware/exceptions.py:11,This name is imported into the implementation module for internal calls or annotations; the assigned guide documents its canonical starlette.* path elsewhere and does not promise this submodule re-export.
441,source-reexport-candidate,starlette.middleware.exceptions.PlainTextResponse,from starlette.responses import PlainTextResponse,,starlette/middleware/exceptions.py,13,source import only,candidate only; importability is not public-status evidence,private/internal,starlette/middleware/exceptions.py:13,This name is imported into the implementation module for internal calls or annotations; the assigned guide documents its canonical starlette.* path elsewhere and does not promise this submodule re-export.
442,source-reexport-candidate,starlette.middleware.exceptions.Receive,from starlette.types import Receive,,starlette/middleware/exceptions.py,14,source import only,candidate only; importability is not public-status evidence,private/internal,starlette/middleware/exceptions.py:14,This name is imported into the implementation module for internal calls or annotations; the assigned guide documents its canonical starlette.* path elsewhere and does not promise this submodule re-export.
443,source-reexport-candidate,starlette.middleware.exceptions.Request,from starlette.requests import Request,,starlette/middleware/exceptions.py,12,source import only,candidate only; importability is not public-status evidence,private/internal,starlette/middleware/exceptions.py:12,This name is imported into the implementation module for internal calls or annotations; the assigned guide documents its canonical starlette.* path elsewhere and does not promise this submodule re-export.
444,source-reexport-candidate,starlette.middleware.exceptions.Response,from starlette.responses import Response,,starlette/middleware/exceptions.py,13,source import only,candidate only; importability is not public-status evidence,private/internal,starlette/middleware/exceptions.py:13,This name is imported into the implementation module for internal calls or annotations; the assigned guide documents its canonical starlette.* path elsewhere and does not promise this submodule re-export.
445,source-reexport-candidate,starlette.middleware.exceptions.Scope,from starlette.types import Scope,,starlette/middleware/exceptions.py,14,source import only,candidate only; importability is not public-status evidence,private/internal,starlette/middleware/exceptions.py:14,This name is imported into the implementation module for internal calls or annotations; the assigned guide documents its canonical starlette.* path elsewhere and does not promise this submodule re-export.
446,source-reexport-candidate,starlette.middleware.exceptions.Send,from starlette.types import Send,,starlette/middleware/exceptions.py,14,source import only,candidate only; importability is not public-status evidence,private/internal,starlette/middleware/exceptions.py:14,This name is imported into the implementation module for internal calls or annotations; the assigned guide documents its canonical starlette.* path elsewhere and does not promise this submodule re-export.
447,source-reexport-candidate,starlette.middleware.exceptions.StatusHandlers,from starlette._exception_handler import StatusHandlers,,starlette/middleware/exceptions.py,6,source import only,candidate only; importability is not public-status evidence,private/internal,starlette/middleware/exceptions.py:6,This name is imported into the implementation module for internal calls or annotations; the assigned guide documents its canonical starlette.* path elsewhere and does not promise this submodule re-export.
448,source-reexport-candidate,starlette.middleware.exceptions.WebSocket,from starlette.websockets import WebSocket,,starlette/middleware/exceptions.py,15,source import only,candidate only; importability is not public-status evidence,private/internal,starlette/middleware/exceptions.py:15,This name is imported into the implementation module for internal calls or annotations; the assigned guide documents its canonical starlette.* path elsewhere and does not promise this submodule re-export.
449,source-reexport-candidate,starlette.middleware.exceptions.WebSocketException,from starlette.exceptions import WebSocketException,,starlette/middleware/exceptions.py,11,source import only,candidate only; importability is not public-status evidence,private/internal,starlette/middleware/exceptions.py:11,This name is imported into the implementation module for internal calls or annotations; the assigned guide documents its canonical starlette.* path elsewhere and does not promise this submodule re-export.
450,source-reexport-candidate,starlette.middleware.exceptions.wrap_app_handling_exceptions,from starlette._exception_handler import wrap_app_handling_exceptions,,starlette/middleware/exceptions.py,6,source import only,candidate only; importability is not public-status evidence,private/internal,starlette/middleware/exceptions.py:6,This name is imported into the implementation module for internal calls or annotations; the assigned guide documents its canonical starlette.* path elsewhere and does not promise this submodule re-export.
451,source-reexport-candidate,starlette.middleware.gzip.ASGIApp,from starlette.types import ASGIApp,,starlette/middleware/gzip.py,10,source import only,candidate only; importability is not public-status evidence,private/internal,starlette/middleware/gzip.py:10,This name is imported into the implementation module for internal calls or annotations; the assigned guide documents its canonical starlette.* path elsewhere and does not promise this submodule re-export.
452,assignment,starlette.middleware.gzip.DEFAULT_EXCLUDED_CONTENT_TYPES,"(
    ""application/gzip"",
    ""application/x-gzip"",
    ""application/zip"",
    ""audio/*"",
    ""font/woff"",
    ""font/woff2"",
    ""image/avif"",
    ""image/gif"",
    ""image/jpeg"",
    ""image/png"",
    ""image/webp"",
    ""text/event-stream"",
    ""video/*"",
)",,starlette/middleware/gzip.py,13,module source only; name not matched in docs scan,public-name candidate; not reviewed,supported,starlette/middleware/gzip.py:13,The guide documents this middleware as an ASGI wrapper; its source call method is the runtime entry point for that documented behavior.
453,class,starlette.middleware.gzip.GZipMiddleware,class GZipMiddleware:,"def __init__(self, app: ASGIApp, minimum_size: int=500, compresslevel: int=9, thread_minimum_size: int=128 * 1024, *, exclude_content_types: tuple[str, ...]=DEFAULT_EXCLUDED_CONTENT_TYPES) -> None:",starlette/middleware/gzip.py,44,explicitly referenced in docs,documented symbol; review defaults and behavior,supported,starlette/middleware/gzip.py:44;docs/middleware.md:241-280,The pinned guide documents this middleware class and its usage/configuration; the source declaration supplies the constructor and ASGI call contract.
454,documented-import,starlette.middleware.gzip.GZipMiddleware,,,docs/middleware.md,257,explicit Python import in upstream docs,confirmed documented import path,supported,docs/middleware.md:257;starlette/middleware/gzip.py:44,The pinned middleware guide explicitly imports this starlette.* path; the canonical source declaration confirms the documented spelling and current contract.
455,special-method,starlette.middleware.gzip.GZipMiddleware.__call__,"async def __call__(self, scope: Scope, receive: Receive, send: Send) -> None:",,starlette/middleware/gzip.py,60,class source only; method not matched in docs scan,method candidate; not reviewed,supported,starlette/middleware/gzip.py:60;docs/middleware.md:241-280,The guide documents this middleware as an ASGI wrapper; its source call method is the runtime entry point for that documented behavior.
456,constructor,starlette.middleware.gzip.GZipMiddleware.__init__,"def __init__(self, app: ASGIApp, minimum_size: int=500, compresslevel: int=9, thread_minimum_size: int=128 * 1024, *, exclude_content_types: tuple[str, ...]=DEFAULT_EXCLUDED_CONTENT_TYPES) -> None:",,starlette/middleware/gzip.py,45,class source only; method not matched in docs scan,method candidate; not reviewed,supported,starlette/middleware/gzip.py:45;docs/middleware.md:241-280,The guide constructs this documented middleware with this class’s public configuration shape; the source signature identifies the pinned constructor contract.
457,class,starlette.middleware.gzip.GZipResponder,class GZipResponder(IdentityResponder):,"def __init__(self, app: ASGIApp, minimum_size: int, compresslevel: int=9, *, thread_minimum_size: int=128 * 1024, exclude_content_types: tuple[str, ...]=DEFAULT_EXCLUDED_CONTENT_TYPES) -> None:",starlette/middleware/gzip.py,180,module source only; symbol not matched in docs scan,public-name candidate; not reviewed,private/internal,starlette/middleware/gzip.py:180,"The pinned source uses this type alias, constant, responder, or helper as middleware implementation machinery; the assigned docs do not establish it as a standalone consumer API."
458,constructor,starlette.middleware.gzip.GZipResponder.__init__,"def __init__(self, app: ASGIApp, minimum_size: int, compresslevel: int=9, *, thread_minimum_size: int=128 * 1024, exclude_content_types: tuple[str, ...]=DEFAULT_EXCLUDED_CONTENT_TYPES) -> None:",,starlette/middleware/gzip.py,183,class source only; method not matched in docs scan,method candidate; not reviewed,private/internal,starlette/middleware/gzip.py:183,"The pinned source uses this type alias, constant, responder, or helper as middleware implementation machinery; the assigned docs do not establish it as a standalone consumer API."
459,public-method,starlette.middleware.gzip.GZipResponder.apply_compression,"async def apply_compression(self, body: bytes, *, more_body: bool) -> bytes:",,starlette/middleware/gzip.py,204,class source only; method not matched in docs scan,method candidate; not reviewed,private/internal,starlette/middleware/gzip.py:204,"The pinned source uses this type alias, constant, responder, or helper as middleware implementation machinery; the assigned docs do not establish it as a standalone consumer API."
460,public-method,starlette.middleware.gzip.GZipResponder.compressor,def compressor(self) -> zlib._Compress:,,starlette/middleware/gzip.py,199,class source only; method not matched in docs scan,method candidate; not reviewed,private/internal,starlette/middleware/gzip.py:199,"The pinned source uses this type alias, constant, responder, or helper as middleware implementation machinery; the assigned docs do not establish it as a standalone consumer API."
461,source-reexport-candidate,starlette.middleware.gzip.Headers,from starlette.datastructures import Headers,,starlette/middleware/gzip.py,9,source import only,candidate only; importability is not public-status evidence,private/internal,starlette/middleware/gzip.py:9,This name is imported into the implementation module for internal calls or annotations; the assigned guide documents its canonical starlette.* path elsewhere and does not promise this submodule re-export.
462,class,starlette.middleware.gzip.IdentityResponder,class IdentityResponder:,"def __init__(self, app: ASGIApp, minimum_size: int, *, exclude_content_types: tuple[str, ...]=DEFAULT_EXCLUDED_CONTENT_TYPES) -> None:",starlette/middleware/gzip.py,81,module source only; symbol not matched in docs scan,public-name candidate; not reviewed,private/internal,starlette/middleware/gzip.py:81,"The pinned source uses this type alias, constant, responder, or helper as middleware implementation machinery; the assigned docs do not establish it as a standalone consumer API."
463,special-method,starlette.middleware.gzip.IdentityResponder.__call__,"async def __call__(self, scope: Scope, receive: Receive, send: Send) -> None:",,starlette/middleware/gzip.py,101,class source only; method not matched in docs scan,method candidate; not reviewed,private/internal,starlette/middleware/gzip.py:101,"The pinned source uses this type alias, constant, responder, or helper as middleware implementation machinery; the assigned docs do not establish it as a standalone consumer API."
464,constructor,starlette.middleware.gzip.IdentityResponder.__init__,"def __init__(self, app: ASGIApp, minimum_size: int, *, exclude_content_types: tuple[str, ...]=DEFAULT_EXCLUDED_CONTENT_TYPES) -> None:",,starlette/middleware/gzip.py,84,class source only; method not matched in docs scan,method candidate; not reviewed,private/internal,starlette/middleware/gzip.py:84,"The pinned source uses this type alias, constant, responder, or helper as middleware implementation machinery; the assigned docs do not establish it as a standalone consumer API."
465,public-method,starlette.middleware.gzip.IdentityResponder.apply_compression,"async def apply_compression(self, body: bytes, *, more_body: bool) -> bytes:",,starlette/middleware/gzip.py,171,class source only; method not matched in docs scan,method candidate; not reviewed,private/internal,starlette/middleware/gzip.py:171,"The pinned source uses this type alias, constant, responder, or helper as middleware implementation machinery; the assigned docs do not establish it as a standalone consumer API."
466,public-method,starlette.middleware.gzip.IdentityResponder.send_with_compression,"async def send_with_compression(self, message: Message) -> None:",,starlette/middleware/gzip.py,105,class source only; method not matched in docs scan,method candidate; not reviewed,private/internal,starlette/middleware/gzip.py:105,"The pinned source uses this type alias, constant, responder, or helper as middleware implementation machinery; the assigned docs do not establish it as a standalone consumer API."
467,source-reexport-candidate,starlette.middleware.gzip.Message,from starlette.types import Message,,starlette/middleware/gzip.py,10,source import only,candidate only; importability is not public-status evidence,private/internal,starlette/middleware/gzip.py:10,This name is imported into the implementation module for internal calls or annotations; the assigned guide documents its canonical starlette.* path elsewhere and does not promise this submodule re-export.
468,source-reexport-candidate,starlette.middleware.gzip.MutableHeaders,from starlette.datastructures import MutableHeaders,,starlette/middleware/gzip.py,9,source import only,candidate only; importability is not public-status evidence,private/internal,starlette/middleware/gzip.py:9,This name is imported into the implementation module for internal calls or annotations; the assigned guide documents its canonical starlette.* path elsewhere and does not promise this submodule re-export.
469,source-reexport-candidate,starlette.middleware.gzip.Receive,from starlette.types import Receive,,starlette/middleware/gzip.py,10,source import only,candidate only; importability is not public-status evidence,private/internal,starlette/middleware/gzip.py:10,This name is imported into the implementation module for internal calls or annotations; the assigned guide documents its canonical starlette.* path elsewhere and does not promise this submodule re-export.
470,source-reexport-candidate,starlette.middleware.gzip.Scope,from starlette.types import Scope,,starlette/middleware/gzip.py,10,source import only,candidate only; importability is not public-status evidence,private/internal,starlette/middleware/gzip.py:10,This name is imported into the implementation module for internal calls or annotations; the assigned guide documents its canonical starlette.* path elsewhere and does not promise this submodule re-export.
471,source-reexport-candidate,starlette.middleware.gzip.Send,from starlette.types import Send,,starlette/middleware/gzip.py,10,source import only,candidate only; importability is not public-status evidence,private/internal,starlette/middleware/gzip.py:10,This name is imported into the implementation module for internal calls or annotations; the assigned guide documents its canonical starlette.* path elsewhere and does not promise this submodule re-export.
472,function,starlette.middleware.gzip.unattached_send,async def unattached_send(message: Message) -> NoReturn:,,starlette/middleware/gzip.py,217,module source only; symbol not matched in docs scan,public-name candidate; not reviewed,private/internal,starlette/middleware/gzip.py:217,"The pinned source uses this type alias, constant, responder, or helper as middleware implementation machinery; the assigned docs do not establish it as a standalone consumer API."
473,source-reexport-candidate,starlette.middleware.httpsredirect.ASGIApp,from starlette.types import ASGIApp,,starlette/middleware/httpsredirect.py,3,source import only,candidate only; importability is not public-status evidence,private/internal,starlette/middleware/httpsredirect.py:3,This name is imported into the implementation module for internal calls or annotations; the assigned guide documents its canonical starlette.* path elsewhere and does not promise this submodule re-export.
474,class,starlette.middleware.httpsredirect.HTTPSRedirectMiddleware,class HTTPSRedirectMiddleware:,"def __init__(self, app: ASGIApp) -> None:",starlette/middleware/httpsredirect.py,6,explicitly referenced in docs,documented symbol; review defaults and behavior,supported,starlette/middleware/httpsredirect.py:6;docs/middleware.md:162-181,The pinned guide documents this middleware class and its usage/configuration; the source declaration supplies the constructor and ASGI call contract.
475,documented-import,starlette.middleware.httpsredirect.HTTPSRedirectMiddleware,,,docs/middleware.md,14,explicit Python import in upstream docs,confirmed documented import path,supported,docs/middleware.md:14;starlette/middleware/httpsredirect.py:6,The pinned middleware guide explicitly imports this starlette.* path; the canonical source declaration confirms the documented spelling and current contract.
476,special-method,starlette.middleware.httpsredirect.HTTPSRedirectMiddleware.__call__,"async def __call__(self, scope: Scope, receive: Receive, send: Send) -> None:",,starlette/middleware/httpsredirect.py,10,class source only; method not matched in docs scan,method candidate; not reviewed,supported,starlette/middleware/httpsredirect.py:10;docs/middleware.md:162-181,The guide documents this middleware as an ASGI wrapper; its source call method is the runtime entry point for that documented behavior.
477,constructor,starlette.middleware.httpsredirect.HTTPSRedirectMiddleware.__init__,"def __init__(self, app: ASGIApp) -> None:",,starlette/middleware/httpsredirect.py,7,class source only; method not matched in docs scan,method candidate; not reviewed,supported,starlette/middleware/httpsredirect.py:7;docs/middleware.md:162-181,The guide constructs this documented middleware with this class’s public configuration shape; the source signature identifies the pinned constructor contract.
478,source-reexport-candidate,starlette.middleware.httpsredirect.Receive,from starlette.types import Receive,,starlette/middleware/httpsredirect.py,3,source import only,candidate only; importability is not public-status evidence,private/internal,starlette/middleware/httpsredirect.py:3,This name is imported into the implementation module for internal calls or annotations; the assigned guide documents its canonical starlette.* path elsewhere and does not promise this submodule re-export.
479,source-reexport-candidate,starlette.middleware.httpsredirect.RedirectResponse,from starlette.responses import RedirectResponse,,starlette/middleware/httpsredirect.py,2,source import only,candidate only; importability is not public-status evidence,private/internal,starlette/middleware/httpsredirect.py:2,This name is imported into the implementation module for internal calls or annotations; the assigned guide documents its canonical starlette.* path elsewhere and does not promise this submodule re-export.
480,source-reexport-candidate,starlette.middleware.httpsredirect.Scope,from starlette.types import Scope,,starlette/middleware/httpsredirect.py,3,source import only,candidate only; importability is not public-status evidence,private/internal,starlette/middleware/httpsredirect.py:3,This name is imported into the implementation module for internal calls or annotations; the assigned guide documents its canonical starlette.* path elsewhere and does not promise this submodule re-export.
481,source-reexport-candidate,starlette.middleware.httpsredirect.Send,from starlette.types import Send,,starlette/middleware/httpsredirect.py,3,source import only,candidate only; importability is not public-status evidence,private/internal,starlette/middleware/httpsredirect.py:3,This name is imported into the implementation module for internal calls or annotations; the assigned guide documents its canonical starlette.* path elsewhere and does not promise this submodule re-export.
482,source-reexport-candidate,starlette.middleware.httpsredirect.URL,from starlette.datastructures import URL,,starlette/middleware/httpsredirect.py,1,source import only,candidate only; importability is not public-status evidence,private/internal,starlette/middleware/httpsredirect.py:1,This name is imported into the implementation module for internal calls or annotations; the assigned guide documents its canonical starlette.* path elsewhere and does not promise this submodule re-export.
483,source-reexport-candidate,starlette.middleware.sessions.ASGIApp,from starlette.types import ASGIApp,,starlette/middleware/sessions.py,13,source import only,candidate only; importability is not public-status evidence,private/internal,starlette/middleware/sessions.py:13,This name is imported into the implementation module for internal calls or annotations; the assigned guide documents its canonical starlette.* path elsewhere and does not promise this submodule re-export.
484,source-reexport-candidate,starlette.middleware.sessions.HTTPConnection,from starlette.requests import HTTPConnection,,starlette/middleware/sessions.py,12,source import only,candidate only; importability is not public-status evidence,private/internal,starlette/middleware/sessions.py:12,This name is imported into the implementation module for internal calls or annotations; the assigned guide documents its canonical starlette.* path elsewhere and does not promise this submodule re-export.
485,source-reexport-candidate,starlette.middleware.sessions.Message,from starlette.types import Message,,starlette/middleware/sessions.py,13,source import only,candidate only; importability is not public-status evidence,private/internal,starlette/middleware/sessions.py:13,This name is imported into the implementation module for internal calls or annotations; the assigned guide documents its canonical starlette.* path elsewhere and does not promise this submodule re-export.
486,source-reexport-candidate,starlette.middleware.sessions.MutableHeaders,from starlette.datastructures import MutableHeaders,,starlette/middleware/sessions.py,11,source import only,candidate only; importability is not public-status evidence,private/internal,starlette/middleware/sessions.py:11,This name is imported into the implementation module for internal calls or annotations; the assigned guide documents its canonical starlette.* path elsewhere and does not promise this submodule re-export.
487,source-reexport-candidate,starlette.middleware.sessions.Receive,from starlette.types import Receive,,starlette/middleware/sessions.py,13,source import only,candidate only; importability is not public-status evidence,private/internal,starlette/middleware/sessions.py:13,This name is imported into the implementation module for internal calls or annotations; the assigned guide documents its canonical starlette.* path elsewhere and does not promise this submodule re-export.
488,source-reexport-candidate,starlette.middleware.sessions.Scope,from starlette.types import Scope,,starlette/middleware/sessions.py,13,source import only,candidate only; importability is not public-status evidence,private/internal,starlette/middleware/sessions.py:13,This name is imported into the implementation module for internal calls or annotations; the assigned guide documents its canonical starlette.* path elsewhere and does not promise this submodule re-export.
489,source-reexport-candidate,starlette.middleware.sessions.Secret,from starlette.datastructures import Secret,,starlette/middleware/sessions.py,11,source import only,candidate only; importability is not public-status evidence,private/internal,starlette/middleware/sessions.py:11,This name is imported into the implementation module for internal calls or annotations; the assigned guide documents its canonical starlette.* path elsewhere and does not promise this submodule re-export.
490,source-reexport-candidate,starlette.middleware.sessions.Send,from starlette.types import Send,,starlette/middleware/sessions.py,13,source import only,candidate only; importability is not public-status evidence,private/internal,starlette/middleware/sessions.py:13,This name is imported into the implementation module for internal calls or annotations; the assigned guide documents its canonical starlette.* path elsewhere and does not promise this submodule re-export.
491,class,starlette.middleware.sessions.Session,"class Session(dict[str, typing.Any]):",inherited or object default; verify,starlette/middleware/sessions.py,91,module source only; symbol not matched in docs scan,public-name candidate; not reviewed,private/internal,starlette/middleware/sessions.py:91,"The pinned source uses this type alias, constant, responder, or helper as middleware implementation machinery; the assigned docs do not establish it as a standalone consumer API."
492,special-method,starlette.middleware.sessions.Session.__delitem__,"def __delitem__(self, key: str) -> None:",,starlette/middleware/sessions.py,106,class source only; method not matched in docs scan,method candidate; not reviewed,private/internal,starlette/middleware/sessions.py:106,"The pinned source uses this type alias, constant, responder, or helper as middleware implementation machinery; the assigned docs do not establish it as a standalone consumer API."
493,special-method,starlette.middleware.sessions.Session.__setitem__,"def __setitem__(self, key: str, value: typing.Any) -> None:",,starlette/middleware/sessions.py,102,class source only; method not matched in docs scan,method candidate; not reviewed,private/internal,starlette/middleware/sessions.py:102,"The pinned source uses this type alias, constant, responder, or helper as middleware implementation machinery; the assigned docs do not establish it as a standalone consumer API."
494,public-method,starlette.middleware.sessions.Session.clear,def clear(self) -> None:,,starlette/middleware/sessions.py,110,class source only; method not matched in docs scan,method candidate; not reviewed,private/internal,starlette/middleware/sessions.py:110,"The pinned source uses this type alias, constant, responder, or helper as middleware implementation machinery; the assigned docs do not establish it as a standalone consumer API."
495,public-method,starlette.middleware.sessions.Session.mark_accessed,def mark_accessed(self) -> None:,,starlette/middleware/sessions.py,95,class source only; method not matched in docs scan,method candidate; not reviewed,private/internal,starlette/middleware/sessions.py:95,"The pinned source uses this type alias, constant, responder, or helper as middleware implementation machinery; the assigned docs do not establish it as a standalone consumer API."
496,public-method,starlette.middleware.sessions.Session.mark_modified,def mark_modified(self) -> None:,,starlette/middleware/sessions.py,98,class source only; method not matched in docs scan,method candidate; not reviewed,private/internal,starlette/middleware/sessions.py:98,"The pinned source uses this type alias, constant, responder, or helper as middleware implementation machinery; the assigned docs do not establish it as a standalone consumer API."
497,public-method,starlette.middleware.sessions.Session.pop,"def pop(self, key: str, *args: typing.Any) -> typing.Any:",,starlette/middleware/sessions.py,114,class source only; method not matched in docs scan,method candidate; not reviewed,private/internal,starlette/middleware/sessions.py:114,"The pinned source uses this type alias, constant, responder, or helper as middleware implementation machinery; the assigned docs do not establish it as a standalone consumer API."
498,public-method,starlette.middleware.sessions.Session.setdefault,"def setdefault(self, key: str, default: typing.Any=None) -> typing.Any:",,starlette/middleware/sessions.py,118,class source only; method not matched in docs scan,method candidate; not reviewed,private/internal,starlette/middleware/sessions.py:118,"The pinned source uses this type alias, constant, responder, or helper as middleware implementation machinery; the assigned docs do not establish it as a standalone consumer API."
499,public-method,starlette.middleware.sessions.Session.update,"def update(self, *args: typing.Any, **kwargs: typing.Any) -> None:",,starlette/middleware/sessions.py,123,class source only; method not matched in docs scan,method candidate; not reviewed,private/internal,starlette/middleware/sessions.py:123,"The pinned source uses this type alias, constant, responder, or helper as middleware implementation machinery; the assigned docs do not establish it as a standalone consumer API."
500,class,starlette.middleware.sessions.SessionMiddleware,class SessionMiddleware:,"def __init__(self, app: ASGIApp, secret_key: str | Secret, session_cookie: str='session', max_age: int | None=14 * 24 * 60 * 60, path: str='/', same_site: Literal['lax', 'strict', 'none']='lax', https_only: bool=False, domain: str | None=None) -> None:",starlette/middleware/sessions.py,16,explicitly referenced in docs,documented symbol; review defaults and behavior,supported,starlette/middleware/sessions.py:16;docs/middleware.md:129-160,The pinned guide documents this middleware class and its usage/configuration; the source declaration supplies the constructor and ASGI call contract.
501,documented-import,starlette.middleware.sessions.SessionMiddleware,,,docs/config.md,173,explicit Python import in upstream docs,confirmed documented import path,supported,docs/config.md:173,"The pinned guide contains this exact import statement, establishing the documented consumer import path for starlette.middleware.sessions.SessionMiddleware."
502,documented-import,starlette.middleware.sessions.SessionMiddleware,,,docs/middleware.md,151,explicit Python import in upstream docs,confirmed documented import path,supported,docs/middleware.md:151;starlette/middleware/sessions.py:16,The pinned middleware guide explicitly imports this starlette.* path; the canonical source declaration confirms the documented spelling and current contract.
503,special-method,starlette.middleware.sessions.SessionMiddleware.__call__,"async def __call__(self, scope: Scope, receive: Receive, send: Send) -> None:",,starlette/middleware/sessions.py,39,class source only; method not matched in docs scan,method candidate; not reviewed,supported,starlette/middleware/sessions.py:39;docs/middleware.md:129-160,The guide documents this middleware as an ASGI wrapper; its source call method is the runtime entry point for that documented behavior.
504,constructor,starlette.middleware.sessions.SessionMiddleware.__init__,"def __init__(self, app: ASGIApp, secret_key: str | Secret, session_cookie: str='session', max_age: int | None=14 * 24 * 60 * 60, path: str='/', same_site: Literal['lax', 'strict', 'none']='lax', https_only: bool=False, domain: str | None=None) -> None:",,starlette/middleware/sessions.py,17,class source only; method not matched in docs scan,method candidate; not reviewed,supported,starlette/middleware/sessions.py:17;docs/middleware.md:129-160,The guide constructs this documented middleware with this class’s public configuration shape; the source signature identifies the pinned constructor contract.
505,source-reexport-candidate,starlette.middleware.trustedhost.ASGIApp,from starlette.types import ASGIApp,,starlette/middleware/trustedhost.py,7,source import only,candidate only; importability is not public-status evidence,private/internal,starlette/middleware/trustedhost.py:7,This name is imported into the implementation module for internal calls or annotations; the assigned guide documents its canonical starlette.* path elsewhere and does not promise this submodule re-export.
506,assignment,starlette.middleware.trustedhost.ENFORCE_DOMAIN_WILDCARD,"""Domain wildcard patterns must be like '*.example.com'.""",,starlette/middleware/trustedhost.py,9,module source only; name not matched in docs scan,public-name candidate; not reviewed,private/internal,starlette/middleware/trustedhost.py:9,"The pinned source uses this type alias, constant, responder, or helper as middleware implementation machinery; the assigned docs do not establish it as a standalone consumer API."
507,source-reexport-candidate,starlette.middleware.trustedhost.Headers,from starlette.datastructures import Headers,,starlette/middleware/trustedhost.py,5,source import only,candidate only; importability is not public-status evidence,private/internal,starlette/middleware/trustedhost.py:5,This name is imported into the implementation module for internal calls or annotations; the assigned guide documents its canonical starlette.* path elsewhere and does not promise this submodule re-export.
508,source-reexport-candidate,starlette.middleware.trustedhost.PlainTextResponse,from starlette.responses import PlainTextResponse,,starlette/middleware/trustedhost.py,6,source import only,candidate only; importability is not public-status evidence,private/internal,starlette/middleware/trustedhost.py:6,This name is imported into the implementation module for internal calls or annotations; the assigned guide documents its canonical starlette.* path elsewhere and does not promise this submodule re-export.
509,source-reexport-candidate,starlette.middleware.trustedhost.Receive,from starlette.types import Receive,,starlette/middleware/trustedhost.py,7,source import only,candidate only; importability is not public-status evidence,private/internal,starlette/middleware/trustedhost.py:7,This name is imported into the implementation module for internal calls or annotations; the assigned guide documents its canonical starlette.* path elsewhere and does not promise this submodule re-export.
510,source-reexport-candidate,starlette.middleware.trustedhost.RedirectResponse,from starlette.responses import RedirectResponse,,starlette/middleware/trustedhost.py,6,source import only,candidate only; importability is not public-status evidence,private/internal,starlette/middleware/trustedhost.py:6,This name is imported into the implementation module for internal calls or annotations; the assigned guide documents its canonical starlette.* path elsewhere and does not promise this submodule re-export.
511,source-reexport-candidate,starlette.middleware.trustedhost.Response,from starlette.responses import Response,,starlette/middleware/trustedhost.py,6,source import only,candidate only; importability is not public-status evidence,private/internal,starlette/middleware/trustedhost.py:6,This name is imported into the implementation module for internal calls or annotations; the assigned guide documents its canonical starlette.* path elsewhere and does not promise this submodule re-export.
512,source-reexport-candidate,starlette.middleware.trustedhost.Scope,from starlette.types import Scope,,starlette/middleware/trustedhost.py,7,source import only,candidate only; importability is not public-status evidence,private/internal,starlette/middleware/trustedhost.py:7,This name is imported into the implementation module for internal calls or annotations; the assigned guide documents its canonical starlette.* path elsewhere and does not promise this submodule re-export.
513,source-reexport-candidate,starlette.middleware.trustedhost.Send,from starlette.types import Send,,starlette/middleware/trustedhost.py,7,source import only,candidate only; importability is not public-status evidence,private/internal,starlette/middleware/trustedhost.py:7,This name is imported into the implementation module for internal calls or annotations; the assigned guide documents its canonical starlette.* path elsewhere and does not promise this submodule re-export.
514,class,starlette.middleware.trustedhost.TrustedHostMiddleware,class TrustedHostMiddleware:,"def __init__(self, app: ASGIApp, allowed_hosts: Sequence[str] | None=None, www_redirect: bool=True) -> None:",starlette/middleware/trustedhost.py,12,explicitly referenced in docs,documented symbol; review defaults and behavior,supported,starlette/middleware/trustedhost.py:12;docs/middleware.md:183-209,The pinned guide documents this middleware class and its usage/configuration; the source declaration supplies the constructor and ASGI call contract.
515,documented-import,starlette.middleware.trustedhost.TrustedHostMiddleware,,,docs/middleware.md,15,explicit Python import in upstream docs,confirmed documented import path,supported,docs/middleware.md:15;starlette/middleware/trustedhost.py:12,The pinned middleware guide explicitly imports this starlette.* path; the canonical source declaration confirms the documented spelling and current contract.
516,special-method,starlette.middleware.trustedhost.TrustedHostMiddleware.__call__,"async def __call__(self, scope: Scope, receive: Receive, send: Send) -> None:",,starlette/middleware/trustedhost.py,31,class source only; method not matched in docs scan,method candidate; not reviewed,supported,starlette/middleware/trustedhost.py:31;docs/middleware.md:183-209,The guide documents this middleware as an ASGI wrapper; its source call method is the runtime entry point for that documented behavior.
517,constructor,starlette.middleware.trustedhost.TrustedHostMiddleware.__init__,"def __init__(self, app: ASGIApp, allowed_hosts: Sequence[str] | None=None, www_redirect: bool=True) -> None:",,starlette/middleware/trustedhost.py,13,class source only; method not matched in docs scan,method candidate; not reviewed,supported,starlette/middleware/trustedhost.py:13;docs/middleware.md:183-209,The guide constructs this documented middleware with this class’s public configuration shape; the source signature identifies the pinned constructor contract.
518,source-reexport-candidate,starlette.middleware.trustedhost.URL,from starlette.datastructures import URL,,starlette/middleware/trustedhost.py,5,source import only,candidate only; importability is not public-status evidence,private/internal,starlette/middleware/trustedhost.py:5,This name is imported into the implementation module for internal calls or annotations; the assigned guide documents its canonical starlette.* path elsewhere and does not promise this submodule re-export.
519,source-reexport-candidate,starlette.middleware.wsgi.Receive,from starlette.types import Receive,,starlette/middleware/wsgi.py,15,source import only,candidate only; importability is not public-status evidence,private/internal,starlette/middleware/wsgi.py:15,This name is imported into the implementation module for internal calls or annotations; the assigned guide documents its canonical starlette.* path elsewhere and does not promise this submodule re-export.
520,source-reexport-candidate,starlette.middleware.wsgi.Scope,from starlette.types import Scope,,starlette/middleware/wsgi.py,15,source import only,candidate only; importability is not public-status evidence,private/internal,starlette/middleware/wsgi.py:15,This name is imported into the implementation module for internal calls or annotations; the assigned guide documents its canonical starlette.* path elsewhere and does not promise this submodule re-export.
521,source-reexport-candidate,starlette.middleware.wsgi.Send,from starlette.types import Send,,starlette/middleware/wsgi.py,15,source import only,candidate only; importability is not public-status evidence,private/internal,starlette/middleware/wsgi.py:15,This name is imported into the implementation module for internal calls or annotations; the assigned guide documents its canonical starlette.* path elsewhere and does not promise this submodule re-export.
522,source-reexport-candidate,starlette.middleware.wsgi.StarletteDeprecationWarning,from starlette.exceptions import StarletteDeprecationWarning,,starlette/middleware/wsgi.py,14,source import only,candidate only; importability is not public-status evidence,private/internal,starlette/middleware/wsgi.py:14,This name is imported into the implementation module for internal calls or annotations; the assigned guide documents its canonical starlette.* path elsewhere and does not promise this submodule re-export.
523,class,starlette.middleware.wsgi.WSGIMiddleware,class WSGIMiddleware:,"def __init__(self, app: Callable[..., Any]) -> None:",starlette/middleware/wsgi.py,77,module source only; symbol not matched in docs scan,public-name candidate; not reviewed,supported,starlette/middleware/wsgi.py:77;docs/middleware.md:925-927;docs/release-notes.md:909-910,The pinned guide documents this middleware class and its usage/configuration; the source declaration supplies the constructor and ASGI call contract.
524,special-method,starlette.middleware.wsgi.WSGIMiddleware.__call__,"async def __call__(self, scope: Scope, receive: Receive, send: Send) -> None:",,starlette/middleware/wsgi.py,81,class source only; method not matched in docs scan,method candidate; not reviewed,supported,starlette/middleware/wsgi.py:81;docs/middleware.md:925-927;docs/release-notes.md:909-910,The guide documents this middleware as an ASGI wrapper; its source call method is the runtime entry point for that documented behavior.
525,constructor,starlette.middleware.wsgi.WSGIMiddleware.__init__,"def __init__(self, app: Callable[..., Any]) -> None:",,starlette/middleware/wsgi.py,78,class source only; method not matched in docs scan,method candidate; not reviewed,supported,starlette/middleware/wsgi.py:78;docs/middleware.md:925-927;docs/release-notes.md:909-910,The guide constructs this documented middleware with this class’s public configuration shape; the source signature identifies the pinned constructor contract.
526,class,starlette.middleware.wsgi.WSGIResponder,class WSGIResponder:,"def __init__(self, app: Callable[..., Any], scope: Scope) -> None:",starlette/middleware/wsgi.py,87,module source only; symbol not matched in docs scan,public-name candidate; not reviewed,private/internal,starlette/middleware/wsgi.py:87,"The pinned source uses this type alias, constant, responder, or helper as middleware implementation machinery; the assigned docs do not establish it as a standalone consumer API."
527,special-method,starlette.middleware.wsgi.WSGIResponder.__call__,"async def __call__(self, receive: Receive, send: Send) -> None:",,starlette/middleware/wsgi.py,100,class source only; method not matched in docs scan,method candidate; not reviewed,private/internal,starlette/middleware/wsgi.py:100,"The pinned source uses this type alias, constant, responder, or helper as middleware implementation machinery; the assigned docs do not establish it as a standalone consumer API."
528,constructor,starlette.middleware.wsgi.WSGIResponder.__init__,"def __init__(self, app: Callable[..., Any], scope: Scope) -> None:",,starlette/middleware/wsgi.py,91,class source only; method not matched in docs scan,method candidate; not reviewed,private/internal,starlette/middleware/wsgi.py:91,"The pinned source uses this type alias, constant, responder, or helper as middleware implementation machinery; the assigned docs do not establish it as a standalone consumer API."
529,public-method,starlette.middleware.wsgi.WSGIResponder.sender,"async def sender(self, send: Send) -> None:",,starlette/middleware/wsgi.py,116,class source only; method not matched in docs scan,method candidate; not reviewed,private/internal,starlette/middleware/wsgi.py:116,"The pinned source uses this type alias, constant, responder, or helper as middleware implementation machinery; the assigned docs do not establish it as a standalone consumer API."
530,public-method,starlette.middleware.wsgi.WSGIResponder.start_response,"def start_response(self, status: str, response_headers: list[tuple[str, str]], exc_info: Any=None) -> None:",,starlette/middleware/wsgi.py,121,class source only; method not matched in docs scan,method candidate; not reviewed,private/internal,starlette/middleware/wsgi.py:121,"The pinned source uses this type alias, constant, responder, or helper as middleware implementation machinery; the assigned docs do not establish it as a standalone consumer API."
531,public-method,starlette.middleware.wsgi.WSGIResponder.wsgi,"def wsgi(self, environ: dict[str, Any], start_response: Callable[..., Any]) -> None:",,starlette/middleware/wsgi.py,145,class source only; method not matched in docs scan,method candidate; not reviewed,private/internal,starlette/middleware/wsgi.py:145,"The pinned source uses this type alias, constant, responder, or helper as middleware implementation machinery; the assigned docs do not establish it as a standalone consumer API."
532,function,starlette.middleware.wsgi.build_environ,"def build_environ(scope: Scope, body: bytes) -> dict[str, Any]:",,starlette/middleware/wsgi.py,25,module source only; symbol not matched in docs scan,public-name candidate; not reviewed,uncertain,starlette/middleware/wsgi.py:25;tests/middleware/test_wsgi.py:10-12,The helper is imported directly by upstream tests but the public middleware guide documents WSGIMiddleware rather than build_environ; tests alone do not establish this helper path as public.
533,source-reexport-candidate,starlette.middleware.wsgi.create_collapsing_task_group,from starlette._utils import create_collapsing_task_group,,starlette/middleware/wsgi.py,13,source import only,candidate only; importability is not public-status evidence,private/internal,starlette/middleware/wsgi.py:13,This name is imported into the implementation module for internal calls or annotations; the assigned guide documents its canonical starlette.* path elsewhere and does not promise this submodule re-export.
534,source-reexport-candidate,starlette.requests.Address,from starlette.datastructures import Address,,starlette/requests.py,12,source import only,candidate only; importability is not public-status evidence,uncertain,starlette/requests.py:12;tests/test_requests.py:17-671,"The pinned source/catalog exposes this candidate, but the assigned guides do not establish this spelling as public. Tests or source imports corroborate behavior only and are insufficient to promote it."
535,source-reexport-candidate,starlette.requests.AwaitableOrContextManager,from starlette._utils import AwaitableOrContextManager,,starlette/requests.py,11,source import only,candidate only; importability is not public-status evidence,private/internal,starlette/requests.py:11;tests/test_requests.py:17-671,This is imported for implementation/type-annotation use or is an internal helper; the assigned public guides do not establish a standalone starlette.* contract.
536,source-reexport-candidate,starlette.requests.AwaitableOrContextManagerWrapper,from starlette._utils import AwaitableOrContextManagerWrapper,,starlette/requests.py,11,source import only,candidate only; importability is not public-status evidence,private/internal,starlette/requests.py:11;tests/test_requests.py:17-671,This is imported for implementation/type-annotation use or is an internal helper; the assigned public guides do not establish a standalone starlette.* contract.
537,class,starlette.requests.ClientDisconnect,class ClientDisconnect(Exception):,inherited or object default; verify,starlette/requests.py,73,module source only; symbol not matched in docs scan,public-name candidate; not reviewed,uncertain,starlette/requests.py:73;tests/test_requests.py:17-671,"The pinned source/catalog exposes this candidate, but the assigned guides do not establish this spelling as public. Tests or source imports corroborate behavior only and are insufficient to promote it."
538,source-reexport-candidate,starlette.requests.FormData,from starlette.datastructures import FormData,,starlette/requests.py,12,source import only,candidate only; importability is not public-status evidence,uncertain,starlette/requests.py:12;tests/test_requests.py:17-671,"The pinned source/catalog exposes this candidate, but the assigned guides do not establish this spelling as public. Tests or source imports corroborate behavior only and are insufficient to promote it."
539,source-reexport-candidate,starlette.requests.FormParser,from starlette.formparsers import FormParser,,starlette/requests.py,14,source import only,candidate only; importability is not public-status evidence,private/internal,starlette/requests.py:14;tests/test_requests.py:17-671,This is imported for implementation/type-annotation use or is an internal helper; the assigned public guides do not establish a standalone starlette.* contract.
540,class,starlette.requests.HTTPConnection,"class HTTPConnection(Mapping[str, Any], Generic[StateT]):","def __init__(self, scope: Scope, receive: Receive | None=None) -> None:",starlette/requests.py,80,module source only; symbol not matched in docs scan,public-name candidate; not reviewed,uncertain,starlette/requests.py:80;tests/test_requests.py:17-671,"The pinned source/catalog exposes this candidate, but the assigned guides do not establish this spelling as public. Tests or source imports corroborate behavior only and are insufficient to promote it."
541,special-method,starlette.requests.HTTPConnection.__getitem__,"def __getitem__(self, key: str) -> Any:",,starlette/requests.py,90,class source only; method not matched in docs scan,method candidate; not reviewed,supported,starlette/requests.py:90;docs/requests.md:22-25;tests/test_requests.py:test_request_scope_interface,"The requests guide documents Request scope mapping, including keyed access."
542,constructor,starlette.requests.HTTPConnection.__init__,"def __init__(self, scope: Scope, receive: Receive | None=None) -> None:",,starlette/requests.py,86,class source only; method not matched in docs scan,method candidate; not reviewed,uncertain,starlette/requests.py:86;tests/test_requests.py:17-671,"The pinned source/catalog exposes this candidate, but the assigned guides do not establish this spelling as public. Tests or source imports corroborate behavior only and are insufficient to promote it."
543,special-method,starlette.requests.HTTPConnection.__iter__,def __iter__(self) -> Iterator[str]:,,starlette/requests.py,93,class source only; method not matched in docs scan,method candidate; not reviewed,supported,starlette/requests.py:93;docs/requests.md:22-25;tests/test_requests.py:test_request_scope_interface,The requests guide documents Request conversion and iteration as a mapping over the ASGI scope.
544,special-method,starlette.requests.HTTPConnection.__len__,def __len__(self) -> int:,,starlette/requests.py,96,class source only; method not matched in docs scan,method candidate; not reviewed,supported,starlette/requests.py:96;docs/requests.md:22-25;tests/test_requests.py:test_request_scope_interface,The requests guide documents Request scope mapping; the test checks mapping length.
545,public-method,starlette.requests.HTTPConnection.app,def app(self) -> Any:,,starlette/requests.py,106,class source only; method not matched in docs scan,method candidate; not reviewed,supported,starlette/requests.py:106;docs/requests.md:172-175;tests/test_requests.py:17-671,The requests guide documents access to the originating application through request.app.
546,public-method,starlette.requests.HTTPConnection.auth,def auth(self) -> Any:,,starlette/requests.py,179,class source only; method not matched in docs scan,method candidate; not reviewed,uncertain,starlette/requests.py:179;tests/test_requests.py:17-671,"The pinned source/catalog exposes this candidate, but the assigned guides do not establish this spelling as public. Tests or source imports corroborate behavior only and are insufficient to promote it."
547,public-method,starlette.requests.HTTPConnection.base_url,def base_url(self) -> URL:,,starlette/requests.py,116,class source only; method not matched in docs scan,method candidate; not reviewed,uncertain,starlette/requests.py:116;tests/test_requests.py:17-671,"The pinned source/catalog exposes this candidate, but the assigned guides do not establish this spelling as public. Tests or source imports corroborate behavior only and are insufficient to promote it."
548,public-method,starlette.requests.HTTPConnection.client,def client(self) -> Address | None:,,starlette/requests.py,162,class source only; method not matched in docs scan,method candidate; not reviewed,supported,starlette/requests.py:162;docs/requests.md:61-67;tests/test_requests.py:test_request_client,"The requests guide documents request.client as an address tuple or None, including host and port."
549,public-method,starlette.requests.HTTPConnection.cookies,"def cookies(self) -> dict[str, str]:",,starlette/requests.py,150,class source only; method not matched in docs scan,method candidate; not reviewed,supported,starlette/requests.py:150;docs/requests.md:69-75;tests/test_requests.py:test_request_cookies;tests/test_requests.py:test_cookies_edge_cases,The requests guide documents dictionary-style cookie access and invalid-cookie handling.
550,public-method,starlette.requests.HTTPConnection.headers,def headers(self) -> Headers:,,starlette/requests.py,133,class source only; method not matched in docs scan,method candidate; not reviewed,supported,starlette/requests.py:133;docs/requests.md:43-47;tests/test_requests.py:test_request_headers,"The requests guide documents immutable, case-insensitive multi-dict request headers."
551,public-method,starlette.requests.HTTPConnection.path_params,"def path_params(self) -> dict[str, Any]:",,starlette/requests.py,145,class source only; method not matched in docs scan,method candidate; not reviewed,supported,starlette/requests.py:145;docs/requests.md:55-59;tests/test_requests.py:test_request_scope_interface,The requests guide documents dictionary access to route path parameters.
552,public-method,starlette.requests.HTTPConnection.query_params,def query_params(self) -> QueryParams:,,starlette/requests.py,139,class source only; method not matched in docs scan,method candidate; not reviewed,supported,starlette/requests.py:139;docs/requests.md:49-53;tests/test_requests.py:test_request_query_params,The requests guide documents immutable multi-dict query parameters.
553,public-method,starlette.requests.HTTPConnection.session,"def session(self) -> dict[str, Any]:",,starlette/requests.py,170,class source only; method not matched in docs scan,method candidate; not reviewed,uncertain,starlette/requests.py:170;tests/test_requests.py:17-671,"The pinned source/catalog exposes this candidate, but the assigned guides do not establish this spelling as public. Tests or source imports corroborate behavior only and are insufficient to promote it."
554,public-method,starlette.requests.HTTPConnection.state,def state(self) -> StateT:,,starlette/requests.py,189,class source only; method not matched in docs scan,method candidate; not reviewed,supported,starlette/requests.py:189;docs/requests.md:176-183;tests/test_requests.py:17-671,The requests guide documents attaching and reading request-local state.
555,public-method,starlette.requests.HTTPConnection.url,def url(self) -> URL:,,starlette/requests.py,110,class source only; method not matched in docs scan,method candidate; not reviewed,supported,starlette/requests.py:110;docs/requests.md:34-41;tests/test_requests.py:test_request_url,The requests guide documents request.url and its URL components.
556,public-method,starlette.requests.HTTPConnection.url_for,"def url_for(self, name: str, /, **path_params: Any) -> URL:",,starlette/requests.py,198,class source only; method not matched in docs scan,method candidate; not reviewed,uncertain,starlette/requests.py:198;tests/test_requests.py:17-671,"The pinned source/catalog exposes this candidate, but the assigned guides do not establish this spelling as public. Tests or source imports corroborate behavior only and are insufficient to promote it."
557,public-method,starlette.requests.HTTPConnection.user,def user(self) -> Any:,,starlette/requests.py,184,class source only; method not matched in docs scan,method candidate; not reviewed,uncertain,starlette/requests.py:184;tests/test_requests.py:17-671,"The pinned source/catalog exposes this candidate, but the assigned guides do not establish this spelling as public. Tests or source imports corroborate behavior only and are insufficient to promote it."
558,source-reexport-candidate,starlette.requests.HTTPException,from starlette.exceptions import HTTPException,,starlette/requests.py,13,source import only,candidate only; importability is not public-status evidence,uncertain,starlette/requests.py:13;tests/test_requests.py:17-671,"The pinned source/catalog exposes this candidate, but the assigned guides do not establish this spelling as public. Tests or source imports corroborate behavior only and are insufficient to promote it."
559,source-reexport-candidate,starlette.requests.Headers,from starlette.datastructures import Headers,,starlette/requests.py,12,source import only,candidate only; importability is not public-status evidence,uncertain,starlette/requests.py:12;tests/test_requests.py:17-671,"The pinned source/catalog exposes this candidate, but the assigned guides do not establish this spelling as public. Tests or source imports corroborate behavior only and are insufficient to promote it."
560,source-reexport-candidate,starlette.requests.Message,from starlette.types import Message,,starlette/requests.py,15,source import only,candidate only; importability is not public-status evidence,private/internal,starlette/requests.py:15;tests/test_requests.py:17-671,This is imported for implementation/type-annotation use or is an internal helper; the assigned public guides do not establish a standalone starlette.* contract.
561,source-reexport-candidate,starlette.requests.MultiPartException,from starlette.formparsers import MultiPartException,,starlette/requests.py,14,source import only,candidate only; importability is not public-status evidence,private/internal,starlette/requests.py:14;tests/test_requests.py:17-671,This is imported for implementation/type-annotation use or is an internal helper; the assigned public guides do not establish a standalone starlette.* contract.
562,source-reexport-candidate,starlette.requests.MultiPartParser,from starlette.formparsers import MultiPartParser,,starlette/requests.py,14,source import only,candidate only; importability is not public-status evidence,private/internal,starlette/requests.py:14;tests/test_requests.py:17-671,This is imported for implementation/type-annotation use or is an internal helper; the assigned public guides do not establish a standalone starlette.* contract.
563,source-reexport-candidate,starlette.requests.QueryParams,from starlette.datastructures import QueryParams,,starlette/requests.py,12,source import only,candidate only; importability is not public-status evidence,uncertain,starlette/requests.py:12;tests/test_requests.py:17-671,"The pinned source/catalog exposes this candidate, but the assigned guides do not establish this spelling as public. Tests or source imports corroborate behavior only and are insufficient to promote it."
564,source-reexport-candidate,starlette.requests.Receive,from starlette.types import Receive,,starlette/requests.py,15,source import only,candidate only; importability is not public-status evidence,private/internal,starlette/requests.py:15;tests/test_requests.py:17-671,This is imported for implementation/type-annotation use or is an internal helper; the assigned public guides do not establish a standalone starlette.* contract.
565,class,starlette.requests.Request,class Request(HTTPConnection[StateT]):,"def __init__(self, scope: Scope, receive: Receive=empty_receive, send: Send=empty_send):",starlette/requests.py,214,explicitly referenced in docs,documented symbol; review defaults and behavior,supported,starlette/requests.py:214;docs/requests.md:5-28;tests/test_requests.py:test_request_scope_interface,The requests guide demonstrates Request construction and the supported Request interface; its documented properties and methods are listed in the guide.
566,documented-import,starlette.requests.Request,,,docs/authentication.md,184,explicit Python import in upstream docs,confirmed documented import path,supported,docs/authentication.md:184,"The pinned guide contains this exact import statement, establishing the documented consumer import path for starlette.requests.Request."
567,documented-import,starlette.requests.Request,,,docs/exceptions.md,8,explicit Python import in upstream docs,confirmed documented import path,supported,docs/exceptions.md:8,"The pinned guide contains this exact import statement, establishing the documented consumer import path for starlette.requests.Request."
568,documented-import,starlette.requests.Request,,,docs/lifespan.md,46,explicit Python import in upstream docs,confirmed documented import path,supported,docs/lifespan.md:46; starlette/requests.py,An explicit pinned documentation API directive or Python import establishes this consumer-facing symbol/path.
569,documented-import,starlette.requests.Request,,,docs/middleware.md,498,explicit Python import in upstream docs,confirmed documented import path,supported,docs/middleware.md:498;starlette/requests.py:214,The pinned middleware guide explicitly imports this starlette.* path; the canonical source declaration confirms the documented spelling and current contract.
570,documented-import,starlette.requests.Request,,,docs/release-notes.md,237,explicit Python import in upstream docs,confirmed documented import path,supported,docs/release-notes.md:237;starlette/requests.py;tests/test_requests.py,The pinned release history uses the symbol as an importable Starlette API and its canonical module defines the current behavior.
571,documented-import,starlette.requests.Request,,,docs/requests.md,10,explicit Python import in upstream docs,confirmed documented import path,supported,docs/requests.md:10;starlette/requests.py,The pinned guide explicitly imports this starlette.* path in its example; that establishes the spelling as documented consumer API.
572,documented-import,starlette.requests.Request,,,docs/templates.md,96,explicit Python import in upstream docs,confirmed documented import path,supported,docs/templates.md:96,The pinned user guide explicitly imports this starlette.* path in a usage example; that documentation establishes the consumer-facing spelling.
573,documented-import,starlette.requests.Request,,,docs/testclient.md,252,explicit Python import in upstream docs,confirmed documented import path,supported,docs/testclient.md:252,The pinned user guide explicitly imports this starlette.* path in a usage example; that documentation establishes the consumer-facing spelling.
574,constructor,starlette.requests.Request.__init__,"def __init__(self, scope: Scope, receive: Receive=empty_receive, send: Send=empty_send):",,starlette/requests.py,217,class source only; method not matched in docs scan,method candidate; not reviewed,supported,starlette/requests.py:217;docs/requests.md:7-19;tests/test_requests.py:test_request_without_setting_receive,The requests guide gives the Request construction shape and demonstrates construction from an ASGI scope; tests also cover omitted receive.
575,public-method,starlette.requests.Request.body,async def body(self) -> bytes:,,starlette/requests.py,254,class source only; method not matched in docs scan,method candidate; not reviewed,supported,starlette/requests.py:254;docs/requests.md:77-106;tests/test_requests.py:test_request_body,The requests guide documents await request.body() and byte-body access.
576,public-method,starlette.requests.Request.close,async def close(self) -> None:,,starlette/requests.py,324,class source only; method not matched in docs scan,method candidate; not reviewed,uncertain,starlette/requests.py:324;tests/test_requests.py:17-671,"The pinned source/catalog exposes this candidate, but the assigned guides do not establish this spelling as public. Tests or source imports corroborate behavior only and are insufficient to promote it."
577,public-method,starlette.requests.Request.form,"def form(self, *, max_files: int | float=1000, max_fields: int | float=1000, max_part_size: int=1024 * 1024) -> AwaitableOrContextManager[FormData]:",,starlette/requests.py,313,class source only; method not matched in docs scan,method candidate; not reviewed,supported,starlette/requests.py:313;docs/requests.md:112-136;tests/test_requests.py:test_request_form_urlencoded;tests/test_requests.py:test_request_form_context_manager,"The requests guide documents URL-encoded and multipart form parsing, context-manager use, and form limits."
578,public-method,starlette.requests.Request.is_disconnected,async def is_disconnected(self) -> bool:,,starlette/requests.py,328,class source only; method not matched in docs scan,method candidate; not reviewed,supported,starlette/requests.py:328;docs/requests.md:108-110;tests/test_requests.py:test_request_is_disconnected,The requests guide explicitly documents checking client disconnect state.
579,public-method,starlette.requests.Request.json,async def json(self) -> Any:,,starlette/requests.py,262,class source only; method not matched in docs scan,method candidate; not reviewed,supported,starlette/requests.py:262;docs/requests.md:77-86;tests/test_requests.py:test_request_json,The requests guide explicitly documents await request.json().
580,public-method,starlette.requests.Request.method,def method(self) -> str:,,starlette/requests.py,227,class source only; method not matched in docs scan,method candidate; not reviewed,supported,starlette/requests.py:227;docs/requests.md:30-33;tests/test_requests.py:test_request_url,The requests guide explicitly documents request.method.
581,public-method,starlette.requests.Request.receive,def receive(self) -> Receive:,,starlette/requests.py,231,class source only; method not matched in docs scan,method candidate; not reviewed,uncertain,starlette/requests.py:231;tests/test_requests.py:17-671,"The pinned source/catalog exposes this candidate, but the assigned guides do not establish this spelling as public. Tests or source imports corroborate behavior only and are insufficient to promote it."
582,public-method,starlette.requests.Request.send_push_promise,"async def send_push_promise(self, path: str) -> None:",,starlette/requests.py,342,class source only; method not matched in docs scan,method candidate; not reviewed,supported,starlette/requests.py:342;docs/server-push.md:5-12;tests/test_requests.py:test_request_send_push_promise;tests/test_requests.py:test_request_send_push_promise_without_push_extension;tests/test_requests.py:test_request_send_push_promise_without_setting_send;docs/server-push.md:5-35,"The server-push guide names this method, documents path input and no-op behavior when push is unavailable."
583,public-method,starlette.requests.Request.stream,"async def stream(self) -> AsyncGenerator[bytes, None]:",,starlette/requests.py,234,class source only; method not matched in docs scan,method candidate; not reviewed,supported,starlette/requests.py:234;docs/requests.md:87-106;tests/test_requests.py:test_request_stream;tests/test_requests.py:test_request_stream_then_body,The requests guide documents async body iteration and the consumed-stream rule.
584,assignment,starlette.requests.SERVER_PUSH_HEADERS_TO_COPY,"{
    ""accept"",
    ""accept-encoding"",
    ""accept-language"",
    ""cache-control"",
    ""user-agent"",
}",,starlette/requests.py,37,module source only; name not matched in docs scan,public-name candidate; not reviewed,private/internal,starlette/requests.py:37;tests/test_requests.py:17-671,"This module constant is consumed internally while constructing an ASGI push event; the guide documents the method, not this constant."
585,source-reexport-candidate,starlette.requests.Scope,from starlette.types import Scope,,starlette/requests.py,15,source import only,candidate only; importability is not public-status evidence,private/internal,starlette/requests.py:15;tests/test_requests.py:17-671,This is imported for implementation/type-annotation use or is an internal helper; the assigned public guides do not establish a standalone starlette.* contract.
586,source-reexport-candidate,starlette.requests.Send,from starlette.types import Send,,starlette/requests.py,15,source import only,candidate only; importability is not public-status evidence,private/internal,starlette/requests.py:15;tests/test_requests.py:17-671,This is imported for implementation/type-annotation use or is an internal helper; the assigned public guides do not establish a standalone starlette.* contract.
587,source-reexport-candidate,starlette.requests.State,from starlette.datastructures import State,,starlette/requests.py,12,source import only,candidate only; importability is not public-status evidence,private/internal,starlette/requests.py:12;tests/test_requests.py:17-671,This is imported for implementation/type-annotation use or is an internal helper; the assigned public guides do not establish a standalone starlette.* contract.
588,assignment,starlette.requests.StateT,"TypeVar(""StateT"", bound=Mapping[str, Any] | State, default=State)",,starlette/requests.py,77,module source only; name not matched in docs scan,public-name candidate; not reviewed,private/internal,starlette/requests.py:77;tests/test_requests.py:17-671,This is imported for implementation/type-annotation use or is an internal helper; the assigned public guides do not establish a standalone starlette.* contract.
589,source-reexport-candidate,starlette.requests.URL,from starlette.datastructures import URL,,starlette/requests.py,12,source import only,candidate only; importability is not public-status evidence,uncertain,starlette/requests.py:12;tests/test_requests.py:17-671,"The pinned source/catalog exposes this candidate, but the assigned guides do not establish this spelling as public. Tests or source imports corroborate behavior only and are insufficient to promote it."
590,function,starlette.requests.cookie_parser,"def cookie_parser(cookie_string: str) -> dict[str, str]:",,starlette/requests.py,46,module source only; symbol not matched in docs scan,public-name candidate; not reviewed,private/internal,starlette/requests.py:46;tests/test_requests.py:17-671,"This helper only parses Request.cookies; the request guide documents the property, not this standalone helper."
591,function,starlette.requests.empty_receive,async def empty_receive() -> NoReturn:,,starlette/requests.py,206,module source only; symbol not matched in docs scan,public-name candidate; not reviewed,private/internal,starlette/requests.py:206;tests/test_requests.py:17-671,These fallback channel callables are implementation defaults for Request construction and are not documented standalone APIs.
592,function,starlette.requests.empty_send,async def empty_send(message: Message) -> NoReturn:,,starlette/requests.py,210,module source only; symbol not matched in docs scan,public-name candidate; not reviewed,private/internal,starlette/requests.py:210;tests/test_requests.py:17-671,These fallback channel callables are implementation defaults for Request construction and are not documented standalone APIs.
593,assignment,starlette.responses.AsyncContentStream,AsyncIterable[Content],,starlette/responses.py,218,module source only; name not matched in docs scan,public-name candidate; not reviewed,private/internal,starlette/responses.py:218;tests/test_responses.py:26-1044,This is imported for implementation/type-annotation use or is an internal helper; the assigned public guides do not establish a standalone starlette.* contract.
594,source-reexport-candidate,starlette.responses.BackgroundTask,from starlette.background import BackgroundTask,,starlette/responses.py,22,source import only,candidate only; importability is not public-status evidence,uncertain,starlette/responses.py:22;tests/test_responses.py:26-1044,"The pinned source/catalog exposes this candidate, but the assigned guides do not establish this spelling as public. Tests or source imports corroborate behavior only and are insufficient to promote it."
595,source-reexport-candidate,starlette.responses.ClientDisconnect,from starlette.requests import ClientDisconnect,,starlette/responses.py,25,source import only,candidate only; importability is not public-status evidence,private/internal,starlette/responses.py:25;tests/test_responses.py:26-1044,This is imported for implementation/type-annotation use or is an internal helper; the assigned public guides do not establish a standalone starlette.* contract.
596,assignment,starlette.responses.Content,str | bytes | memoryview,,starlette/responses.py,216,module source only; name not matched in docs scan,public-name candidate; not reviewed,private/internal,starlette/responses.py:216;tests/test_responses.py:26-1044,This is imported for implementation/type-annotation use or is an internal helper; the assigned public guides do not establish a standalone starlette.* contract.
597,assignment,starlette.responses.ContentStream,AsyncContentStream | SyncContentStream,,starlette/responses.py,219,module source only; name not matched in docs scan,public-name candidate; not reviewed,private/internal,starlette/responses.py:219;tests/test_responses.py:26-1044,This is imported for implementation/type-annotation use or is an internal helper; the assigned public guides do not establish a standalone starlette.* contract.
598,class,starlette.responses.FileResponse,class FileResponse(Response):,"def __init__(self, path: str | os.PathLike[str], status_code: int=200, headers: Mapping[str, str] | None=None, media_type: str | None=None, background: BackgroundTask | None=None, filename: str | None=None, stat_result: os.stat_result | None=None, content_disposition_type: str='attachment') -> None:",starlette/responses.py,296,explicitly referenced in docs,documented symbol; review defaults and behavior,supported,starlette/responses.py:296;docs/responses.md:163-193;tests/test_responses.py:test_file_response;tests/test_responses.py:test_file_response_without_range,"The responses guide documents FileResponse inputs, metadata headers, and range support."
599,documented-import,starlette.responses.FileResponse,,,docs/responses.md,178,explicit Python import in upstream docs,confirmed documented import path,supported,docs/responses.md:178;starlette/responses.py,The pinned guide explicitly imports this starlette.* path in its example; that establishes the spelling as documented consumer API.
600,special-method,starlette.responses.FileResponse.__call__,"async def __call__(self, scope: Scope, receive: Receive, send: Send) -> None:",,starlette/responses.py,341,class source only; method not matched in docs scan,method candidate; not reviewed,supported,starlette/responses.py:341;docs/responses.md:163-193;tests/test_responses.py:26-1044,The responses guide demonstrates invoking FileResponse as an ASGI application and documents file/range behavior.
601,constructor,starlette.responses.FileResponse.__init__,"def __init__(self, path: str | os.PathLike[str], status_code: int=200, headers: Mapping[str, str] | None=None, media_type: str | None=None, background: BackgroundTask | None=None, filename: str | None=None, stat_result: os.stat_result | None=None, content_disposition_type: str='attachment') -> None:",,starlette/responses.py,300,class source only; method not matched in docs scan,method candidate; not reviewed,supported,starlette/responses.py:300;docs/responses.md:163-193;tests/test_responses.py:26-1044,"The responses guide documents FileResponse path, headers, media type, filename, and disposition inputs."
602,public-method,starlette.responses.FileResponse.generate_multipart,"def generate_multipart(self, ranges: Sequence[tuple[int, int]], boundary: str, max_size: int, content_type: str) -> tuple[int, Callable[[int, int], bytes]]:",,starlette/responses.py,530,class source only; method not matched in docs scan,method candidate; not reviewed,private/internal,starlette/responses.py:530;tests/test_responses.py:26-1044,This is an internal multipart range-response builder called by FileResponse; the guide documents range behavior rather than the helper.
603,public-method,starlette.responses.FileResponse.set_stat_headers,"def set_stat_headers(self, stat_result: os.stat_result) -> None:",,starlette/responses.py,331,class source only; method not matched in docs scan,method candidate; not reviewed,uncertain,starlette/responses.py:331;tests/test_responses.py:26-1044,"The pinned source/catalog exposes this candidate, but the assigned guides do not establish this spelling as public. Tests or source imports corroborate behavior only and are insufficient to promote it."
604,class,starlette.responses.HTMLResponse,class HTMLResponse(Response):,inherited or object default; verify,starlette/responses.py,173,explicitly referenced in docs,documented symbol; review defaults and behavior,supported,starlette/responses.py:173;docs/responses.md:54-68;tests/test_responses.py:test_file_response_with_pathsend,The responses guide documents HTMLResponse and gives a direct example.
605,documented-import,starlette.responses.HTMLResponse,,,docs/endpoints.md,94,explicit Python import in upstream docs,confirmed documented import path,supported,docs/endpoints.md:94,The pinned user guide imports this symbol in a runnable public usage example; this documentation import establishes the path.
606,documented-import,starlette.responses.HTMLResponse,,,docs/exceptions.md,9,explicit Python import in upstream docs,confirmed documented import path,supported,docs/exceptions.md:9,"The pinned guide contains this exact import statement, establishing the documented consumer import path for starlette.responses.HTMLResponse."
607,documented-import,starlette.responses.HTMLResponse,,,docs/responses.md,59,explicit Python import in upstream docs,confirmed documented import path,supported,docs/responses.md:59;starlette/responses.py,The pinned guide explicitly imports this starlette.* path in its example; that establishes the spelling as documented consumer API.
608,documented-import,starlette.responses.HTMLResponse,,,docs/server-push.md,16,explicit Python import in upstream docs,confirmed documented import path,supported,docs/server-push.md:16;starlette/responses.py,The pinned guide explicitly imports this starlette.* path in its example; that establishes the spelling as documented consumer API.
609,documented-import,starlette.responses.HTMLResponse,,,docs/testclient.md,20,explicit Python import in upstream docs,confirmed documented import path,supported,docs/testclient.md:20,The pinned user guide explicitly imports this starlette.* path in a usage example; that documentation establishes the consumer-facing spelling.
610,source-reexport-candidate,starlette.responses.Headers,from starlette.datastructures import Headers,,starlette/responses.py,24,source import only,candidate only; importability is not public-status evidence,uncertain,starlette/responses.py:24;tests/test_responses.py:26-1044,"The pinned source/catalog exposes this candidate, but the assigned guides do not establish this spelling as public. Tests or source imports corroborate behavior only and are insufficient to promote it."
611,class,starlette.responses.JSONResponse,class JSONResponse(Response):,"def __init__(self, content: Any, status_code: int=200, headers: Mapping[str, str] | None=None, media_type: str | None=None, background: BackgroundTask | None=None) -> None:",starlette/responses.py,181,explicitly referenced in docs,documented symbol; review defaults and behavior,supported,starlette/responses.py:181;docs/responses.md:82-118;tests/test_responses.py:test_json_none_response,The responses guide documents JSONResponse and a custom serialization subclass example.
612,documented-import,starlette.responses.JSONResponse,,,docs/authentication.md,185,explicit Python import in upstream docs,confirmed documented import path,supported,docs/authentication.md:185,"The pinned guide contains this exact import statement, establishing the documented consumer import path for starlette.responses.JSONResponse."
613,documented-import,starlette.responses.JSONResponse,,,docs/background.md,15,explicit Python import in upstream docs,confirmed documented import path,supported,docs/background.md:15; starlette/responses.py,An explicit pinned documentation API directive or Python import establishes this consumer-facing symbol/path.
614,documented-import,starlette.responses.JSONResponse,,,docs/index.md,80,explicit Python import in upstream docs,confirmed documented import path,supported,docs/index.md:80;starlette/responses.py;tests/test_responses.py,The pinned introduction gives an explicit consumer import in a runnable application example; implementation and behavior evidence are in the canonical module and its upstream tests.
615,documented-import,starlette.responses.JSONResponse,,,docs/responses.md,87,explicit Python import in upstream docs,confirmed documented import path,supported,docs/responses.md:87;starlette/responses.py,The pinned guide explicitly imports this starlette.* path in its example; that establishes the spelling as documented consumer API.
616,constructor,starlette.responses.JSONResponse.__init__,"def __init__(self, content: Any, status_code: int=200, headers: Mapping[str, str] | None=None, media_type: str | None=None, background: BackgroundTask | None=None) -> None:",,starlette/responses.py,184,class source only; method not matched in docs scan,method candidate; not reviewed,supported,starlette/responses.py:184;docs/responses.md:82-94;tests/test_responses.py:26-1044,The responses guide demonstrates JSONResponse use and its content contract.
617,public-method,starlette.responses.JSONResponse.render,"def render(self, content: Any) -> bytes:",,starlette/responses.py,194,class source only; method not matched in docs scan,method candidate; not reviewed,supported,starlette/responses.py:194;docs/responses.md:96-116;tests/test_responses.py:test_json_none_response,The responses guide documents overriding JSONResponse.render.
618,class,starlette.responses.MalformedRangeHeader,class MalformedRangeHeader(Exception):,"def __init__(self, content: str='Malformed range header.') -> None:",starlette/responses.py,286,module source only; symbol not matched in docs scan,public-name candidate; not reviewed,private/internal,starlette/responses.py:286;tests/test_responses.py:26-1044,FileResponse uses this exception internally and converts range failures into HTTP responses; no standalone exception contract is documented.
619,constructor,starlette.responses.MalformedRangeHeader.__init__,"def __init__(self, content: str='Malformed range header.') -> None:",,starlette/responses.py,287,class source only; method not matched in docs scan,method candidate; not reviewed,private/internal,starlette/responses.py:287;tests/test_responses.py:26-1044,FileResponse uses this exception internally and converts range failures into HTTP responses; no standalone exception contract is documented.
620,source-reexport-candidate,starlette.responses.Message,from starlette.types import Message,,starlette/responses.py,26,source import only,candidate only; importability is not public-status evidence,private/internal,starlette/responses.py:26;tests/test_responses.py:26-1044,This is imported for implementation/type-annotation use or is an internal helper; the assigned public guides do not establish a standalone starlette.* contract.
621,source-reexport-candidate,starlette.responses.MutableHeaders,from starlette.datastructures import MutableHeaders,,starlette/responses.py,24,source import only,candidate only; importability is not public-status evidence,uncertain,starlette/responses.py:24;tests/test_responses.py:26-1044,"The pinned source/catalog exposes this candidate, but the assigned guides do not establish this spelling as public. Tests or source imports corroborate behavior only and are insufficient to promote it."
622,class,starlette.responses.PlainTextResponse,class PlainTextResponse(Response):,inherited or object default; verify,starlette/responses.py,177,explicitly referenced in docs,documented symbol; review defaults and behavior,supported,starlette/responses.py:177;docs/responses.md:68-80;tests/test_responses.py:test_text_response,The responses guide documents PlainTextResponse as a response class.
623,documented-import,starlette.responses.PlainTextResponse,,,docs/applications.md,18,explicit Python import in upstream docs,confirmed documented import path,supported,docs/applications.md:18; starlette/responses.py,An explicit pinned documentation API directive or Python import establishes this consumer-facing symbol/path.
624,documented-import,starlette.responses.PlainTextResponse,,,docs/authentication.md,14,explicit Python import in upstream docs,confirmed documented import path,supported,docs/authentication.md:14,"The pinned guide contains this exact import statement, establishing the documented consumer import path for starlette.responses.PlainTextResponse."
625,documented-import,starlette.responses.PlainTextResponse,,,docs/endpoints.md,10,explicit Python import in upstream docs,confirmed documented import path,supported,docs/endpoints.md:10,The pinned user guide imports this symbol in a runnable public usage example; this documentation import establishes the path.
626,documented-import,starlette.responses.PlainTextResponse,,,docs/index.md,117,explicit Python import in upstream docs,confirmed documented import path,supported,docs/index.md:117;starlette/responses.py;tests/test_responses.py,The pinned introduction gives an explicit consumer import in a runnable application example; implementation and behavior evidence are in the canonical module and its upstream tests.
627,documented-import,starlette.responses.PlainTextResponse,,,docs/lifespan.md,47,explicit Python import in upstream docs,confirmed documented import path,supported,docs/lifespan.md:47; starlette/responses.py,An explicit pinned documentation API directive or Python import establishes this consumer-facing symbol/path.
628,documented-import,starlette.responses.PlainTextResponse,,,docs/responses.md,73,explicit Python import in upstream docs,confirmed documented import path,supported,docs/responses.md:73;starlette/responses.py,The pinned guide explicitly imports this starlette.* path in its example; that establishes the spelling as documented consumer API.
629,documented-import,starlette.responses.PlainTextResponse,,,docs/routing.md,8,explicit Python import in upstream docs,confirmed documented import path,supported,docs/routing.md:8,The pinned user guide imports this symbol in a runnable public usage example; this documentation import establishes the path.
630,documented-import,starlette.responses.PlainTextResponse,,,docs/testclient.md,253,explicit Python import in upstream docs,confirmed documented import path,supported,docs/testclient.md:253,The pinned user guide explicitly imports this starlette.* path in a usage example; that documentation establishes the consumer-facing spelling.
631,class,starlette.responses.RangeNotSatisfiable,class RangeNotSatisfiable(Exception):,"def __init__(self, max_size: int) -> None:",starlette/responses.py,291,module source only; symbol not matched in docs scan,public-name candidate; not reviewed,private/internal,starlette/responses.py:291;tests/test_responses.py:26-1044,FileResponse uses this exception internally and converts range failures into HTTP responses; no standalone exception contract is documented.
632,constructor,starlette.responses.RangeNotSatisfiable.__init__,"def __init__(self, max_size: int) -> None:",,starlette/responses.py,292,class source only; method not matched in docs scan,method candidate; not reviewed,private/internal,starlette/responses.py:292;tests/test_responses.py:26-1044,FileResponse uses this exception internally and converts range failures into HTTP responses; no standalone exception contract is documented.
633,source-reexport-candidate,starlette.responses.Receive,from starlette.types import Receive,,starlette/responses.py,26,source import only,candidate only; importability is not public-status evidence,private/internal,starlette/responses.py:26;tests/test_responses.py:26-1044,This is imported for implementation/type-annotation use or is an internal helper; the assigned public guides do not establish a standalone starlette.* contract.
634,class,starlette.responses.RedirectResponse,class RedirectResponse(Response):,"def __init__(self, url: str | URL, status_code: int=307, headers: Mapping[str, str] | None=None, background: BackgroundTask | None=None) -> None:",starlette/responses.py,204,explicitly referenced in docs,documented symbol; review defaults and behavior,supported,starlette/responses.py:204;docs/responses.md:120-134;tests/test_responses.py:test_redirect_response,The responses guide documents RedirectResponse and its default redirect status.
635,documented-import,starlette.responses.RedirectResponse,,,docs/authentication.md,142,explicit Python import in upstream docs,confirmed documented import path,supported,docs/authentication.md:142,"The pinned guide contains this exact import statement, establishing the documented consumer import path for starlette.responses.RedirectResponse."
636,documented-import,starlette.responses.RedirectResponse,,,docs/middleware.md,522,explicit Python import in upstream docs,confirmed documented import path,supported,docs/middleware.md:522;starlette/responses.py:204,The pinned middleware guide explicitly imports this starlette.* path; the canonical source declaration confirms the documented spelling and current contract.
637,documented-import,starlette.responses.RedirectResponse,,,docs/responses.md,125,explicit Python import in upstream docs,confirmed documented import path,supported,docs/responses.md:125;starlette/responses.py,The pinned guide explicitly imports this starlette.* path in its example; that establishes the spelling as documented consumer API.
638,constructor,starlette.responses.RedirectResponse.__init__,"def __init__(self, url: str | URL, status_code: int=307, headers: Mapping[str, str] | None=None, background: BackgroundTask | None=None) -> None:",,starlette/responses.py,205,class source only; method not matched in docs scan,method candidate; not reviewed,supported,starlette/responses.py:205;docs/responses.md:120-134;tests/test_responses.py:26-1044,The responses guide demonstrates RedirectResponse and describes its default status.
639,class,starlette.responses.Response,class Response:,"def __init__(self, content: Any=None, status_code: int=200, headers: Mapping[str, str] | None=None, media_type: str | None=None, background: BackgroundTask | None=None) -> None:",starlette/responses.py,29,explicitly referenced in docs,documented symbol; review defaults and behavior,supported,starlette/responses.py:29;docs/responses.md:5-28;tests/test_responses.py:test_text_response;tests/test_responses.py:test_bytes_response,"The responses guide documents Response construction, body/status/media type/header behavior, and ASGI invocation."
640,documented-import,starlette.responses.Response,,,docs/requests.md,11,explicit Python import in upstream docs,confirmed documented import path,supported,docs/requests.md:11;starlette/responses.py,The pinned guide explicitly imports this starlette.* path in its example; that establishes the spelling as documented consumer API.
641,documented-import,starlette.responses.Response,,,docs/responses.md,22,explicit Python import in upstream docs,confirmed documented import path,supported,docs/responses.md:22;starlette/responses.py,The pinned guide explicitly imports this starlette.* path in its example; that establishes the spelling as documented consumer API.
642,documented-import,starlette.responses.Response,,,docs/testclient.md,101,explicit Python import in upstream docs,confirmed documented import path,supported,docs/testclient.md:101,The pinned user guide explicitly imports this starlette.* path in a usage example; that documentation establishes the consumer-facing spelling.
643,special-method,starlette.responses.Response.__call__,"async def __call__(self, scope: Scope, receive: Receive, send: Send) -> None:",,starlette/responses.py,163,class source only; method not matched in docs scan,method candidate; not reviewed,supported,starlette/responses.py:163;docs/responses.md:18-28;tests/test_responses.py:test_text_response,The responses guide explicitly says an instantiated response is sent by calling it as an ASGI application.
644,constructor,starlette.responses.Response.__init__,"def __init__(self, content: Any=None, status_code: int=200, headers: Mapping[str, str] | None=None, media_type: str | None=None, background: BackgroundTask | None=None) -> None:",,starlette/responses.py,33,class source only; method not matched in docs scan,method candidate; not reviewed,supported,starlette/responses.py:33;docs/responses.md:7-16;tests/test_responses.py:test_text_response;tests/test_responses.py:test_empty_response,The responses guide gives Response constructor inputs and describes automatic response headers.
645,public-method,starlette.responses.Response.delete_cookie,"def delete_cookie(self, key: str, path: str='/', domain: str | None=None, secure: bool=False, httponly: bool=False, samesite: Literal['lax', 'strict', 'none'] | None='lax') -> None:",,starlette/responses.py,134,class source only; method not matched in docs scan,method candidate; not reviewed,supported,starlette/responses.py:134;docs/responses.md:47-51;tests/test_responses.py:test_delete_cookie,The responses guide documents Response.delete_cookie and its inputs.
646,public-method,starlette.responses.Response.headers,def headers(self) -> MutableHeaders:,,starlette/responses.py,84,class source only; method not matched in docs scan,method candidate; not reviewed,uncertain,starlette/responses.py:84;tests/test_responses.py:26-1044,"The pinned source/catalog exposes this candidate, but the assigned guides do not establish this spelling as public. Tests or source imports corroborate behavior only and are insufficient to promote it."
647,public-method,starlette.responses.Response.init_headers,"def init_headers(self, headers: Mapping[str, str] | None=None) -> None:",,starlette/responses.py,55,class source only; method not matched in docs scan,method candidate; not reviewed,uncertain,starlette/responses.py:55;tests/test_responses.py:26-1044,"The pinned source/catalog exposes this candidate, but the assigned guides do not establish this spelling as public. Tests or source imports corroborate behavior only and are insufficient to promote it."
648,public-method,starlette.responses.Response.render,"def render(self, content: Any) -> bytes | memoryview:",,starlette/responses.py,48,class source only; method not matched in docs scan,method candidate; not reviewed,supported,starlette/responses.py:48;docs/responses.md:96-116;tests/test_responses.py:test_response_memoryview,The responses guide documents overriding render for custom JSON serialization.
649,public-method,starlette.responses.Response.set_cookie,"def set_cookie(self, key: str, value: str='', max_age: int | None=None, expires: datetime | str | int | None=None, path: str | None='/', domain: str | None=None, secure: bool=False, httponly: bool=False, samesite: Literal['lax', 'strict', 'none'] | None='lax', partitioned: bool=False) -> None:",,starlette/responses.py,89,class source only; method not matched in docs scan,method candidate; not reviewed,supported,starlette/responses.py:89;docs/responses.md:30-45;tests/test_responses.py:test_set_cookie;tests/test_responses.py:test_set_cookie_path_none,"The responses guide documents set_cookie options, defaults, and Python 3.14 partitioned-cookie availability."
650,source-reexport-candidate,starlette.responses.Scope,from starlette.types import Scope,,starlette/responses.py,26,source import only,candidate only; importability is not public-status evidence,private/internal,starlette/responses.py:26;tests/test_responses.py:26-1044,This is imported for implementation/type-annotation use or is an internal helper; the assigned public guides do not establish a standalone starlette.* contract.
651,source-reexport-candidate,starlette.responses.Send,from starlette.types import Send,,starlette/responses.py,26,source import only,candidate only; importability is not public-status evidence,private/internal,starlette/responses.py:26;tests/test_responses.py:26-1044,This is imported for implementation/type-annotation use or is an internal helper; the assigned public guides do not establish a standalone starlette.* contract.
652,class,starlette.responses.StreamingResponse,class StreamingResponse(Response):,"def __init__(self, content: ContentStream, status_code: int=200, headers: Mapping[str, str] | None=None, media_type: str | None=None, background: BackgroundTask | None=None) -> None:",starlette/responses.py,222,explicitly referenced in docs,documented symbol; review defaults and behavior,supported,starlette/responses.py:222;docs/responses.md:137-161;tests/test_responses.py:test_streaming_response;tests/test_responses.py:test_sync_streaming_response,"The responses guide documents streaming async and sync iterables, including file-like iterators."
653,documented-import,starlette.responses.StreamingResponse,,,docs/responses.md,142,explicit Python import in upstream docs,confirmed documented import path,supported,docs/responses.md:142;starlette/responses.py,The pinned guide explicitly imports this starlette.* path in its example; that establishes the spelling as documented consumer API.
654,special-method,starlette.responses.StreamingResponse.__call__,"async def __call__(self, scope: Scope, receive: Receive, send: Send) -> None:",,starlette/responses.py,257,class source only; method not matched in docs scan,method candidate; not reviewed,supported,starlette/responses.py:257;docs/responses.md:137-161;tests/test_responses.py:26-1044,The responses guide demonstrates invoking StreamingResponse as an ASGI application.
655,constructor,starlette.responses.StreamingResponse.__init__,"def __init__(self, content: ContentStream, status_code: int=200, headers: Mapping[str, str] | None=None, media_type: str | None=None, background: BackgroundTask | None=None) -> None:",,starlette/responses.py,225,class source only; method not matched in docs scan,method candidate; not reviewed,supported,starlette/responses.py:225;docs/responses.md:137-161;tests/test_responses.py:26-1044,The responses guide documents accepted streaming input forms and media type.
656,public-method,starlette.responses.StreamingResponse.listen_for_disconnect,"async def listen_for_disconnect(self, receive: Receive) -> None:",,starlette/responses.py,242,class source only; method not matched in docs scan,method candidate; not reviewed,uncertain,starlette/responses.py:242;tests/test_responses.py:26-1044,"The pinned source/catalog exposes this candidate, but the assigned guides do not establish this spelling as public. Tests or source imports corroborate behavior only and are insufficient to promote it."
657,public-method,starlette.responses.StreamingResponse.stream_response,"async def stream_response(self, send: Send) -> None:",,starlette/responses.py,248,class source only; method not matched in docs scan,method candidate; not reviewed,uncertain,starlette/responses.py:248;tests/test_responses.py:26-1044,"The pinned source/catalog exposes this candidate, but the assigned guides do not establish this spelling as public. Tests or source imports corroborate behavior only and are insufficient to promote it."
658,assignment,starlette.responses.SyncContentStream,Iterable[Content],,starlette/responses.py,217,module source only; name not matched in docs scan,public-name candidate; not reviewed,private/internal,starlette/responses.py:217;tests/test_responses.py:26-1044,This is imported for implementation/type-annotation use or is an internal helper; the assigned public guides do not establish a standalone starlette.* contract.
659,source-reexport-candidate,starlette.responses.URL,from starlette.datastructures import URL,,starlette/responses.py,24,source import only,candidate only; importability is not public-status evidence,uncertain,starlette/responses.py:24;tests/test_responses.py:26-1044,"The pinned source/catalog exposes this candidate, but the assigned guides do not establish this spelling as public. Tests or source imports corroborate behavior only and are insufficient to promote it."
660,source-reexport-candidate,starlette.responses.create_collapsing_task_group,from starlette._utils import create_collapsing_task_group,,starlette/responses.py,21,source import only,candidate only; importability is not public-status evidence,private/internal,starlette/responses.py:21;tests/test_responses.py:26-1044,This is imported for implementation/type-annotation use or is an internal helper; the assigned public guides do not establish a standalone starlette.* contract.
661,source-reexport-candidate,starlette.responses.iterate_in_threadpool,from starlette.concurrency import iterate_in_threadpool,,starlette/responses.py,23,source import only,candidate only; importability is not public-status evidence,private/internal,starlette/responses.py:23;tests/test_responses.py:26-1044,This is imported for implementation/type-annotation use or is an internal helper; the assigned public guides do not establish a standalone starlette.* contract.
662,source-reexport-candidate,starlette.routing.ASGIApp,from starlette.types import ASGIApp,,starlette/routing.py,26,source import only,candidate only; importability is not public-status evidence,private/internal,starlette/routing.py:26,This is source-only routing/delegation machinery or an import used for annotations/internal calls; no pinned public guide or deliberate compatibility export establishes this module path as public.
663,class,starlette.routing.BaseRoute,class BaseRoute:,inherited or object default; verify,starlette/routing.py,167,module source only; symbol not matched in docs scan,public-name candidate; not reviewed,uncertain,starlette/routing.py:167; tests/test_routing.py:test_router; tests/test_routing.py:test_standalone_route_matches; tests/test_routing.py:test_route_converters,"Observable candidate has source and/or test evidence, but the pinned guides do not establish this low-level method, representation, or candidate type as a supported consumer contract."
664,special-method,starlette.routing.BaseRoute.__call__,"async def __call__(self, scope: Scope, receive: Receive, send: Send) -> None:",,starlette/routing.py,177,class source only; method not matched in docs scan,method candidate; not reviewed,uncertain,starlette/routing.py:177; tests/test_routing.py:test_standalone_route_matches; tests/test_routing.py:test_standalone_ws_route_matches,"This member supports a documented class-level feature, but the pinned guides do not establish this exact direct method as part of the consumer API."
665,public-method,starlette.routing.BaseRoute.handle,"async def handle(self, scope: Scope, receive: Receive, send: Send) -> None:",,starlette/routing.py,174,class source only; method not matched in docs scan,method candidate; not reviewed,uncertain,starlette/routing.py:174; tests/test_routing.py:test_router; tests/test_routing.py:test_standalone_route_matches; tests/test_routing.py:test_route_converters,This abstract dispatch protocol is exercised indirectly by concrete routes; the pinned guides do not establish BaseRoute subclassing or these methods as public extension points.
666,public-method,starlette.routing.BaseRoute.matches,"def matches(self, scope: Scope) -> tuple[Match, Scope]:",,starlette/routing.py,168,class source only; method not matched in docs scan,method candidate; not reviewed,uncertain,starlette/routing.py:168; tests/test_routing.py:test_router; tests/test_routing.py:test_standalone_route_matches; tests/test_routing.py:test_route_converters,This abstract dispatch protocol is exercised indirectly by concrete routes; the pinned guides do not establish BaseRoute subclassing or these methods as public extension points.
667,public-method,starlette.routing.BaseRoute.url_path_for,"def url_path_for(self, name: str, /, **path_params: Any) -> URLPath:",,starlette/routing.py,171,class source only; method not matched in docs scan,method candidate; not reviewed,uncertain,starlette/routing.py:171; tests/test_routing.py:test_router; tests/test_routing.py:test_standalone_route_matches; tests/test_routing.py:test_route_converters,This abstract dispatch protocol is exercised indirectly by concrete routes; the pinned guides do not establish BaseRoute subclassing or these methods as public extension points.
668,source-reexport-candidate,starlette.routing.CONVERTOR_TYPES,from starlette.convertors import CONVERTOR_TYPES,,starlette/routing.py,19,source import only,candidate only; importability is not public-status evidence,private/internal,starlette/routing.py:19,This is source-only routing/delegation machinery or an import used for annotations/internal calls; no pinned public guide or deliberate compatibility export establishes this module path as public.
669,source-reexport-candidate,starlette.routing.Convertor,from starlette.convertors import Convertor,,starlette/routing.py,19,source import only,candidate only; importability is not public-status evidence,private/internal,starlette/routing.py:19,This is source-only routing/delegation machinery or an import used for annotations/internal calls; no pinned public guide or deliberate compatibility export establishes this module path as public.
670,source-reexport-candidate,starlette.routing.HTTPException,from starlette.exceptions import HTTPException,,starlette/routing.py,21,source import only,candidate only; importability is not public-status evidence,private/internal,starlette/routing.py:21,This is source-only routing/delegation machinery or an import used for annotations/internal calls; no pinned public guide or deliberate compatibility export establishes this module path as public.
671,source-reexport-candidate,starlette.routing.Headers,from starlette.datastructures import Headers,,starlette/routing.py,20,source import only,candidate only; importability is not public-status evidence,private/internal,starlette/routing.py:20,This is source-only routing/delegation machinery or an import used for annotations/internal calls; no pinned public guide or deliberate compatibility export establishes this module path as public.
672,class,starlette.routing.Host,class Host(BaseRoute):,"def __init__(self, host: str, app: ASGIApp, name: str | None=None) -> None:",starlette/routing.py,466,module source only; symbol not matched in docs scan,public-name candidate; not reviewed,supported,starlette/routing.py:466; docs/routing.md:211-254; tests/test_routing.py:test_host_routing; tests/test_routing.py:test_host_reverse_urls; tests/test_routing.py:test_subdomain_routing,Pinned user documentation describes this API family and its observable behavior; cited upstream tests corroborate representative cases.
673,special-method,starlette.routing.Host.__eq__,"def __eq__(self, other: Any) -> bool:",,starlette/routing.py,519,class source only; method not matched in docs scan,method candidate; not reviewed,uncertain,starlette/routing.py:519; docs/routing.md:211-254; tests/test_routing.py:test_host_routing; tests/test_routing.py:test_host_reverse_urls; tests/test_routing.py:test_subdomain_routing,"Upstream tests assert representation/equality details, but no pinned public guide or reference establishes those details as compatibility guarantees."
674,constructor,starlette.routing.Host.__init__,"def __init__(self, host: str, app: ASGIApp, name: str | None=None) -> None:",,starlette/routing.py,467,class source only; method not matched in docs scan,method candidate; not reviewed,supported,starlette/routing.py:467; docs/routing.md:211-254; tests/test_routing.py:test_host_routing; tests/test_routing.py:test_host_reverse_urls; tests/test_routing.py:test_subdomain_routing,Pinned user documentation describes this API family and its observable behavior; cited upstream tests corroborate representative cases.
675,special-method,starlette.routing.Host.__repr__,def __repr__(self) -> str:,,starlette/routing.py,522,class source only; method not matched in docs scan,method candidate; not reviewed,uncertain,starlette/routing.py:522; docs/routing.md:211-254; tests/test_routing.py:test_host_routing; tests/test_routing.py:test_host_reverse_urls; tests/test_routing.py:test_subdomain_routing,"Upstream tests assert representation/equality details, but no pinned public guide or reference establishes those details as compatibility guarantees."
676,public-method,starlette.routing.Host.handle,"async def handle(self, scope: Scope, receive: Receive, send: Send) -> None:",,starlette/routing.py,516,class source only; method not matched in docs scan,method candidate; not reviewed,uncertain,starlette/routing.py:516; docs/routing.md:211-254; tests/test_routing.py:test_host_routing; tests/test_routing.py:test_host_reverse_urls; tests/test_routing.py:test_subdomain_routing,"Observable candidate has source and/or test evidence, but the pinned guides do not establish this low-level method, representation, or candidate type as a supported consumer contract."
677,public-method,starlette.routing.Host.matches,"def matches(self, scope: Scope) -> tuple[Match, Scope]:",,starlette/routing.py,478,class source only; method not matched in docs scan,method candidate; not reviewed,uncertain,starlette/routing.py:478; docs/routing.md:211-254; tests/test_routing.py:test_host_routing; tests/test_routing.py:test_host_reverse_urls; tests/test_routing.py:test_subdomain_routing,"Observable candidate has source and/or test evidence, but the pinned guides do not establish this low-level method, representation, or candidate type as a supported consumer contract."
678,public-method,starlette.routing.Host.routes,def routes(self) -> list[BaseRoute]:,,starlette/routing.py,475,class source only; method not matched in docs scan,method candidate; not reviewed,uncertain,starlette/routing.py:475; docs/routing.md:211-254; tests/test_routing.py:test_host_routing; tests/test_routing.py:test_host_reverse_urls; tests/test_routing.py:test_subdomain_routing,"Observable candidate has source and/or test evidence, but the pinned guides do not establish this low-level method, representation, or candidate type as a supported consumer contract."
679,public-method,starlette.routing.Host.url_path_for,"def url_path_for(self, name: str, /, **path_params: Any) -> URLPath:",,starlette/routing.py,493,class source only; method not matched in docs scan,method candidate; not reviewed,uncertain,starlette/routing.py:493; tests/test_routing.py:test_host_reverse_urls; tests/test_routing.py:test_subdomain_reverse_urls,"This member supports a documented class-level feature, but the pinned guides do not establish this exact direct method as part of the consumer API."
680,source-reexport-candidate,starlette.routing.Lifespan,from starlette.types import Lifespan,,starlette/routing.py,26,source import only,candidate only; importability is not public-status evidence,private/internal,starlette/routing.py:26,This is source-only routing/delegation machinery or an import used for annotations/internal calls; no pinned public guide or deliberate compatibility export establishes this module path as public.
681,class,starlette.routing.Match,class Match(Enum):,inherited or object default; verify,starlette/routing.py,41,module source only; symbol not matched in docs scan,public-name candidate; not reviewed,private/internal,starlette/routing.py:41,This is source-only routing/delegation machinery or an import used for annotations/internal calls; no pinned public guide or deliberate compatibility export establishes this module path as public.
682,source-reexport-candidate,starlette.routing.Middleware,from starlette.middleware import Middleware,,starlette/routing.py,22,source import only,candidate only; importability is not public-status evidence,private/internal,starlette/routing.py:22,This is source-only routing/delegation machinery or an import used for annotations/internal calls; no pinned public guide or deliberate compatibility export establishes this module path as public.
683,class,starlette.routing.Mount,class Mount(BaseRoute):,"def __init__(self, path: str, app: ASGIApp | None=None, routes: Sequence[BaseRoute] | None=None, name: str | None=None, *, middleware: Sequence[Middleware] | None=None, max_body_size: int | None=None) -> None:",starlette/routing.py,363,explicitly referenced in docs,documented symbol; review defaults and behavior,supported,starlette/routing.py:363; docs/routing.md:104-147; docs/routing.md:176-209; tests/test_routing.py:test_mount_urls; tests/test_routing.py:test_reverse_mount_urls; tests/test_routing.py:test_add_route_to_app_after_mount,Pinned user documentation describes this API family and its observable behavior; cited upstream tests corroborate representative cases.
684,documented-import,starlette.routing.Mount,,,docs/applications.md,19,explicit Python import in upstream docs,confirmed documented import path,supported,docs/applications.md:19; starlette/routing.py,An explicit pinned documentation API directive or Python import establishes this consumer-facing symbol/path.
685,documented-import,starlette.routing.Mount,,,docs/middleware.md,796,explicit Python import in upstream docs,confirmed documented import path,supported,docs/middleware.md:796;starlette/routing.py:363,The pinned middleware guide explicitly imports this starlette.* path; the canonical source declaration confirms the documented spelling and current contract.
686,documented-import,starlette.routing.Mount,,,docs/server-push.md,17,explicit Python import in upstream docs,confirmed documented import path,supported,docs/server-push.md:17;starlette/routing.py,The pinned guide explicitly imports this starlette.* path in its example; that establishes the spelling as documented consumer API.
687,documented-import,starlette.routing.Mount,,,docs/staticfiles.md,19,explicit Python import in upstream docs,confirmed documented import path,supported,docs/staticfiles.md:19,The pinned user guide explicitly imports this starlette.* path in a usage example; that documentation establishes the consumer-facing spelling.
688,documented-import,starlette.routing.Mount,,,docs/templates.md,18,explicit Python import in upstream docs,confirmed documented import path,supported,docs/templates.md:18,The pinned user guide explicitly imports this starlette.* path in a usage example; that documentation establishes the consumer-facing spelling.
689,special-method,starlette.routing.Mount.__eq__,"def __eq__(self, other: Any) -> bool:",,starlette/routing.py,457,class source only; method not matched in docs scan,method candidate; not reviewed,uncertain,starlette/routing.py:457; docs/routing.md:104-147; docs/routing.md:176-209; tests/test_routing.py:test_mount_urls; tests/test_routing.py:test_reverse_mount_urls; tests/test_routing.py:test_add_route_to_app_after_mount,"Upstream tests assert representation/equality details, but no pinned public guide or reference establishes those details as compatibility guarantees."
690,constructor,starlette.routing.Mount.__init__,"def __init__(self, path: str, app: ASGIApp | None=None, routes: Sequence[BaseRoute] | None=None, name: str | None=None, *, middleware: Sequence[Middleware] | None=None, max_body_size: int | None=None) -> None:",,starlette/routing.py,364,class source only; method not matched in docs scan,method candidate; not reviewed,supported,starlette/routing.py:364; docs/routing.md:104-147; docs/routing.md:176-209; tests/test_routing.py:test_mount_urls; tests/test_routing.py:test_reverse_mount_urls; tests/test_routing.py:test_add_route_to_app_after_mount,Pinned user documentation describes this API family and its observable behavior; cited upstream tests corroborate representative cases.
691,special-method,starlette.routing.Mount.__repr__,def __repr__(self) -> str:,,starlette/routing.py,460,class source only; method not matched in docs scan,method candidate; not reviewed,uncertain,starlette/routing.py:460; docs/routing.md:104-147; docs/routing.md:176-209; tests/test_routing.py:test_mount_urls; tests/test_routing.py:test_reverse_mount_urls; tests/test_routing.py:test_add_route_to_app_after_mount,"Upstream tests assert representation/equality details, but no pinned public guide or reference establishes those details as compatibility guarantees."
692,public-method,starlette.routing.Mount.handle,"async def handle(self, scope: Scope, receive: Receive, send: Send) -> None:",,starlette/routing.py,454,class source only; method not matched in docs scan,method candidate; not reviewed,uncertain,starlette/routing.py:454; docs/routing.md:104-147; docs/routing.md:176-209; tests/test_routing.py:test_mount_urls; tests/test_routing.py:test_reverse_mount_urls; tests/test_routing.py:test_add_route_to_app_after_mount,"Observable candidate has source and/or test evidence, but the pinned guides do not establish this low-level method, representation, or candidate type as a supported consumer contract."
693,public-method,starlette.routing.Mount.matches,"def matches(self, scope: Scope) -> tuple[Match, Scope]:",,starlette/routing.py,394,class source only; method not matched in docs scan,method candidate; not reviewed,uncertain,starlette/routing.py:394; docs/routing.md:104-147; docs/routing.md:176-209; tests/test_routing.py:test_mount_urls; tests/test_routing.py:test_reverse_mount_urls; tests/test_routing.py:test_add_route_to_app_after_mount,"Observable candidate has source and/or test evidence, but the pinned guides do not establish this low-level method, representation, or candidate type as a supported consumer contract."
694,public-method,starlette.routing.Mount.routes,def routes(self) -> list[BaseRoute]:,,starlette/routing.py,391,class source only; method not matched in docs scan,method candidate; not reviewed,uncertain,starlette/routing.py:391; docs/routing.md:104-147; docs/routing.md:176-209; tests/test_routing.py:test_mount_urls; tests/test_routing.py:test_reverse_mount_urls; tests/test_routing.py:test_add_route_to_app_after_mount,"Observable candidate has source and/or test evidence, but the pinned guides do not establish this low-level method, representation, or candidate type as a supported consumer contract."
695,public-method,starlette.routing.Mount.url_path_for,"def url_path_for(self, name: str, /, **path_params: Any) -> URLPath:",,starlette/routing.py,427,class source only; method not matched in docs scan,method candidate; not reviewed,uncertain,starlette/routing.py:427; tests/test_routing.py:test_reverse_mount_urls; tests/test_routing.py:test_url_for_with_double_mount,"This member supports a documented class-level feature, but the pinned guides do not establish this exact direct method as part of the consumer API."
696,class,starlette.routing.NoMatchFound,class NoMatchFound(Exception):,"def __init__(self, name: str, path_params: dict[str, Any]) -> None:",starlette/routing.py,30,module source only; symbol not matched in docs scan,public-name candidate; not reviewed,uncertain,starlette/routing.py:30; tests/test_routing.py:test_url_path_for,"Reverse URL lookup is documented, but the exception type and its constructor are named only in source/tests; the exact error contract remains uncertain."
697,constructor,starlette.routing.NoMatchFound.__init__,"def __init__(self, name: str, path_params: dict[str, Any]) -> None:",,starlette/routing.py,36,class source only; method not matched in docs scan,method candidate; not reviewed,uncertain,starlette/routing.py:36; tests/test_routing.py:test_url_path_for,"Reverse URL lookup is documented, but the exception type and its constructor are named only in source/tests; the exact error contract remains uncertain."
698,assignment,starlette.routing.PARAM_REGEX,"re.compile(""{([a-zA-Z_][a-zA-Z0-9_]*)(:[a-zA-Z_][a-zA-Z0-9_]*)?}"")",,starlette/routing.py,108,module source only; name not matched in docs scan,public-name candidate; not reviewed,private/internal,starlette/routing.py:108,This is source-only routing/delegation machinery or an import used for annotations/internal calls; no pinned public guide or deliberate compatibility export establishes this module path as public.
699,source-reexport-candidate,starlette.routing.PlainTextResponse,from starlette.responses import PlainTextResponse,,starlette/routing.py,25,source import only,candidate only; importability is not public-status evidence,private/internal,starlette/routing.py:25,This is source-only routing/delegation machinery or an import used for annotations/internal calls; no pinned public guide or deliberate compatibility export establishes this module path as public.
700,source-reexport-candidate,starlette.routing.Receive,from starlette.types import Receive,,starlette/routing.py,26,source import only,candidate only; importability is not public-status evidence,private/internal,starlette/routing.py:26,This is source-only routing/delegation machinery or an import used for annotations/internal calls; no pinned public guide or deliberate compatibility export establishes this module path as public.
701,source-reexport-candidate,starlette.routing.RedirectResponse,from starlette.responses import RedirectResponse,,starlette/routing.py,25,source import only,candidate only; importability is not public-status evidence,private/internal,starlette/routing.py:25,This is source-only routing/delegation machinery or an import used for annotations/internal calls; no pinned public guide or deliberate compatibility export establishes this module path as public.
702,source-reexport-candidate,starlette.routing.Request,from starlette.requests import Request,,starlette/routing.py,24,source import only,candidate only; importability is not public-status evidence,private/internal,starlette/routing.py:24,This is source-only routing/delegation machinery or an import used for annotations/internal calls; no pinned public guide or deliberate compatibility export establishes this module path as public.
703,source-reexport-candidate,starlette.routing.RequestBodyLimitMiddleware,from starlette.middleware.body_limit import RequestBodyLimitMiddleware,,starlette/routing.py,23,source import only,candidate only; importability is not public-status evidence,private/internal,starlette/routing.py:23,This is source-only routing/delegation machinery or an import used for annotations/internal calls; no pinned public guide or deliberate compatibility export establishes this module path as public.
704,source-reexport-candidate,starlette.routing.Response,from starlette.responses import Response,,starlette/routing.py,25,source import only,candidate only; importability is not public-status evidence,private/internal,starlette/routing.py:25,This is source-only routing/delegation machinery or an import used for annotations/internal calls; no pinned public guide or deliberate compatibility export establishes this module path as public.
705,class,starlette.routing.Route,class Route(BaseRoute):,"def __init__(self, path: str, endpoint: Callable[..., Any], *, methods: Collection[str] | None=None, name: str | None=None, include_in_schema: bool=True, middleware: Sequence[Middleware] | None=None, max_body_size: int | None=None) -> None:",starlette/routing.py,197,explicitly referenced in docs,documented symbol; review defaults and behavior,supported,starlette/routing.py:197; docs/routing.md:1-103; docs/routing.md:149-209; docs/routing.md:256-294; docs/routing.md:327-364; tests/test_routing.py:test_router; tests/test_routing.py:test_standalone_route_matches; tests/test_routing.py:test_route_converters,Pinned user documentation describes this API family and its observable behavior; cited upstream tests corroborate representative cases.
706,documented-import,starlette.routing.Route,,,docs/applications.md,19,explicit Python import in upstream docs,confirmed documented import path,supported,docs/applications.md:19; starlette/routing.py,An explicit pinned documentation API directive or Python import establishes this consumer-facing symbol/path.
707,documented-import,starlette.routing.Route,,,docs/authentication.md,15,explicit Python import in upstream docs,confirmed documented import path,supported,docs/authentication.md:15,"The pinned guide contains this exact import statement, establishing the documented consumer import path for starlette.routing.Route."
708,documented-import,starlette.routing.Route,,,docs/background.md,16,explicit Python import in upstream docs,confirmed documented import path,supported,docs/background.md:16; starlette/routing.py,An explicit pinned documentation API directive or Python import establishes this consumer-facing symbol/path.
709,documented-import,starlette.routing.Route,,,docs/config.md,174,explicit Python import in upstream docs,confirmed documented import path,supported,docs/config.md:174,"The pinned guide contains this exact import statement, establishing the documented consumer import path for starlette.routing.Route."
710,documented-import,starlette.routing.Route,,,docs/endpoints.md,27,explicit Python import in upstream docs,confirmed documented import path,supported,docs/endpoints.md:27,The pinned user guide imports this symbol in a runnable public usage example; this documentation import establishes the path.
711,documented-import,starlette.routing.Route,,,docs/index.md,81,explicit Python import in upstream docs,confirmed documented import path,supported,docs/index.md:81;starlette/routing.py;tests/test_routing.py,The pinned introduction gives an explicit consumer import in a runnable application example; implementation and behavior evidence are in the canonical module and its upstream tests.
712,documented-import,starlette.routing.Route,,,docs/lifespan.md,48,explicit Python import in upstream docs,confirmed documented import path,supported,docs/lifespan.md:48; starlette/routing.py,An explicit pinned documentation API directive or Python import establishes this consumer-facing symbol/path.
713,documented-import,starlette.routing.Route,,,docs/middleware.md,796,explicit Python import in upstream docs,confirmed documented import path,supported,docs/middleware.md:796;starlette/routing.py:197,The pinned middleware guide explicitly imports this starlette.* path; the canonical source declaration confirms the documented spelling and current contract.
714,documented-import,starlette.routing.Route,,,docs/routing.md,9,explicit Python import in upstream docs,confirmed documented import path,supported,docs/routing.md:9,The pinned user guide imports this symbol in a runnable public usage example; this documentation import establishes the path.
715,documented-import,starlette.routing.Route,,,docs/schemas.md,14,explicit Python import in upstream docs,confirmed documented import path,supported,docs/schemas.md:14,The pinned user guide explicitly imports this starlette.* path in a usage example; that documentation establishes the consumer-facing spelling.
716,documented-import,starlette.routing.Route,,,docs/server-push.md,17,explicit Python import in upstream docs,confirmed documented import path,supported,docs/server-push.md:17;starlette/routing.py,The pinned guide explicitly imports this starlette.* path in its example; that establishes the spelling as documented consumer API.
717,documented-import,starlette.routing.Route,,,docs/templates.md,18,explicit Python import in upstream docs,confirmed documented import path,supported,docs/templates.md:18,The pinned user guide explicitly imports this starlette.* path in a usage example; that documentation establishes the consumer-facing spelling.
718,documented-import,starlette.routing.Route,,,docs/testclient.md,251,explicit Python import in upstream docs,confirmed documented import path,supported,docs/testclient.md:251,The pinned user guide explicitly imports this starlette.* path in a usage example; that documentation establishes the consumer-facing spelling.
719,special-method,starlette.routing.Route.__eq__,"def __eq__(self, other: Any) -> bool:",,starlette/routing.py,282,class source only; method not matched in docs scan,method candidate; not reviewed,uncertain,starlette/routing.py:282; docs/routing.md:1-103; docs/routing.md:149-209; docs/routing.md:256-294; docs/routing.md:327-364; tests/test_routing.py:test_router; tests/test_routing.py:test_standalone_route_matches; tests/test_routing.py:test_route_converters,"Upstream tests assert representation/equality details, but no pinned public guide or reference establishes those details as compatibility guarantees."
720,constructor,starlette.routing.Route.__init__,"def __init__(self, path: str, endpoint: Callable[..., Any], *, methods: Collection[str] | None=None, name: str | None=None, include_in_schema: bool=True, middleware: Sequence[Middleware] | None=None, max_body_size: int | None=None) -> None:",,starlette/routing.py,198,class source only; method not matched in docs scan,method candidate; not reviewed,supported,starlette/routing.py:198; docs/routing.md:1-103; docs/routing.md:149-209; docs/routing.md:256-294; docs/routing.md:327-364; tests/test_routing.py:test_router; tests/test_routing.py:test_standalone_route_matches; tests/test_routing.py:test_route_converters,Pinned user documentation describes this API family and its observable behavior; cited upstream tests corroborate representative cases.
721,special-method,starlette.routing.Route.__repr__,def __repr__(self) -> str:,,starlette/routing.py,290,class source only; method not matched in docs scan,method candidate; not reviewed,uncertain,starlette/routing.py:290; docs/routing.md:1-103; docs/routing.md:149-209; docs/routing.md:256-294; docs/routing.md:327-364; tests/test_routing.py:test_router; tests/test_routing.py:test_standalone_route_matches; tests/test_routing.py:test_route_converters,"Upstream tests assert representation/equality details, but no pinned public guide or reference establishes those details as compatibility guarantees."
722,public-method,starlette.routing.Route.handle,"async def handle(self, scope: Scope, receive: Receive, send: Send) -> None:",,starlette/routing.py,271,class source only; method not matched in docs scan,method candidate; not reviewed,uncertain,starlette/routing.py:271; docs/routing.md:1-103; docs/routing.md:149-209; docs/routing.md:256-294; docs/routing.md:327-364; tests/test_routing.py:test_router; tests/test_routing.py:test_standalone_route_matches; tests/test_routing.py:test_route_converters,"Observable candidate has source and/or test evidence, but the pinned guides do not establish this low-level method, representation, or candidate type as a supported consumer contract."
723,public-method,starlette.routing.Route.matches,"def matches(self, scope: Scope) -> tuple[Match, Scope]:",,starlette/routing.py,242,class source only; method not matched in docs scan,method candidate; not reviewed,uncertain,starlette/routing.py:242; docs/routing.md:1-103; docs/routing.md:149-209; docs/routing.md:256-294; docs/routing.md:327-364; tests/test_routing.py:test_router; tests/test_routing.py:test_standalone_route_matches; tests/test_routing.py:test_route_converters,"Observable candidate has source and/or test evidence, but the pinned guides do not establish this low-level method, representation, or candidate type as a supported consumer contract."
724,public-method,starlette.routing.Route.url_path_for,"def url_path_for(self, name: str, /, **path_params: Any) -> URLPath:",,starlette/routing.py,260,class source only; method not matched in docs scan,method candidate; not reviewed,uncertain,starlette/routing.py:260; tests/test_routing.py:test_url_path_for; tests/test_routing.py:test_reverse_mount_urls,"This member supports a documented class-level feature, but the pinned guides do not establish this exact direct method as part of the consumer API."
725,class,starlette.routing.Router,class Router:,"def __init__(self, routes: Sequence[BaseRoute] | None=None, redirect_slashes: bool=True, default: ASGIApp | None=None, lifespan: Lifespan[Any] | None=None, *, middleware: Sequence[Middleware] | None=None, max_body_size: int | None=None) -> None:",starlette/routing.py,573,explicitly referenced in docs,documented symbol; review defaults and behavior,supported,starlette/routing.py:573; docs/routing.md:1-103; docs/routing.md:149-209; docs/routing.md:256-294; docs/routing.md:327-364; tests/test_routing.py:test_router; tests/test_routing.py:test_lifespan_state_async_cm; tests/test_routing.py:test_url_path_for,Pinned user documentation describes this API family and its observable behavior; cited upstream tests corroborate representative cases.
726,documented-import,starlette.routing.Router,,,docs/middleware.md,849,explicit Python import in upstream docs,confirmed documented import path,supported,docs/middleware.md:849;starlette/routing.py:573,The pinned middleware guide explicitly imports this starlette.* path; the canonical source declaration confirms the documented spelling and current contract.
727,special-method,starlette.routing.Router.__call__,"async def __call__(self, scope: Scope, receive: Receive, send: Send) -> None:",,starlette/routing.py,666,class source only; method not matched in docs scan,method candidate; not reviewed,supported,starlette/routing.py:666; docs/routing.md:1-103; docs/routing.md:149-209; docs/routing.md:256-294; docs/routing.md:327-364; tests/test_routing.py:test_router; tests/test_routing.py:test_lifespan_state_async_cm; tests/test_routing.py:test_url_path_for,Pinned user documentation describes this API family and its observable behavior; cited upstream tests corroborate representative cases.
728,special-method,starlette.routing.Router.__eq__,"def __eq__(self, other: Any) -> bool:",,starlette/routing.py,722,class source only; method not matched in docs scan,method candidate; not reviewed,uncertain,starlette/routing.py:722; docs/routing.md:1-103; docs/routing.md:149-209; docs/routing.md:256-294; docs/routing.md:327-364; tests/test_routing.py:test_router; tests/test_routing.py:test_lifespan_state_async_cm; tests/test_routing.py:test_url_path_for,"Upstream tests assert representation/equality details, but no pinned public guide or reference establishes those details as compatibility guarantees."
729,constructor,starlette.routing.Router.__init__,"def __init__(self, routes: Sequence[BaseRoute] | None=None, redirect_slashes: bool=True, default: ASGIApp | None=None, lifespan: Lifespan[Any] | None=None, *, middleware: Sequence[Middleware] | None=None, max_body_size: int | None=None) -> None:",,starlette/routing.py,574,class source only; method not matched in docs scan,method candidate; not reviewed,supported,starlette/routing.py:574; docs/routing.md:1-103; docs/routing.md:149-209; docs/routing.md:256-294; docs/routing.md:327-364; tests/test_routing.py:test_router; tests/test_routing.py:test_lifespan_state_async_cm; tests/test_routing.py:test_url_path_for,Pinned user documentation describes this API family and its observable behavior; cited upstream tests corroborate representative cases.
730,public-method,starlette.routing.Router.add_route,"def add_route(self, path: str, endpoint: Callable[[Request], Awaitable[Response] | Response], methods: Collection[str] | None=None, name: str | None=None, include_in_schema: bool=True) -> None:",,starlette/routing.py,733,class source only; method not matched in docs scan,method candidate; not reviewed,uncertain,starlette/routing.py:733; docs/routing.md:1-103; docs/routing.md:149-209; docs/routing.md:256-294; docs/routing.md:327-364; tests/test_routing.py:test_router; tests/test_routing.py:test_lifespan_state_async_cm; tests/test_routing.py:test_url_path_for,"Observable candidate has source and/or test evidence, but the pinned guides do not establish this low-level method, representation, or candidate type as a supported consumer contract."
731,public-method,starlette.routing.Router.add_websocket_route,"def add_websocket_route(self, path: str, endpoint: Callable[[WebSocket], Awaitable[None]], name: str | None=None) -> None:",,starlette/routing.py,750,class source only; method not matched in docs scan,method candidate; not reviewed,uncertain,starlette/routing.py:750; docs/routing.md:1-103; docs/routing.md:149-209; docs/routing.md:256-294; docs/routing.md:327-364; tests/test_routing.py:test_router; tests/test_routing.py:test_lifespan_state_async_cm; tests/test_routing.py:test_url_path_for,"Observable candidate has source and/or test evidence, but the pinned guides do not establish this low-level method, representation, or candidate type as a supported consumer contract."
732,public-method,starlette.routing.Router.app,"async def app(self, scope: Scope, receive: Receive, send: Send) -> None:",,starlette/routing.py,672,class source only; method not matched in docs scan,method candidate; not reviewed,private/internal,starlette/routing.py:672,This is source-only routing/delegation machinery or an import used for annotations/internal calls; no pinned public guide or deliberate compatibility export establishes this module path as public.
733,public-method,starlette.routing.Router.host,"def host(self, host: str, app: ASGIApp, name: str | None=None) -> None:",,starlette/routing.py,729,class source only; method not matched in docs scan,method candidate; not reviewed,uncertain,starlette/routing.py:729; docs/routing.md:234-238; tests/test_routing.py:test_host_routing,"This member supports a documented class-level feature, but the pinned guides do not establish this exact direct method as part of the consumer API."
734,public-method,starlette.routing.Router.lifespan,"async def lifespan(self, scope: Scope, receive: Receive, send: Send) -> None:",,starlette/routing.py,639,class source only; method not matched in docs scan,method candidate; not reviewed,uncertain,starlette/routing.py:639; docs/lifespan.md:2-30; tests/test_routing.py:test_lifespan_state_async_cm; tests/test_routing.py:test_raise_on_startup; tests/test_routing.py:test_raise_on_shutdown,"This member supports a documented class-level feature, but the pinned guides do not establish this exact direct method as part of the consumer API."
735,public-method,starlette.routing.Router.mount,"def mount(self, path: str, app: ASGIApp, name: str | None=None) -> None:",,starlette/routing.py,725,class source only; method not matched in docs scan,method candidate; not reviewed,uncertain,starlette/routing.py:725; docs/routing.md:1-103; docs/routing.md:149-209; docs/routing.md:256-294; docs/routing.md:327-364; tests/test_routing.py:test_router; tests/test_routing.py:test_lifespan_state_async_cm; tests/test_routing.py:test_url_path_for,"Observable candidate has source and/or test evidence, but the pinned guides do not establish this low-level method, representation, or candidate type as a supported consumer contract."
736,public-method,starlette.routing.Router.not_found,"async def not_found(self, scope: Scope, receive: Receive, send: Send) -> None:",,starlette/routing.py,616,class source only; method not matched in docs scan,method candidate; not reviewed,private/internal,starlette/routing.py:616,This is source-only routing/delegation machinery or an import used for annotations/internal calls; no pinned public guide or deliberate compatibility export establishes this module path as public.
737,public-method,starlette.routing.Router.url_path_for,"def url_path_for(self, name: str, /, **path_params: Any) -> URLPath:",,starlette/routing.py,631,class source only; method not matched in docs scan,method candidate; not reviewed,supported,starlette/routing.py:631; docs/routing.md:1-103; docs/routing.md:149-209; docs/routing.md:256-294; docs/routing.md:327-364; tests/test_routing.py:test_router; tests/test_routing.py:test_lifespan_state_async_cm; tests/test_routing.py:test_url_path_for,Pinned user documentation describes this API family and its observable behavior; cited upstream tests corroborate representative cases.
738,source-reexport-candidate,starlette.routing.Scope,from starlette.types import Scope,,starlette/routing.py,26,source import only,candidate only; importability is not public-status evidence,private/internal,starlette/routing.py:26,This is source-only routing/delegation machinery or an import used for annotations/internal calls; no pinned public guide or deliberate compatibility export establishes this module path as public.
739,source-reexport-candidate,starlette.routing.Send,from starlette.types import Send,,starlette/routing.py,26,source import only,candidate only; importability is not public-status evidence,private/internal,starlette/routing.py:26,This is source-only routing/delegation machinery or an import used for annotations/internal calls; no pinned public guide or deliberate compatibility export establishes this module path as public.
740,source-reexport-candidate,starlette.routing.StarletteDeprecationWarning,from starlette.exceptions import StarletteDeprecationWarning,,starlette/routing.py,21,source import only,candidate only; importability is not public-status evidence,private/internal,starlette/routing.py:21,This is source-only routing/delegation machinery or an import used for annotations/internal calls; no pinned public guide or deliberate compatibility export establishes this module path as public.
741,source-reexport-candidate,starlette.routing.URL,from starlette.datastructures import URL,,starlette/routing.py,20,source import only,candidate only; importability is not public-status evidence,private/internal,starlette/routing.py:20,This is source-only routing/delegation machinery or an import used for annotations/internal calls; no pinned public guide or deliberate compatibility export establishes this module path as public.
742,source-reexport-candidate,starlette.routing.URLPath,from starlette.datastructures import URLPath,,starlette/routing.py,20,source import only,candidate only; importability is not public-status evidence,private/internal,starlette/routing.py:20,This is source-only routing/delegation machinery or an import used for annotations/internal calls; no pinned public guide or deliberate compatibility export establishes this module path as public.
743,source-reexport-candidate,starlette.routing.WebSocket,from starlette.websockets import WebSocket,,starlette/routing.py,27,source import only,candidate only; importability is not public-status evidence,private/internal,starlette/routing.py:27,This is source-only routing/delegation machinery or an import used for annotations/internal calls; no pinned public guide or deliberate compatibility export establishes this module path as public.
744,source-reexport-candidate,starlette.routing.WebSocketClose,from starlette.websockets import WebSocketClose,,starlette/routing.py,27,source import only,candidate only; importability is not public-status evidence,private/internal,starlette/routing.py:27,This is source-only routing/delegation machinery or an import used for annotations/internal calls; no pinned public guide or deliberate compatibility export establishes this module path as public.
745,class,starlette.routing.WebSocketRoute,class WebSocketRoute(BaseRoute):,"def __init__(self, path: str, endpoint: Callable[..., Any], *, name: str | None=None, middleware: Sequence[Middleware] | None=None) -> None:",starlette/routing.py,297,explicitly referenced in docs,documented symbol; review defaults and behavior,supported,starlette/routing.py:297; docs/routing.md:327-364; tests/test_routing.py:test_router_add_websocket_route; tests/test_routing.py:test_standalone_ws_route_matches,Pinned user documentation describes this API family and its observable behavior; cited upstream tests corroborate representative cases.
746,documented-import,starlette.routing.WebSocketRoute,,,docs/applications.md,19,explicit Python import in upstream docs,confirmed documented import path,supported,docs/applications.md:19; starlette/routing.py,An explicit pinned documentation API directive or Python import establishes this consumer-facing symbol/path.
747,documented-import,starlette.routing.WebSocketRoute,,,docs/endpoints.md,95,explicit Python import in upstream docs,confirmed documented import path,supported,docs/endpoints.md:95,The pinned user guide imports this symbol in a runnable public usage example; this documentation import establishes the path.
748,documented-import,starlette.routing.WebSocketRoute,,,docs/exceptions.md,132,explicit Python import in upstream docs,confirmed documented import path,supported,docs/exceptions.md:132,"The pinned guide contains this exact import statement, establishing the documented consumer import path for starlette.routing.WebSocketRoute."
749,documented-import,starlette.routing.WebSocketRoute,,,docs/routing.md,337,explicit Python import in upstream docs,confirmed documented import path,supported,docs/routing.md:337,The pinned user guide imports this symbol in a runnable public usage example; this documentation import establishes the path.
750,documented-import,starlette.routing.WebSocketRoute,,,docs/websockets.md,132,explicit Python import in upstream docs,confirmed documented import path,supported,docs/websockets.md:132,The pinned user guide imports this symbol in a runnable public usage example; this documentation import establishes the path.
751,special-method,starlette.routing.WebSocketRoute.__eq__,"def __eq__(self, other: Any) -> bool:",,starlette/routing.py,356,class source only; method not matched in docs scan,method candidate; not reviewed,uncertain,starlette/routing.py:356; docs/routing.md:327-364; tests/test_routing.py:test_router_add_websocket_route; tests/test_routing.py:test_standalone_ws_route_matches,"Upstream tests assert representation/equality details, but no pinned public guide or reference establishes those details as compatibility guarantees."
752,constructor,starlette.routing.WebSocketRoute.__init__,"def __init__(self, path: str, endpoint: Callable[..., Any], *, name: str | None=None, middleware: Sequence[Middleware] | None=None) -> None:",,starlette/routing.py,298,class source only; method not matched in docs scan,method candidate; not reviewed,supported,starlette/routing.py:298; docs/routing.md:327-364; tests/test_routing.py:test_router_add_websocket_route; tests/test_routing.py:test_standalone_ws_route_matches,Pinned user documentation describes this API family and its observable behavior; cited upstream tests corroborate representative cases.
753,special-method,starlette.routing.WebSocketRoute.__repr__,def __repr__(self) -> str:,,starlette/routing.py,359,class source only; method not matched in docs scan,method candidate; not reviewed,uncertain,starlette/routing.py:359; docs/routing.md:327-364; tests/test_routing.py:test_router_add_websocket_route; tests/test_routing.py:test_standalone_ws_route_matches,"Upstream tests assert representation/equality details, but no pinned public guide or reference establishes those details as compatibility guarantees."
754,public-method,starlette.routing.WebSocketRoute.handle,"async def handle(self, scope: Scope, receive: Receive, send: Send) -> None:",,starlette/routing.py,353,class source only; method not matched in docs scan,method candidate; not reviewed,uncertain,starlette/routing.py:353; docs/routing.md:327-364; tests/test_routing.py:test_router_add_websocket_route; tests/test_routing.py:test_standalone_ws_route_matches,"Observable candidate has source and/or test evidence, but the pinned guides do not establish this low-level method, representation, or candidate type as a supported consumer contract."
755,public-method,starlette.routing.WebSocketRoute.matches,"def matches(self, scope: Scope) -> tuple[Match, Scope]:",,starlette/routing.py,327,class source only; method not matched in docs scan,method candidate; not reviewed,uncertain,starlette/routing.py:327; docs/routing.md:327-364; tests/test_routing.py:test_router_add_websocket_route; tests/test_routing.py:test_standalone_ws_route_matches,"Observable candidate has source and/or test evidence, but the pinned guides do not establish this low-level method, representation, or candidate type as a supported consumer contract."
756,public-method,starlette.routing.WebSocketRoute.url_path_for,"def url_path_for(self, name: str, /, **path_params: Any) -> URLPath:",,starlette/routing.py,342,class source only; method not matched in docs scan,method candidate; not reviewed,uncertain,starlette/routing.py:342; tests/test_routing.py:test_url_path_for; tests/test_routing.py:test_reverse_mount_urls,"This member supports a documented class-level feature, but the pinned guides do not establish this exact direct method as part of the consumer API."
757,function,starlette.routing.compile_path,"def compile_path(path: str) -> tuple[Pattern[str], str, dict[str, Convertor[Any]]]:",,starlette/routing.py,111,module source only; symbol not matched in docs scan,public-name candidate; not reviewed,private/internal,starlette/routing.py:111,This is source-only routing/delegation machinery or an import used for annotations/internal calls; no pinned public guide or deliberate compatibility export establishes this module path as public.
758,function,starlette.routing.get_name,"def get_name(endpoint: Callable[..., Any]) -> str:",,starlette/routing.py,89,module source only; symbol not matched in docs scan,public-name candidate; not reviewed,private/internal,starlette/routing.py:89,This is source-only routing/delegation machinery or an import used for annotations/internal calls; no pinned public guide or deliberate compatibility export establishes this module path as public.
759,source-reexport-candidate,starlette.routing.get_route_path,from starlette._utils import get_route_path,,starlette/routing.py,17,source import only,candidate only; importability is not public-status evidence,private/internal,starlette/routing.py:17,This is source-only routing/delegation machinery or an import used for annotations/internal calls; no pinned public guide or deliberate compatibility export establishes this module path as public.
760,source-reexport-candidate,starlette.routing.is_async_callable,from starlette._utils import is_async_callable,,starlette/routing.py,17,source import only,candidate only; importability is not public-status evidence,private/internal,starlette/routing.py:17,This is source-only routing/delegation machinery or an import used for annotations/internal calls; no pinned public guide or deliberate compatibility export establishes this module path as public.
761,function,starlette.routing.replace_params,"def replace_params(path: str, param_convertors: dict[str, Convertor[Any]], path_params: dict[str, str]) -> tuple[str, dict[str, str]]:",,starlette/routing.py,93,module source only; symbol not matched in docs scan,public-name candidate; not reviewed,private/internal,starlette/routing.py:93,This is source-only routing/delegation machinery or an import used for annotations/internal calls; no pinned public guide or deliberate compatibility export establishes this module path as public.
762,function,starlette.routing.request_response,"def request_response(func: Callable[[Request], Awaitable[Response] | Response]) -> ASGIApp:",,starlette/routing.py,47,module source only; symbol not matched in docs scan,public-name candidate; not reviewed,private/internal,starlette/routing.py:47,This is source-only routing/delegation machinery or an import used for annotations/internal calls; no pinned public guide or deliberate compatibility export establishes this module path as public.
763,source-reexport-candidate,starlette.routing.run_in_threadpool,from starlette.concurrency import run_in_threadpool,,starlette/routing.py,18,source import only,candidate only; importability is not public-status evidence,private/internal,starlette/routing.py:18,This is source-only routing/delegation machinery or an import used for annotations/internal calls; no pinned public guide or deliberate compatibility export establishes this module path as public.
764,function,starlette.routing.websocket_session,"def websocket_session(func: Callable[[WebSocket], Awaitable[None]]) -> ASGIApp:",,starlette/routing.py,70,module source only; symbol not matched in docs scan,public-name candidate; not reviewed,private/internal,starlette/routing.py:70,This is source-only routing/delegation machinery or an import used for annotations/internal calls; no pinned public guide or deliberate compatibility export establishes this module path as public.
765,source-reexport-candidate,starlette.routing.wrap_app_handling_exceptions,from starlette._exception_handler import wrap_app_handling_exceptions,,starlette/routing.py,16,source import only,candidate only; importability is not public-status evidence,private/internal,starlette/routing.py:16,This is source-only routing/delegation machinery or an import used for annotations/internal calls; no pinned public guide or deliberate compatibility export establishes this module path as public.
766,source-reexport-candidate,starlette.schemas.BaseRoute,from starlette.routing import BaseRoute,,starlette/schemas.py,10,source import only,candidate only; importability is not public-status evidence,uncertain,starlette/schemas.py:10,The name is imported into this module but the assigned guides and root exports do not establish this module-qualified spelling as public; importability alone is insufficient evidence.
767,class,starlette.schemas.BaseSchemaGenerator,class BaseSchemaGenerator:,inherited or object default; verify,starlette/schemas.py,36,module source only; symbol not matched in docs scan,public-name candidate; not reviewed,uncertain,starlette/schemas.py:36;tests/test_schemas.py:133,"The source exposes this candidate, but the guide names SchemaGenerator rather than this base/helper member; tests corroborate behavior but do not establish a public status."
768,public-method,starlette.schemas.BaseSchemaGenerator.OpenAPIResponse,"def OpenAPIResponse(self, request: Request) -> Response:",,starlette/schemas.py,122,class source only; method not matched in docs scan,method candidate; not reviewed,supported,starlette/schemas.py:122;docs/schemas.md:10,The schema guide explicitly configures SchemaGenerator and invokes this operation; the pinned declaration confirms the documented method.
769,public-method,starlette.schemas.BaseSchemaGenerator.get_endpoints,"def get_endpoints(self, routes: list[BaseRoute]) -> list[EndpointInfo]:",,starlette/schemas.py,40,class source only; method not matched in docs scan,method candidate; not reviewed,uncertain,starlette/schemas.py:40;tests/test_schemas.py:133,"The source exposes this candidate, but the guide names SchemaGenerator rather than this base/helper member; tests corroborate behavior but do not establish a public status."
770,public-method,starlette.schemas.BaseSchemaGenerator.get_schema,"def get_schema(self, routes: list[BaseRoute]) -> dict[str, Any]:",,starlette/schemas.py,37,class source only; method not matched in docs scan,method candidate; not reviewed,uncertain,starlette/schemas.py:37;tests/test_schemas.py:133,"The source exposes this candidate, but the guide names SchemaGenerator rather than this base/helper member; tests corroborate behavior but do not establish a public status."
771,public-method,starlette.schemas.BaseSchemaGenerator.parse_docstring,"def parse_docstring(self, func_or_method: Callable[..., Any]) -> dict[str, Any]:",,starlette/schemas.py,98,class source only; method not matched in docs scan,method candidate; not reviewed,uncertain,starlette/schemas.py:98;tests/test_schemas.py:133,"The source exposes this candidate, but the guide names SchemaGenerator rather than this base/helper member; tests corroborate behavior but do not establish a public status."
772,class,starlette.schemas.EndpointInfo,class EndpointInfo(NamedTuple):,inherited or object default; verify,starlette/schemas.py,27,module source only; symbol not matched in docs scan,public-name candidate; not reviewed,private/internal,starlette/schemas.py:27;starlette/schemas.py:27,EndpointInfo is a schema-generator working record used to carry route metadata internally; it is absent from the public guide and root exports.
773,source-reexport-candidate,starlette.schemas.Host,from starlette.routing import Host,,starlette/schemas.py,10,source import only,candidate only; importability is not public-status evidence,uncertain,starlette/schemas.py:10,The name is imported into this module but the assigned guides and root exports do not establish this module-qualified spelling as public; importability alone is insufficient evidence.
774,source-reexport-candidate,starlette.schemas.Mount,from starlette.routing import Mount,,starlette/schemas.py,10,source import only,candidate only; importability is not public-status evidence,uncertain,starlette/schemas.py:10,The name is imported into this module but the assigned guides and root exports do not establish this module-qualified spelling as public; importability alone is insufficient evidence.
775,class,starlette.schemas.OpenAPIResponse,class OpenAPIResponse(Response):,inherited or object default; verify,starlette/schemas.py,18,module source only; symbol not matched in docs scan,public-name candidate; not reviewed,uncertain,starlette/schemas.py:18;tests/test_schemas.py:133,"The source exposes this candidate, but the guide names SchemaGenerator rather than this base/helper member; tests corroborate behavior but do not establish a public status."
776,public-method,starlette.schemas.OpenAPIResponse.render,"def render(self, content: Any) -> bytes:",,starlette/schemas.py,21,class source only; method not matched in docs scan,method candidate; not reviewed,uncertain,starlette/schemas.py:21;tests/test_schemas.py:133,"The source exposes this candidate, but the guide names SchemaGenerator rather than this base/helper member; tests corroborate behavior but do not establish a public status."
777,source-reexport-candidate,starlette.schemas.Request,from starlette.requests import Request,,starlette/schemas.py,8,source import only,candidate only; importability is not public-status evidence,uncertain,starlette/schemas.py:8,The name is imported into this module but the assigned guides and root exports do not establish this module-qualified spelling as public; importability alone is insufficient evidence.
778,source-reexport-candidate,starlette.schemas.Response,from starlette.responses import Response,,starlette/schemas.py,9,source import only,candidate only; importability is not public-status evidence,uncertain,starlette/schemas.py:9,The name is imported into this module but the assigned guides and root exports do not establish this module-qualified spelling as public; importability alone is insufficient evidence.
779,source-reexport-candidate,starlette.schemas.Route,from starlette.routing import Route,,starlette/schemas.py,10,source import only,candidate only; importability is not public-status evidence,uncertain,starlette/schemas.py:10,The name is imported into this module but the assigned guides and root exports do not establish this module-qualified spelling as public; importability alone is insufficient evidence.
780,class,starlette.schemas.SchemaGenerator,class SchemaGenerator(BaseSchemaGenerator):,"def __init__(self, base_schema: dict[str, Any]) -> None:",starlette/schemas.py,128,explicitly referenced in docs,documented symbol; review defaults and behavior,supported,starlette/schemas.py:128;docs/schemas.md:10,The schema guide explicitly configures SchemaGenerator and invokes this operation; the pinned declaration confirms the documented method.
781,documented-import,starlette.schemas.SchemaGenerator,,,docs/schemas.md,15,explicit Python import in upstream docs,confirmed documented import path,supported,docs/schemas.md:15,The pinned user guide explicitly imports this starlette.* path in a usage example; that documentation establishes the consumer-facing spelling.
782,constructor,starlette.schemas.SchemaGenerator.__init__,"def __init__(self, base_schema: dict[str, Any]) -> None:",,starlette/schemas.py,129,class source only; method not matched in docs scan,method candidate; not reviewed,supported,starlette/schemas.py:129;docs/schemas.md:10,The schema guide explicitly configures SchemaGenerator and invokes this operation; the pinned declaration confirms the documented method.
783,public-method,starlette.schemas.SchemaGenerator.get_schema,"def get_schema(self, routes: list[BaseRoute]) -> dict[str, Any]:",,starlette/schemas.py,132,class source only; method not matched in docs scan,method candidate; not reviewed,supported,starlette/schemas.py:132;docs/schemas.md:10,The schema guide explicitly configures SchemaGenerator and invokes this operation; the pinned declaration confirms the documented method.
784,source-reexport-candidate,starlette.staticfiles.FileResponse,from starlette.responses import FileResponse,,starlette/staticfiles.py,16,source import only,candidate only; importability is not public-status evidence,uncertain,starlette/staticfiles.py:16,The name is imported into this module but the assigned guides and root exports do not establish this module-qualified spelling as public; importability alone is insufficient evidence.
785,source-reexport-candidate,starlette.staticfiles.HTTPException,from starlette.exceptions import HTTPException,,starlette/staticfiles.py,15,source import only,candidate only; importability is not public-status evidence,uncertain,starlette/staticfiles.py:15,The name is imported into this module but the assigned guides and root exports do not establish this module-qualified spelling as public; importability alone is insufficient evidence.
786,source-reexport-candidate,starlette.staticfiles.Headers,from starlette.datastructures import Headers,,starlette/staticfiles.py,14,source import only,candidate only; importability is not public-status evidence,uncertain,starlette/staticfiles.py:14,The name is imported into this module but the assigned guides and root exports do not establish this module-qualified spelling as public; importability alone is insufficient evidence.
787,class,starlette.staticfiles.NotModifiedResponse,class NotModifiedResponse(Response):,"def __init__(self, headers: Headers):",starlette/staticfiles.py,22,module source only; symbol not matched in docs scan,public-name candidate; not reviewed,private/internal,starlette/staticfiles.py:22;starlette/staticfiles.py:22,This is an internal HTTP caching response helper or typing alias used within static-file serving; the public guide documents StaticFiles rather than this implementation detail.
788,constructor,starlette.staticfiles.NotModifiedResponse.__init__,"def __init__(self, headers: Headers):",,starlette/staticfiles.py,32,class source only; method not matched in docs scan,method candidate; not reviewed,private/internal,starlette/staticfiles.py:32;starlette/staticfiles.py:22,This is an internal HTTP caching response helper or typing alias used within static-file serving; the public guide documents StaticFiles rather than this implementation detail.
789,assignment,starlette.staticfiles.PathLike,"Union[str, ""os.PathLike[str]""]",,starlette/staticfiles.py,19,module source only; name not matched in docs scan,public-name candidate; not reviewed,private/internal,starlette/staticfiles.py:19;starlette/staticfiles.py:22,This is an internal HTTP caching response helper or typing alias used within static-file serving; the public guide documents StaticFiles rather than this implementation detail.
790,source-reexport-candidate,starlette.staticfiles.Receive,from starlette.types import Receive,,starlette/staticfiles.py,17,source import only,candidate only; importability is not public-status evidence,uncertain,starlette/staticfiles.py:17,The name is imported into this module but the assigned guides and root exports do not establish this module-qualified spelling as public; importability alone is insufficient evidence.
791,source-reexport-candidate,starlette.staticfiles.RedirectResponse,from starlette.responses import RedirectResponse,,starlette/staticfiles.py,16,source import only,candidate only; importability is not public-status evidence,uncertain,starlette/staticfiles.py:16,The name is imported into this module but the assigned guides and root exports do not establish this module-qualified spelling as public; importability alone is insufficient evidence.
792,source-reexport-candidate,starlette.staticfiles.Response,from starlette.responses import Response,,starlette/staticfiles.py,16,source import only,candidate only; importability is not public-status evidence,uncertain,starlette/staticfiles.py:16,The name is imported into this module but the assigned guides and root exports do not establish this module-qualified spelling as public; importability alone is insufficient evidence.
793,source-reexport-candidate,starlette.staticfiles.Scope,from starlette.types import Scope,,starlette/staticfiles.py,17,source import only,candidate only; importability is not public-status evidence,uncertain,starlette/staticfiles.py:17,The name is imported into this module but the assigned guides and root exports do not establish this module-qualified spelling as public; importability alone is insufficient evidence.
794,source-reexport-candidate,starlette.staticfiles.Send,from starlette.types import Send,,starlette/staticfiles.py,17,source import only,candidate only; importability is not public-status evidence,uncertain,starlette/staticfiles.py:17,The name is imported into this module but the assigned guides and root exports do not establish this module-qualified spelling as public; importability alone is insufficient evidence.
795,class,starlette.staticfiles.StaticFiles,class StaticFiles:,"def __init__(self, *, directory: PathLike | None=None, packages: list[str | tuple[str, str]] | None=None, html: bool=False, check_dir: bool=True, follow_symlink: bool=False) -> None:",starlette/staticfiles.py,39,explicitly referenced in docs,documented symbol; review defaults and behavior,supported,starlette/staticfiles.py:39;docs/staticfiles.md:5,The static-files guide documents StaticFiles configuration and ASGI mounting; the pinned declaration confirms this public entry point.
796,documented-import,starlette.staticfiles.StaticFiles,,,docs/applications.md,20,explicit Python import in upstream docs,confirmed documented import path,supported,docs/applications.md:20; starlette/staticfiles.py,An explicit pinned documentation API directive or Python import establishes this consumer-facing symbol/path.
797,documented-import,starlette.staticfiles.StaticFiles,,,docs/server-push.md,18,explicit Python import in upstream docs,confirmed documented import path,supported,docs/server-push.md:18;starlette/staticfiles.py,The pinned guide explicitly imports this starlette.* path in its example; that establishes the spelling as documented consumer API.
798,documented-import,starlette.staticfiles.StaticFiles,,,docs/staticfiles.md,20,explicit Python import in upstream docs,confirmed documented import path,supported,docs/staticfiles.md:20,The pinned user guide explicitly imports this starlette.* path in a usage example; that documentation establishes the consumer-facing spelling.
799,documented-import,starlette.staticfiles.StaticFiles,,,docs/templates.md,20,explicit Python import in upstream docs,confirmed documented import path,supported,docs/templates.md:20,The pinned user guide explicitly imports this starlette.* path in a usage example; that documentation establishes the consumer-facing spelling.
800,special-method,starlette.staticfiles.StaticFiles.__call__,"async def __call__(self, scope: Scope, receive: Receive, send: Send) -> None:",,starlette/staticfiles.py,87,class source only; method not matched in docs scan,method candidate; not reviewed,supported,starlette/staticfiles.py:87;docs/staticfiles.md:5,The static-files guide documents StaticFiles configuration and ASGI mounting; the pinned declaration confirms this public entry point.
801,constructor,starlette.staticfiles.StaticFiles.__init__,"def __init__(self, *, directory: PathLike | None=None, packages: list[str | tuple[str, str]] | None=None, html: bool=False, check_dir: bool=True, follow_symlink: bool=False) -> None:",,starlette/staticfiles.py,40,class source only; method not matched in docs scan,method candidate; not reviewed,supported,starlette/staticfiles.py:40;docs/staticfiles.md:5,The static-files guide documents StaticFiles configuration and ASGI mounting; the pinned declaration confirms this public entry point.
802,public-method,starlette.staticfiles.StaticFiles.check_config,async def check_config(self) -> None:,,starlette/staticfiles.py,189,class source only; method not matched in docs scan,method candidate; not reviewed,uncertain,starlette/staticfiles.py:189;tests/test_staticfiles.py:154,"The source exposes this helper on StaticFiles, but guides describe only configuration and mounted serving; direct test coverage does not establish a public subclass or import contract."
803,public-method,starlette.staticfiles.StaticFiles.file_response,"def file_response(self, full_path: PathLike, stat_result: os.stat_result, scope: Scope, status_code: int=200) -> Response:",,starlette/staticfiles.py,175,class source only; method not matched in docs scan,method candidate; not reviewed,uncertain,starlette/staticfiles.py:175;tests/test_staticfiles.py:154,"The source exposes this helper on StaticFiles, but guides describe only configuration and mounted serving; direct test coverage does not establish a public subclass or import contract."
804,public-method,starlette.staticfiles.StaticFiles.get_directories,"def get_directories(self, directory: PathLike | None=None, packages: list[str | tuple[str, str]] | None=None) -> list[PathLike]:",,starlette/staticfiles.py,58,class source only; method not matched in docs scan,method candidate; not reviewed,uncertain,starlette/staticfiles.py:58;tests/test_staticfiles.py:154,"The source exposes this helper on StaticFiles, but guides describe only configuration and mounted serving; direct test coverage does not establish a public subclass or import contract."
805,public-method,starlette.staticfiles.StaticFiles.get_path,"def get_path(self, scope: Scope) -> str:",,starlette/staticfiles.py,101,class source only; method not matched in docs scan,method candidate; not reviewed,uncertain,starlette/staticfiles.py:101;tests/test_staticfiles.py:154,"The source exposes this helper on StaticFiles, but guides describe only configuration and mounted serving; direct test coverage does not establish a public subclass or import contract."
806,public-method,starlette.staticfiles.StaticFiles.get_response,"async def get_response(self, path: str, scope: Scope) -> Response:",,starlette/staticfiles.py,109,class source only; method not matched in docs scan,method candidate; not reviewed,uncertain,starlette/staticfiles.py:109;tests/test_staticfiles.py:154,"The source exposes this helper on StaticFiles, but guides describe only configuration and mounted serving; direct test coverage does not establish a public subclass or import contract."
807,public-method,starlette.staticfiles.StaticFiles.is_not_modified,"def is_not_modified(self, response_headers: Headers, request_headers: Headers) -> bool:",,starlette/staticfiles.py,205,class source only; method not matched in docs scan,method candidate; not reviewed,uncertain,starlette/staticfiles.py:205;tests/test_staticfiles.py:154,"The source exposes this helper on StaticFiles, but guides describe only configuration and mounted serving; direct test coverage does not establish a public subclass or import contract."
808,public-method,starlette.staticfiles.StaticFiles.lookup_path,"def lookup_path(self, path: str) -> tuple[str, os.stat_result | None]:",,starlette/staticfiles.py,154,class source only; method not matched in docs scan,method candidate; not reviewed,uncertain,starlette/staticfiles.py:154;tests/test_staticfiles.py:154,"The source exposes this helper on StaticFiles, but guides describe only configuration and mounted serving; direct test coverage does not establish a public subclass or import contract."
809,source-reexport-candidate,starlette.staticfiles.URL,from starlette.datastructures import URL,,starlette/staticfiles.py,14,source import only,candidate only; importability is not public-status evidence,uncertain,starlette/staticfiles.py:14,The name is imported into this module but the assigned guides and root exports do not establish this module-qualified spelling as public; importability alone is insufficient evidence.
810,source-reexport-candidate,starlette.staticfiles.get_route_path,from starlette._utils import get_route_path,,starlette/staticfiles.py,13,source import only,candidate only; importability is not public-status evidence,uncertain,starlette/staticfiles.py:13,The name is imported into this module but the assigned guides and root exports do not establish this module-qualified spelling as public; importability alone is insufficient evidence.
811,assignment,starlette.status.HTTP_100_CONTINUE,100,,starlette/status.py,96,module source only; name not matched in docs scan,public-name candidate; not reviewed,supported,starlette/status.py:96;starlette/status.py:15-94,"The pinned module explicitly lists this HTTP or WebSocket status constant in __all__, making the named constant part of its exported contract."
812,assignment,starlette.status.HTTP_101_SWITCHING_PROTOCOLS,101,,starlette/status.py,97,module source only; name not matched in docs scan,public-name candidate; not reviewed,supported,starlette/status.py:97;starlette/status.py:15-94,"The pinned module explicitly lists this HTTP or WebSocket status constant in __all__, making the named constant part of its exported contract."
813,assignment,starlette.status.HTTP_102_PROCESSING,102,,starlette/status.py,98,module source only; name not matched in docs scan,public-name candidate; not reviewed,supported,starlette/status.py:98;starlette/status.py:15-94,"The pinned module explicitly lists this HTTP or WebSocket status constant in __all__, making the named constant part of its exported contract."
814,assignment,starlette.status.HTTP_103_EARLY_HINTS,103,,starlette/status.py,99,module source only; name not matched in docs scan,public-name candidate; not reviewed,supported,starlette/status.py:99;starlette/status.py:15-94,"The pinned module explicitly lists this HTTP or WebSocket status constant in __all__, making the named constant part of its exported contract."
815,assignment,starlette.status.HTTP_200_OK,200,,starlette/status.py,100,module source only; name not matched in docs scan,public-name candidate; not reviewed,supported,starlette/status.py:100;starlette/status.py:15-94,"The pinned module explicitly lists this HTTP or WebSocket status constant in __all__, making the named constant part of its exported contract."
816,assignment,starlette.status.HTTP_201_CREATED,201,,starlette/status.py,101,module source only; name not matched in docs scan,public-name candidate; not reviewed,supported,starlette/status.py:101;starlette/status.py:15-94,"The pinned module explicitly lists this HTTP or WebSocket status constant in __all__, making the named constant part of its exported contract."
817,assignment,starlette.status.HTTP_202_ACCEPTED,202,,starlette/status.py,102,module source only; name not matched in docs scan,public-name candidate; not reviewed,supported,starlette/status.py:102;starlette/status.py:15-94,"The pinned module explicitly lists this HTTP or WebSocket status constant in __all__, making the named constant part of its exported contract."
818,assignment,starlette.status.HTTP_203_NON_AUTHORITATIVE_INFORMATION,203,,starlette/status.py,103,module source only; name not matched in docs scan,public-name candidate; not reviewed,supported,starlette/status.py:103;starlette/status.py:15-94,"The pinned module explicitly lists this HTTP or WebSocket status constant in __all__, making the named constant part of its exported contract."
819,assignment,starlette.status.HTTP_204_NO_CONTENT,204,,starlette/status.py,104,module source only; name not matched in docs scan,public-name candidate; not reviewed,supported,starlette/status.py:104;starlette/status.py:15-94,"The pinned module explicitly lists this HTTP or WebSocket status constant in __all__, making the named constant part of its exported contract."
820,assignment,starlette.status.HTTP_205_RESET_CONTENT,205,,starlette/status.py,105,module source only; name not matched in docs scan,public-name candidate; not reviewed,supported,starlette/status.py:105;starlette/status.py:15-94,"The pinned module explicitly lists this HTTP or WebSocket status constant in __all__, making the named constant part of its exported contract."
821,assignment,starlette.status.HTTP_206_PARTIAL_CONTENT,206,,starlette/status.py,106,module source only; name not matched in docs scan,public-name candidate; not reviewed,supported,starlette/status.py:106;starlette/status.py:15-94,"The pinned module explicitly lists this HTTP or WebSocket status constant in __all__, making the named constant part of its exported contract."
822,assignment,starlette.status.HTTP_207_MULTI_STATUS,207,,starlette/status.py,107,module source only; name not matched in docs scan,public-name candidate; not reviewed,supported,starlette/status.py:107;starlette/status.py:15-94,"The pinned module explicitly lists this HTTP or WebSocket status constant in __all__, making the named constant part of its exported contract."
823,assignment,starlette.status.HTTP_208_ALREADY_REPORTED,208,,starlette/status.py,108,module source only; name not matched in docs scan,public-name candidate; not reviewed,supported,starlette/status.py:108;starlette/status.py:15-94,"The pinned module explicitly lists this HTTP or WebSocket status constant in __all__, making the named constant part of its exported contract."
824,assignment,starlette.status.HTTP_226_IM_USED,226,,starlette/status.py,109,module source only; name not matched in docs scan,public-name candidate; not reviewed,supported,starlette/status.py:109;starlette/status.py:15-94,"The pinned module explicitly lists this HTTP or WebSocket status constant in __all__, making the named constant part of its exported contract."
825,assignment,starlette.status.HTTP_300_MULTIPLE_CHOICES,300,,starlette/status.py,110,module source only; name not matched in docs scan,public-name candidate; not reviewed,supported,starlette/status.py:110;starlette/status.py:15-94,"The pinned module explicitly lists this HTTP or WebSocket status constant in __all__, making the named constant part of its exported contract."
826,assignment,starlette.status.HTTP_301_MOVED_PERMANENTLY,301,,starlette/status.py,111,module source only; name not matched in docs scan,public-name candidate; not reviewed,supported,starlette/status.py:111;starlette/status.py:15-94,"The pinned module explicitly lists this HTTP or WebSocket status constant in __all__, making the named constant part of its exported contract."
827,assignment,starlette.status.HTTP_302_FOUND,302,,starlette/status.py,112,module source only; name not matched in docs scan,public-name candidate; not reviewed,supported,starlette/status.py:112;starlette/status.py:15-94,"The pinned module explicitly lists this HTTP or WebSocket status constant in __all__, making the named constant part of its exported contract."
828,assignment,starlette.status.HTTP_303_SEE_OTHER,303,,starlette/status.py,113,module source only; name not matched in docs scan,public-name candidate; not reviewed,supported,starlette/status.py:113;starlette/status.py:15-94,"The pinned module explicitly lists this HTTP or WebSocket status constant in __all__, making the named constant part of its exported contract."
829,assignment,starlette.status.HTTP_304_NOT_MODIFIED,304,,starlette/status.py,114,module source only; name not matched in docs scan,public-name candidate; not reviewed,supported,starlette/status.py:114;starlette/status.py:15-94,"The pinned module explicitly lists this HTTP or WebSocket status constant in __all__, making the named constant part of its exported contract."
830,assignment,starlette.status.HTTP_305_USE_PROXY,305,,starlette/status.py,115,module source only; name not matched in docs scan,public-name candidate; not reviewed,supported,starlette/status.py:115;starlette/status.py:15-94,"The pinned module explicitly lists this HTTP or WebSocket status constant in __all__, making the named constant part of its exported contract."
831,assignment,starlette.status.HTTP_306_RESERVED,306,,starlette/status.py,116,module source only; name not matched in docs scan,public-name candidate; not reviewed,supported,starlette/status.py:116;starlette/status.py:15-94,"The pinned module explicitly lists this HTTP or WebSocket status constant in __all__, making the named constant part of its exported contract."
832,assignment,starlette.status.HTTP_307_TEMPORARY_REDIRECT,307,,starlette/status.py,117,module source only; name not matched in docs scan,public-name candidate; not reviewed,supported,starlette/status.py:117;starlette/status.py:15-94,"The pinned module explicitly lists this HTTP or WebSocket status constant in __all__, making the named constant part of its exported contract."
833,assignment,starlette.status.HTTP_308_PERMANENT_REDIRECT,308,,starlette/status.py,118,module source only; name not matched in docs scan,public-name candidate; not reviewed,supported,starlette/status.py:118;starlette/status.py:15-94,"The pinned module explicitly lists this HTTP or WebSocket status constant in __all__, making the named constant part of its exported contract."
834,assignment,starlette.status.HTTP_400_BAD_REQUEST,400,,starlette/status.py,119,module source only; name not matched in docs scan,public-name candidate; not reviewed,supported,starlette/status.py:119;starlette/status.py:15-94,"The pinned module explicitly lists this HTTP or WebSocket status constant in __all__, making the named constant part of its exported contract."
835,assignment,starlette.status.HTTP_401_UNAUTHORIZED,401,,starlette/status.py,120,module source only; name not matched in docs scan,public-name candidate; not reviewed,supported,starlette/status.py:120;starlette/status.py:15-94,"The pinned module explicitly lists this HTTP or WebSocket status constant in __all__, making the named constant part of its exported contract."
836,assignment,starlette.status.HTTP_402_PAYMENT_REQUIRED,402,,starlette/status.py,121,module source only; name not matched in docs scan,public-name candidate; not reviewed,supported,starlette/status.py:121;starlette/status.py:15-94,"The pinned module explicitly lists this HTTP or WebSocket status constant in __all__, making the named constant part of its exported contract."
837,assignment,starlette.status.HTTP_403_FORBIDDEN,403,,starlette/status.py,122,module source only; name not matched in docs scan,public-name candidate; not reviewed,supported,starlette/status.py:122;starlette/status.py:15-94,"The pinned module explicitly lists this HTTP or WebSocket status constant in __all__, making the named constant part of its exported contract."
838,assignment,starlette.status.HTTP_404_NOT_FOUND,404,,starlette/status.py,123,module source only; name not matched in docs scan,public-name candidate; not reviewed,supported,starlette/status.py:123;starlette/status.py:15-94,"The pinned module explicitly lists this HTTP or WebSocket status constant in __all__, making the named constant part of its exported contract."
839,assignment,starlette.status.HTTP_405_METHOD_NOT_ALLOWED,405,,starlette/status.py,124,module source only; name not matched in docs scan,public-name candidate; not reviewed,supported,starlette/status.py:124;starlette/status.py:15-94,"The pinned module explicitly lists this HTTP or WebSocket status constant in __all__, making the named constant part of its exported contract."
840,assignment,starlette.status.HTTP_406_NOT_ACCEPTABLE,406,,starlette/status.py,125,module source only; name not matched in docs scan,public-name candidate; not reviewed,supported,starlette/status.py:125;starlette/status.py:15-94,"The pinned module explicitly lists this HTTP or WebSocket status constant in __all__, making the named constant part of its exported contract."
841,assignment,starlette.status.HTTP_407_PROXY_AUTHENTICATION_REQUIRED,407,,starlette/status.py,126,module source only; name not matched in docs scan,public-name candidate; not reviewed,supported,starlette/status.py:126;starlette/status.py:15-94,"The pinned module explicitly lists this HTTP or WebSocket status constant in __all__, making the named constant part of its exported contract."
842,assignment,starlette.status.HTTP_408_REQUEST_TIMEOUT,408,,starlette/status.py,127,module source only; name not matched in docs scan,public-name candidate; not reviewed,supported,starlette/status.py:127;starlette/status.py:15-94,"The pinned module explicitly lists this HTTP or WebSocket status constant in __all__, making the named constant part of its exported contract."
843,assignment,starlette.status.HTTP_409_CONFLICT,409,,starlette/status.py,128,module source only; name not matched in docs scan,public-name candidate; not reviewed,supported,starlette/status.py:128;starlette/status.py:15-94,"The pinned module explicitly lists this HTTP or WebSocket status constant in __all__, making the named constant part of its exported contract."
844,assignment,starlette.status.HTTP_410_GONE,410,,starlette/status.py,129,module source only; name not matched in docs scan,public-name candidate; not reviewed,supported,starlette/status.py:129;starlette/status.py:15-94,"The pinned module explicitly lists this HTTP or WebSocket status constant in __all__, making the named constant part of its exported contract."
845,assignment,starlette.status.HTTP_411_LENGTH_REQUIRED,411,,starlette/status.py,130,module source only; name not matched in docs scan,public-name candidate; not reviewed,supported,starlette/status.py:130;starlette/status.py:15-94,"The pinned module explicitly lists this HTTP or WebSocket status constant in __all__, making the named constant part of its exported contract."
846,assignment,starlette.status.HTTP_412_PRECONDITION_FAILED,412,,starlette/status.py,131,module source only; name not matched in docs scan,public-name candidate; not reviewed,supported,starlette/status.py:131;starlette/status.py:15-94,"The pinned module explicitly lists this HTTP or WebSocket status constant in __all__, making the named constant part of its exported contract."
847,assignment,starlette.status.HTTP_413_CONTENT_TOO_LARGE,413,,starlette/status.py,132,module source only; name not matched in docs scan,public-name candidate; not reviewed,supported,starlette/status.py:132;starlette/status.py:15-94,"The pinned module explicitly lists this HTTP or WebSocket status constant in __all__, making the named constant part of its exported contract."
848,assignment,starlette.status.HTTP_414_URI_TOO_LONG,414,,starlette/status.py,133,module source only; name not matched in docs scan,public-name candidate; not reviewed,supported,starlette/status.py:133;starlette/status.py:15-94,"The pinned module explicitly lists this HTTP or WebSocket status constant in __all__, making the named constant part of its exported contract."
849,assignment,starlette.status.HTTP_415_UNSUPPORTED_MEDIA_TYPE,415,,starlette/status.py,134,module source only; name not matched in docs scan,public-name candidate; not reviewed,supported,starlette/status.py:134;starlette/status.py:15-94,"The pinned module explicitly lists this HTTP or WebSocket status constant in __all__, making the named constant part of its exported contract."
850,assignment,starlette.status.HTTP_416_RANGE_NOT_SATISFIABLE,416,,starlette/status.py,135,module source only; name not matched in docs scan,public-name candidate; not reviewed,supported,starlette/status.py:135;starlette/status.py:15-94,"The pinned module explicitly lists this HTTP or WebSocket status constant in __all__, making the named constant part of its exported contract."
851,assignment,starlette.status.HTTP_417_EXPECTATION_FAILED,417,,starlette/status.py,136,module source only; name not matched in docs scan,public-name candidate; not reviewed,supported,starlette/status.py:136;starlette/status.py:15-94,"The pinned module explicitly lists this HTTP or WebSocket status constant in __all__, making the named constant part of its exported contract."
852,assignment,starlette.status.HTTP_418_IM_A_TEAPOT,418,,starlette/status.py,137,module source only; name not matched in docs scan,public-name candidate; not reviewed,supported,starlette/status.py:137;starlette/status.py:15-94,"The pinned module explicitly lists this HTTP or WebSocket status constant in __all__, making the named constant part of its exported contract."
853,assignment,starlette.status.HTTP_421_MISDIRECTED_REQUEST,421,,starlette/status.py,138,module source only; name not matched in docs scan,public-name candidate; not reviewed,supported,starlette/status.py:138;starlette/status.py:15-94,"The pinned module explicitly lists this HTTP or WebSocket status constant in __all__, making the named constant part of its exported contract."
854,assignment,starlette.status.HTTP_422_UNPROCESSABLE_CONTENT,422,,starlette/status.py,139,module source only; name not matched in docs scan,public-name candidate; not reviewed,supported,starlette/status.py:139;starlette/status.py:15-94,"The pinned module explicitly lists this HTTP or WebSocket status constant in __all__, making the named constant part of its exported contract."
855,assignment,starlette.status.HTTP_423_LOCKED,423,,starlette/status.py,140,module source only; name not matched in docs scan,public-name candidate; not reviewed,supported,starlette/status.py:140;starlette/status.py:15-94,"The pinned module explicitly lists this HTTP or WebSocket status constant in __all__, making the named constant part of its exported contract."
856,assignment,starlette.status.HTTP_424_FAILED_DEPENDENCY,424,,starlette/status.py,141,module source only; name not matched in docs scan,public-name candidate; not reviewed,supported,starlette/status.py:141;starlette/status.py:15-94,"The pinned module explicitly lists this HTTP or WebSocket status constant in __all__, making the named constant part of its exported contract."
857,assignment,starlette.status.HTTP_425_TOO_EARLY,425,,starlette/status.py,142,module source only; name not matched in docs scan,public-name candidate; not reviewed,supported,starlette/status.py:142;starlette/status.py:15-94,"The pinned module explicitly lists this HTTP or WebSocket status constant in __all__, making the named constant part of its exported contract."
858,assignment,starlette.status.HTTP_426_UPGRADE_REQUIRED,426,,starlette/status.py,143,module source only; name not matched in docs scan,public-name candidate; not reviewed,supported,starlette/status.py:143;starlette/status.py:15-94,"The pinned module explicitly lists this HTTP or WebSocket status constant in __all__, making the named constant part of its exported contract."
859,assignment,starlette.status.HTTP_428_PRECONDITION_REQUIRED,428,,starlette/status.py,144,module source only; name not matched in docs scan,public-name candidate; not reviewed,supported,starlette/status.py:144;starlette/status.py:15-94,"The pinned module explicitly lists this HTTP or WebSocket status constant in __all__, making the named constant part of its exported contract."
860,assignment,starlette.status.HTTP_429_TOO_MANY_REQUESTS,429,,starlette/status.py,145,module source only; name not matched in docs scan,public-name candidate; not reviewed,supported,starlette/status.py:145;starlette/status.py:15-94,"The pinned module explicitly lists this HTTP or WebSocket status constant in __all__, making the named constant part of its exported contract."
861,assignment,starlette.status.HTTP_431_REQUEST_HEADER_FIELDS_TOO_LARGE,431,,starlette/status.py,146,module source only; name not matched in docs scan,public-name candidate; not reviewed,supported,starlette/status.py:146;starlette/status.py:15-94,"The pinned module explicitly lists this HTTP or WebSocket status constant in __all__, making the named constant part of its exported contract."
862,assignment,starlette.status.HTTP_451_UNAVAILABLE_FOR_LEGAL_REASONS,451,,starlette/status.py,147,module source only; name not matched in docs scan,public-name candidate; not reviewed,supported,starlette/status.py:147;starlette/status.py:15-94,"The pinned module explicitly lists this HTTP or WebSocket status constant in __all__, making the named constant part of its exported contract."
863,assignment,starlette.status.HTTP_500_INTERNAL_SERVER_ERROR,500,,starlette/status.py,148,module source only; name not matched in docs scan,public-name candidate; not reviewed,supported,starlette/status.py:148;starlette/status.py:15-94,"The pinned module explicitly lists this HTTP or WebSocket status constant in __all__, making the named constant part of its exported contract."
864,assignment,starlette.status.HTTP_501_NOT_IMPLEMENTED,501,,starlette/status.py,149,module source only; name not matched in docs scan,public-name candidate; not reviewed,supported,starlette/status.py:149;starlette/status.py:15-94,"The pinned module explicitly lists this HTTP or WebSocket status constant in __all__, making the named constant part of its exported contract."
865,assignment,starlette.status.HTTP_502_BAD_GATEWAY,502,,starlette/status.py,150,module source only; name not matched in docs scan,public-name candidate; not reviewed,supported,starlette/status.py:150;starlette/status.py:15-94,"The pinned module explicitly lists this HTTP or WebSocket status constant in __all__, making the named constant part of its exported contract."
866,assignment,starlette.status.HTTP_503_SERVICE_UNAVAILABLE,503,,starlette/status.py,151,module source only; name not matched in docs scan,public-name candidate; not reviewed,supported,starlette/status.py:151;starlette/status.py:15-94,"The pinned module explicitly lists this HTTP or WebSocket status constant in __all__, making the named constant part of its exported contract."
867,assignment,starlette.status.HTTP_504_GATEWAY_TIMEOUT,504,,starlette/status.py,152,module source only; name not matched in docs scan,public-name candidate; not reviewed,supported,starlette/status.py:152;starlette/status.py:15-94,"The pinned module explicitly lists this HTTP or WebSocket status constant in __all__, making the named constant part of its exported contract."
868,assignment,starlette.status.HTTP_505_HTTP_VERSION_NOT_SUPPORTED,505,,starlette/status.py,153,module source only; name not matched in docs scan,public-name candidate; not reviewed,supported,starlette/status.py:153;starlette/status.py:15-94,"The pinned module explicitly lists this HTTP or WebSocket status constant in __all__, making the named constant part of its exported contract."
869,assignment,starlette.status.HTTP_506_VARIANT_ALSO_NEGOTIATES,506,,starlette/status.py,154,module source only; name not matched in docs scan,public-name candidate; not reviewed,supported,starlette/status.py:154;starlette/status.py:15-94,"The pinned module explicitly lists this HTTP or WebSocket status constant in __all__, making the named constant part of its exported contract."
870,assignment,starlette.status.HTTP_507_INSUFFICIENT_STORAGE,507,,starlette/status.py,155,module source only; name not matched in docs scan,public-name candidate; not reviewed,supported,starlette/status.py:155;starlette/status.py:15-94,"The pinned module explicitly lists this HTTP or WebSocket status constant in __all__, making the named constant part of its exported contract."
871,assignment,starlette.status.HTTP_508_LOOP_DETECTED,508,,starlette/status.py,156,module source only; name not matched in docs scan,public-name candidate; not reviewed,supported,starlette/status.py:156;starlette/status.py:15-94,"The pinned module explicitly lists this HTTP or WebSocket status constant in __all__, making the named constant part of its exported contract."
872,assignment,starlette.status.HTTP_510_NOT_EXTENDED,510,,starlette/status.py,157,module source only; name not matched in docs scan,public-name candidate; not reviewed,supported,starlette/status.py:157;starlette/status.py:15-94,"The pinned module explicitly lists this HTTP or WebSocket status constant in __all__, making the named constant part of its exported contract."
873,assignment,starlette.status.HTTP_511_NETWORK_AUTHENTICATION_REQUIRED,511,,starlette/status.py,158,module source only; name not matched in docs scan,public-name candidate; not reviewed,supported,starlette/status.py:158;starlette/status.py:15-94,"The pinned module explicitly lists this HTTP or WebSocket status constant in __all__, making the named constant part of its exported contract."
874,source-reexport-candidate,starlette.status.StarletteDeprecationWarning,from starlette.exceptions import StarletteDeprecationWarning,,starlette/status.py,13,source import only,candidate only; importability is not public-status evidence,private/internal,starlette/status.py:13;starlette/status.py:15-94,This warning category is imported to implement deprecated status aliases but is excluded from the explicit module __all__; the binding is not a documented status API.
875,assignment,starlette.status.WS_1000_NORMAL_CLOSURE,1000,,starlette/status.py,166,module source only; name not matched in docs scan,public-name candidate; not reviewed,supported,starlette/status.py:166;starlette/status.py:15-94,"The pinned module explicitly lists this HTTP or WebSocket status constant in __all__, making the named constant part of its exported contract."
876,assignment,starlette.status.WS_1001_GOING_AWAY,1001,,starlette/status.py,167,module source only; name not matched in docs scan,public-name candidate; not reviewed,supported,starlette/status.py:167;starlette/status.py:15-94,"The pinned module explicitly lists this HTTP or WebSocket status constant in __all__, making the named constant part of its exported contract."
877,assignment,starlette.status.WS_1002_PROTOCOL_ERROR,1002,,starlette/status.py,168,module source only; name not matched in docs scan,public-name candidate; not reviewed,supported,starlette/status.py:168;starlette/status.py:15-94,"The pinned module explicitly lists this HTTP or WebSocket status constant in __all__, making the named constant part of its exported contract."
878,assignment,starlette.status.WS_1003_UNSUPPORTED_DATA,1003,,starlette/status.py,169,module source only; name not matched in docs scan,public-name candidate; not reviewed,supported,starlette/status.py:169;starlette/status.py:15-94,"The pinned module explicitly lists this HTTP or WebSocket status constant in __all__, making the named constant part of its exported contract."
879,assignment,starlette.status.WS_1005_NO_STATUS_RCVD,1005,,starlette/status.py,170,module source only; name not matched in docs scan,public-name candidate; not reviewed,supported,starlette/status.py:170;starlette/status.py:15-94,"The pinned module explicitly lists this HTTP or WebSocket status constant in __all__, making the named constant part of its exported contract."
880,assignment,starlette.status.WS_1006_ABNORMAL_CLOSURE,1006,,starlette/status.py,171,module source only; name not matched in docs scan,public-name candidate; not reviewed,supported,starlette/status.py:171;starlette/status.py:15-94,"The pinned module explicitly lists this HTTP or WebSocket status constant in __all__, making the named constant part of its exported contract."
881,assignment,starlette.status.WS_1007_INVALID_FRAME_PAYLOAD_DATA,1007,,starlette/status.py,172,module source only; name not matched in docs scan,public-name candidate; not reviewed,supported,starlette/status.py:172;starlette/status.py:15-94,"The pinned module explicitly lists this HTTP or WebSocket status constant in __all__, making the named constant part of its exported contract."
882,assignment,starlette.status.WS_1008_POLICY_VIOLATION,1008,,starlette/status.py,173,module source only; name not matched in docs scan,public-name candidate; not reviewed,supported,starlette/status.py:173;starlette/status.py:15-94,"The pinned module explicitly lists this HTTP or WebSocket status constant in __all__, making the named constant part of its exported contract."
883,assignment,starlette.status.WS_1009_MESSAGE_TOO_BIG,1009,,starlette/status.py,174,module source only; name not matched in docs scan,public-name candidate; not reviewed,supported,starlette/status.py:174;starlette/status.py:15-94,"The pinned module explicitly lists this HTTP or WebSocket status constant in __all__, making the named constant part of its exported contract."
884,assignment,starlette.status.WS_1010_MANDATORY_EXT,1010,,starlette/status.py,175,module source only; name not matched in docs scan,public-name candidate; not reviewed,supported,starlette/status.py:175;starlette/status.py:15-94,"The pinned module explicitly lists this HTTP or WebSocket status constant in __all__, making the named constant part of its exported contract."
885,assignment,starlette.status.WS_1011_INTERNAL_ERROR,1011,,starlette/status.py,176,module source only; name not matched in docs scan,public-name candidate; not reviewed,supported,starlette/status.py:176;starlette/status.py:15-94,"The pinned module explicitly lists this HTTP or WebSocket status constant in __all__, making the named constant part of its exported contract."
886,assignment,starlette.status.WS_1012_SERVICE_RESTART,1012,,starlette/status.py,177,module source only; name not matched in docs scan,public-name candidate; not reviewed,supported,starlette/status.py:177;starlette/status.py:15-94,"The pinned module explicitly lists this HTTP or WebSocket status constant in __all__, making the named constant part of its exported contract."
887,assignment,starlette.status.WS_1013_TRY_AGAIN_LATER,1013,,starlette/status.py,178,module source only; name not matched in docs scan,public-name candidate; not reviewed,supported,starlette/status.py:178;starlette/status.py:15-94,"The pinned module explicitly lists this HTTP or WebSocket status constant in __all__, making the named constant part of its exported contract."
888,assignment,starlette.status.WS_1014_BAD_GATEWAY,1014,,starlette/status.py,179,module source only; name not matched in docs scan,public-name candidate; not reviewed,supported,starlette/status.py:179;starlette/status.py:15-94,"The pinned module explicitly lists this HTTP or WebSocket status constant in __all__, making the named constant part of its exported contract."
889,assignment,starlette.status.WS_1015_TLS_HANDSHAKE,1015,,starlette/status.py,180,module source only; name not matched in docs scan,public-name candidate; not reviewed,supported,starlette/status.py:180;starlette/status.py:15-94,"The pinned module explicitly lists this HTTP or WebSocket status constant in __all__, making the named constant part of its exported contract."
890,source-reexport-candidate,starlette.templating.BackgroundTask,from starlette.background import BackgroundTask,,starlette/templating.py,7,source import only,candidate only; importability is not public-status evidence,uncertain,starlette/templating.py:7,The name is imported into this module but the assigned guides and root exports do not establish this module-qualified spelling as public; importability alone is insufficient evidence.
891,source-reexport-candidate,starlette.templating.HTMLResponse,from starlette.responses import HTMLResponse,,starlette/templating.py,10,source import only,candidate only; importability is not public-status evidence,uncertain,starlette/templating.py:10,The name is imported into this module but the assigned guides and root exports do not establish this module-qualified spelling as public; importability alone is insufficient evidence.
892,api-directive,starlette.templating.Jinja2Templates,,,docs/templates.md,5,mkdocstrings API expansion directive,confirmed documented API reference,supported,docs/templates.md:5,The pinned user guide explicitly imports this starlette.* path in a usage example; that documentation establishes the consumer-facing spelling.
893,class,starlette.templating.Jinja2Templates,class Jinja2Templates:,"def __init__(self, directory: str | PathLike[str] | Sequence[str | PathLike[str]], *, context_processors: list[Callable[[Request], dict[str, Any]]] | None=None) -> None:",starlette/templating.py,54,explicitly referenced in docs,documented symbol; review defaults and behavior,supported,starlette/templating.py:54;docs/templates.md:5,The templates guide documents Jinja2Templates and demonstrates this constructor or response method; the pinned declaration confirms its current signature.
894,documented-import,starlette.templating.Jinja2Templates,,,docs/templates.md,19,explicit Python import in upstream docs,confirmed documented import path,supported,docs/templates.md:19,The pinned user guide explicitly imports this starlette.* path in a usage example; that documentation establishes the consumer-facing spelling.
895,public-method,starlette.templating.Jinja2Templates.TemplateResponse,"def TemplateResponse(self, request: Request, name: str, context: dict[str, Any] | None=None, status_code: int=200, headers: Mapping[str, str] | None=None, media_type: str | None=None, background: BackgroundTask | None=None) -> _TemplateResponse:",,starlette/templating.py,117,class source only; method not matched in docs scan,method candidate; not reviewed,supported,starlette/templating.py:117;docs/templates.md:5,The templates guide documents Jinja2Templates and demonstrates this constructor or response method; the pinned declaration confirms its current signature.
896,constructor,starlette.templating.Jinja2Templates.__init__,"def __init__(self, directory: str | PathLike[str] | Sequence[str | PathLike[str]], *, context_processors: list[Callable[[Request], dict[str, Any]]] | None=None) -> None:",,starlette/templating.py,69,class source only; method not matched in docs scan,method candidate; not reviewed,supported,starlette/templating.py:69;docs/templates.md:5,The templates guide documents Jinja2Templates and demonstrates this constructor or response method; the pinned declaration confirms its current signature.
897,constructor,starlette.templating.Jinja2Templates.__init__,"def __init__(self, *, env: jinja2.Environment, context_processors: list[Callable[[Request], dict[str, Any]]] | None=None) -> None:",,starlette/templating.py,77,class source only; method not matched in docs scan,method candidate; not reviewed,supported,starlette/templating.py:77;docs/templates.md:5,The templates guide documents Jinja2Templates and demonstrates this constructor or response method; the pinned declaration confirms its current signature.
898,constructor,starlette.templating.Jinja2Templates.__init__,"def __init__(self, directory: str | PathLike[str] | Sequence[str | PathLike[str]] | None=None, *, context_processors: list[Callable[[Request], dict[str, Any]]] | None=None, env: jinja2.Environment | None=None) -> None:",,starlette/templating.py,84,class source only; method not matched in docs scan,method candidate; not reviewed,supported,starlette/templating.py:84;docs/templates.md:5,The templates guide documents Jinja2Templates and demonstrates this constructor or response method; the pinned declaration confirms its current signature.
899,public-method,starlette.templating.Jinja2Templates.get_template,"def get_template(self, name: str) -> jinja2.Template:",,starlette/templating.py,114,class source only; method not matched in docs scan,method candidate; not reviewed,uncertain,starlette/templating.py:114;tests/test_templates.py:148,"The source exposes this candidate but guides establish Jinja2Templates and TemplateResponse, not this additional helper or imported alias; keep its public status unresolved."
900,source-reexport-candidate,starlette.templating.Receive,from starlette.types import Receive,,starlette/templating.py,11,source import only,candidate only; importability is not public-status evidence,uncertain,starlette/templating.py:11,The name is imported into this module but the assigned guides and root exports do not establish this module-qualified spelling as public; importability alone is insufficient evidence.
901,source-reexport-candidate,starlette.templating.Request,from starlette.requests import Request,,starlette/templating.py,9,source import only,candidate only; importability is not public-status evidence,uncertain,starlette/templating.py:9,The name is imported into this module but the assigned guides and root exports do not establish this module-qualified spelling as public; importability alone is insufficient evidence.
902,source-reexport-candidate,starlette.templating.Scope,from starlette.types import Scope,,starlette/templating.py,11,source import only,candidate only; importability is not public-status evidence,uncertain,starlette/templating.py:11,The name is imported into this module but the assigned guides and root exports do not establish this module-qualified spelling as public; importability alone is insufficient evidence.
903,source-reexport-candidate,starlette.templating.Send,from starlette.types import Send,,starlette/templating.py,11,source import only,candidate only; importability is not public-status evidence,uncertain,starlette/templating.py:11,The name is imported into this module but the assigned guides and root exports do not establish this module-qualified spelling as public; importability alone is insufficient evidence.
904,source-reexport-candidate,starlette.templating.URL,from starlette.datastructures import URL,,starlette/templating.py,8,source import only,candidate only; importability is not public-status evidence,uncertain,starlette/templating.py:8,The name is imported into this module but the assigned guides and root exports do not establish this module-qualified spelling as public; importability alone is insufficient evidence.
905,assignment,starlette.testclient.ASGI2App,"Callable[[Scope], ASGIInstance]",,starlette/testclient.py,56,module source only; name not matched in docs scan,public-name candidate; not reviewed,private/internal,starlette/testclient.py:56,"This is an internal adapter, denial wrapper, or session constructor used to implement the documented TestClient interface; it has no independent documented export."
906,assignment,starlette.testclient.ASGI3App,"Callable[[Scope, Receive, Send], Awaitable[None]]",,starlette/testclient.py,57,module source only; name not matched in docs scan,public-name candidate; not reviewed,private/internal,starlette/testclient.py:57,"This is an internal adapter, denial wrapper, or session constructor used to implement the documented TestClient interface; it has no independent documented export."
907,source-reexport-candidate,starlette.testclient.ASGIApp,from starlette.types import ASGIApp,,starlette/testclient.py,24,source import only,candidate only; importability is not public-status evidence,uncertain,starlette/testclient.py:24,The name is imported into this module but the assigned guides and root exports do not establish this module-qualified spelling as public; importability alone is insufficient evidence.
908,assignment,starlette.testclient.ASGIInstance,"Callable[[Receive, Send], Awaitable[None]]",,starlette/testclient.py,55,module source only; name not matched in docs scan,public-name candidate; not reviewed,private/internal,starlette/testclient.py:55,"This is an internal adapter, denial wrapper, or session constructor used to implement the documented TestClient interface; it has no independent documented export."
909,source-reexport-candidate,starlette.testclient.Message,from starlette.types import Message,,starlette/testclient.py,24,source import only,candidate only; importability is not public-status evidence,uncertain,starlette/testclient.py:24,The name is imported into this module but the assigned guides and root exports do not establish this module-qualified spelling as public; importability alone is insufficient evidence.
910,source-reexport-candidate,starlette.testclient.Receive,from starlette.types import Receive,,starlette/testclient.py,24,source import only,candidate only; importability is not public-status evidence,uncertain,starlette/testclient.py:24,The name is imported into this module but the assigned guides and root exports do not establish this module-qualified spelling as public; importability alone is insufficient evidence.
911,source-reexport-candidate,starlette.testclient.Scope,from starlette.types import Scope,,starlette/testclient.py,24,source import only,candidate only; importability is not public-status evidence,uncertain,starlette/testclient.py:24,The name is imported into this module but the assigned guides and root exports do not establish this module-qualified spelling as public; importability alone is insufficient evidence.
912,source-reexport-candidate,starlette.testclient.Send,from starlette.types import Send,,starlette/testclient.py,24,source import only,candidate only; importability is not public-status evidence,uncertain,starlette/testclient.py:24,The name is imported into this module but the assigned guides and root exports do not establish this module-qualified spelling as public; importability alone is insufficient evidence.
913,source-reexport-candidate,starlette.testclient.StarletteDeprecationWarning,from starlette.exceptions import StarletteDeprecationWarning,,starlette/testclient.py,23,source import only,candidate only; importability is not public-status evidence,uncertain,starlette/testclient.py:23,The name is imported into this module but the assigned guides and root exports do not establish this module-qualified spelling as public; importability alone is insufficient evidence.
914,api-directive,starlette.testclient.TestClient,,,docs/testclient.md,3,mkdocstrings API expansion directive,confirmed documented API reference,supported,docs/testclient.md:3,The pinned user guide explicitly imports this starlette.* path in a usage example; that documentation establishes the consumer-facing spelling.
915,class,starlette.testclient.TestClient,class TestClient(httpx.Client):,"def __init__(self, app: ASGIApp, base_url: str='http://testserver', raise_server_exceptions: bool=True, root_path: str='', backend: Literal['asyncio', 'trio']='asyncio', backend_options: dict[str, Any] | None=None, cookies: httpx._types.CookieTypes | None=None, headers: dict[str, str] | None=None, follow_redirects: bool=True, client: tuple[str, int]=('testclient', 50000)) -> None:",starlette/testclient.py,377,explicitly referenced in docs,documented symbol; review defaults and behavior,supported,starlette/testclient.py:377;docs/testclient.md:3,The TestClient API reference and guide define this documented consumer API; the pinned implementation supplies the matching member.
916,documented-import,starlette.testclient.TestClient,,,docs/config.md,202,explicit Python import in upstream docs,confirmed documented import path,supported,docs/config.md:202,"The pinned guide contains this exact import statement, establishing the documented consumer import path for starlette.testclient.TestClient."
917,documented-import,starlette.testclient.TestClient,,,docs/lifespan.md,148,explicit Python import in upstream docs,confirmed documented import path,supported,docs/lifespan.md:148; starlette/testclient.py,An explicit pinned documentation API directive or Python import establishes this consumer-facing symbol/path.
918,documented-import,starlette.testclient.TestClient,,,docs/templates.md,129,explicit Python import in upstream docs,confirmed documented import path,supported,docs/templates.md:129,The pinned user guide explicitly imports this starlette.* path in a usage example; that documentation establishes the consumer-facing spelling.
919,documented-import,starlette.testclient.TestClient,,,docs/testclient.md,21,explicit Python import in upstream docs,confirmed documented import path,supported,docs/testclient.md:21,The pinned user guide explicitly imports this starlette.* path in a usage example; that documentation establishes the consumer-facing spelling.
920,special-method,starlette.testclient.TestClient.__enter__,def __enter__(self) -> Self:,,starlette/testclient.py,679,class source only; method not matched in docs scan,method candidate; not reviewed,supported,starlette/testclient.py:679;docs/testclient.md:3,The TestClient API reference and guide define this documented consumer API; the pinned implementation supplies the matching member.
921,special-method,starlette.testclient.TestClient.__exit__,"def __exit__(self, *args: Any) -> None:",,starlette/testclient.py,708,class source only; method not matched in docs scan,method candidate; not reviewed,supported,starlette/testclient.py:708;docs/testclient.md:3,The TestClient API reference and guide define this documented consumer API; the pinned implementation supplies the matching member.
922,constructor,starlette.testclient.TestClient.__init__,"def __init__(self, app: ASGIApp, base_url: str='http://testserver', raise_server_exceptions: bool=True, root_path: str='', backend: Literal['asyncio', 'trio']='asyncio', backend_options: dict[str, Any] | None=None, cookies: httpx._types.CookieTypes | None=None, headers: dict[str, str] | None=None, follow_redirects: bool=True, client: tuple[str, int]=('testclient', 50000)) -> None:",,starlette/testclient.py,382,class source only; method not matched in docs scan,method candidate; not reviewed,supported,starlette/testclient.py:382;docs/testclient.md:3,The TestClient API reference and guide define this documented consumer API; the pinned implementation supplies the matching member.
923,public-method,starlette.testclient.TestClient.delete,"def delete(self, url: httpx._types.URLTypes, *, params: httpx._types.QueryParamTypes | None=None, headers: httpx._types.HeaderTypes | None=None, cookies: httpx._types.CookieTypes | None=None, auth: httpx._types.AuthTypes | httpx._client.UseClientDefault=httpx._client.USE_CLIENT_DEFAULT, follow_redirects: bool | httpx._client.UseClientDefault=httpx._client.USE_CLIENT_DEFAULT, timeout: httpx._types.TimeoutTypes | httpx._client.UseClientDefault=httpx._client.USE_CLIENT_DEFAULT, extensions: dict[str, Any] | None=None) -> httpx.Response:",,starlette/testclient.py,633,class source only; method not matched in docs scan,method candidate; not reviewed,supported,starlette/testclient.py:633;docs/testclient.md:3,The TestClient API reference and guide define this documented consumer API; the pinned implementation supplies the matching member.
924,public-method,starlette.testclient.TestClient.get,"def get(self, url: httpx._types.URLTypes, *, params: httpx._types.QueryParamTypes | None=None, headers: httpx._types.HeaderTypes | None=None, cookies: httpx._types.CookieTypes | None=None, auth: httpx._types.AuthTypes | httpx._client.UseClientDefault=httpx._client.USE_CLIENT_DEFAULT, follow_redirects: bool | httpx._client.UseClientDefault=httpx._client.USE_CLIENT_DEFAULT, timeout: httpx._types.TimeoutTypes | httpx._client.UseClientDefault=httpx._client.USE_CLIENT_DEFAULT, extensions: dict[str, Any] | None=None) -> httpx.Response:",,starlette/testclient.py,471,class source only; method not matched in docs scan,method candidate; not reviewed,supported,starlette/testclient.py:471;docs/testclient.md:3,The TestClient API reference and guide define this documented consumer API; the pinned implementation supplies the matching member.
925,public-method,starlette.testclient.TestClient.head,"def head(self, url: httpx._types.URLTypes, *, params: httpx._types.QueryParamTypes | None=None, headers: httpx._types.HeaderTypes | None=None, cookies: httpx._types.CookieTypes | None=None, auth: httpx._types.AuthTypes | httpx._client.UseClientDefault=httpx._client.USE_CLIENT_DEFAULT, follow_redirects: bool | httpx._client.UseClientDefault=httpx._client.USE_CLIENT_DEFAULT, timeout: httpx._types.TimeoutTypes | httpx._client.UseClientDefault=httpx._client.USE_CLIENT_DEFAULT, extensions: dict[str, Any] | None=None) -> httpx.Response:",,starlette/testclient.py,517,class source only; method not matched in docs scan,method candidate; not reviewed,supported,starlette/testclient.py:517;docs/testclient.md:3,The TestClient API reference and guide define this documented consumer API; the pinned implementation supplies the matching member.
926,public-method,starlette.testclient.TestClient.lifespan,async def lifespan(self) -> None:,,starlette/testclient.py,711,class source only; method not matched in docs scan,method candidate; not reviewed,uncertain,starlette/testclient.py:711;tests/test_testclient.py:89,The source exposes this candidate but the guide documents the TestClient interface without naming this lifecycle helper; keep public status unresolved.
927,public-method,starlette.testclient.TestClient.options,"def options(self, url: httpx._types.URLTypes, *, params: httpx._types.QueryParamTypes | None=None, headers: httpx._types.HeaderTypes | None=None, cookies: httpx._types.CookieTypes | None=None, auth: httpx._types.AuthTypes | httpx._client.UseClientDefault=httpx._client.USE_CLIENT_DEFAULT, follow_redirects: bool | httpx._client.UseClientDefault=httpx._client.USE_CLIENT_DEFAULT, timeout: httpx._types.TimeoutTypes | httpx._client.UseClientDefault=httpx._client.USE_CLIENT_DEFAULT, extensions: dict[str, Any] | None=None) -> httpx.Response:",,starlette/testclient.py,494,class source only; method not matched in docs scan,method candidate; not reviewed,supported,starlette/testclient.py:494;docs/testclient.md:3,The TestClient API reference and guide define this documented consumer API; the pinned implementation supplies the matching member.
928,public-method,starlette.testclient.TestClient.patch,"def patch(self, url: httpx._types.URLTypes, *, content: httpx._types.RequestContent | None=None, data: _RequestData | None=None, files: httpx._types.RequestFiles | None=None, json: Any=None, params: httpx._types.QueryParamTypes | None=None, headers: httpx._types.HeaderTypes | None=None, cookies: httpx._types.CookieTypes | None=None, auth: httpx._types.AuthTypes | httpx._client.UseClientDefault=httpx._client.USE_CLIENT_DEFAULT, follow_redirects: bool | httpx._client.UseClientDefault=httpx._client.USE_CLIENT_DEFAULT, timeout: httpx._types.TimeoutTypes | httpx._client.UseClientDefault=httpx._client.USE_CLIENT_DEFAULT, extensions: dict[str, Any] | None=None) -> httpx.Response:",,starlette/testclient.py,602,class source only; method not matched in docs scan,method candidate; not reviewed,supported,starlette/testclient.py:602;docs/testclient.md:3,The TestClient API reference and guide define this documented consumer API; the pinned implementation supplies the matching member.
929,public-method,starlette.testclient.TestClient.post,"def post(self, url: httpx._types.URLTypes, *, content: httpx._types.RequestContent | None=None, data: _RequestData | None=None, files: httpx._types.RequestFiles | None=None, json: Any=None, params: httpx._types.QueryParamTypes | None=None, headers: httpx._types.HeaderTypes | None=None, cookies: httpx._types.CookieTypes | None=None, auth: httpx._types.AuthTypes | httpx._client.UseClientDefault=httpx._client.USE_CLIENT_DEFAULT, follow_redirects: bool | httpx._client.UseClientDefault=httpx._client.USE_CLIENT_DEFAULT, timeout: httpx._types.TimeoutTypes | httpx._client.UseClientDefault=httpx._client.USE_CLIENT_DEFAULT, extensions: dict[str, Any] | None=None) -> httpx.Response:",,starlette/testclient.py,540,class source only; method not matched in docs scan,method candidate; not reviewed,supported,starlette/testclient.py:540;docs/testclient.md:3,The TestClient API reference and guide define this documented consumer API; the pinned implementation supplies the matching member.
930,public-method,starlette.testclient.TestClient.put,"def put(self, url: httpx._types.URLTypes, *, content: httpx._types.RequestContent | None=None, data: _RequestData | None=None, files: httpx._types.RequestFiles | None=None, json: Any=None, params: httpx._types.QueryParamTypes | None=None, headers: httpx._types.HeaderTypes | None=None, cookies: httpx._types.CookieTypes | None=None, auth: httpx._types.AuthTypes | httpx._client.UseClientDefault=httpx._client.USE_CLIENT_DEFAULT, follow_redirects: bool | httpx._client.UseClientDefault=httpx._client.USE_CLIENT_DEFAULT, timeout: httpx._types.TimeoutTypes | httpx._client.UseClientDefault=httpx._client.USE_CLIENT_DEFAULT, extensions: dict[str, Any] | None=None) -> httpx.Response:",,starlette/testclient.py,571,class source only; method not matched in docs scan,method candidate; not reviewed,supported,starlette/testclient.py:571;docs/testclient.md:3,The TestClient API reference and guide define this documented consumer API; the pinned implementation supplies the matching member.
931,public-method,starlette.testclient.TestClient.request,"def request(self, method: str, url: httpx._types.URLTypes, *, content: httpx._types.RequestContent | None=None, data: _RequestData | None=None, files: httpx._types.RequestFiles | None=None, json: Any=None, params: httpx._types.QueryParamTypes | None=None, headers: httpx._types.HeaderTypes | None=None, cookies: httpx._types.CookieTypes | None=None, auth: httpx._types.AuthTypes | httpx._client.UseClientDefault=httpx._client.USE_CLIENT_DEFAULT, follow_redirects: bool | httpx._client.UseClientDefault=httpx._client.USE_CLIENT_DEFAULT, timeout: httpx._types.TimeoutTypes | httpx._client.UseClientDefault=httpx._client.USE_CLIENT_DEFAULT, extensions: dict[str, Any] | None=None) -> httpx.Response:",,starlette/testclient.py,430,class source only; method not matched in docs scan,method candidate; not reviewed,supported,starlette/testclient.py:430;docs/testclient.md:3,The TestClient API reference and guide define this documented consumer API; the pinned implementation supplies the matching member.
932,public-method,starlette.testclient.TestClient.wait_shutdown,async def wait_shutdown(self) -> None:,,starlette/testclient.py,735,class source only; method not matched in docs scan,method candidate; not reviewed,uncertain,starlette/testclient.py:735;tests/test_testclient.py:89,The source exposes this candidate but the guide documents the TestClient interface without naming this lifecycle helper; keep public status unresolved.
933,public-method,starlette.testclient.TestClient.wait_startup,async def wait_startup(self) -> None:,,starlette/testclient.py,718,class source only; method not matched in docs scan,method candidate; not reviewed,uncertain,starlette/testclient.py:718;tests/test_testclient.py:89,The source exposes this candidate but the guide documents the TestClient interface without naming this lifecycle helper; keep public status unresolved.
934,public-method,starlette.testclient.TestClient.websocket_connect,"def websocket_connect(self, url: str, subprotocols: Sequence[str] | None=None, **kwargs: Any) -> WebSocketTestSession:",,starlette/testclient.py,656,class source only; method not matched in docs scan,method candidate; not reviewed,supported,starlette/testclient.py:656;docs/testclient.md:3,The TestClient API reference and guide define this documented consumer API; the pinned implementation supplies the matching member.
935,class,starlette.testclient.WebSocketDenialResponse,"class WebSocketDenialResponse(httpx.Response, WebSocketDisconnect):",inherited or object default; verify,starlette/testclient.py,92,module source only; symbol not matched in docs scan,public-name candidate; not reviewed,private/internal,starlette/testclient.py:92,"This is an internal adapter, denial wrapper, or session constructor used to implement the documented TestClient interface; it has no independent documented export."
936,source-reexport-candidate,starlette.testclient.WebSocketDisconnect,from starlette.websockets import WebSocketDisconnect,,starlette/testclient.py,25,source import only,candidate only; importability is not public-status evidence,uncertain,starlette/testclient.py:25,The name is imported into this module but the assigned guides and root exports do not establish this module-qualified spelling as public; importability alone is insufficient evidence.
937,class,starlette.testclient.WebSocketTestSession,class WebSocketTestSession:,"def __init__(self, app: ASGI3App, scope: Scope, portal_factory: _PortalFactoryType) -> None:",starlette/testclient.py,102,module source only; symbol not matched in docs scan,public-name candidate; not reviewed,supported,starlette/testclient.py:102;docs/testclient.md:185,The TestClient guide documents this WebSocket session operation and its context-managed use; the pinned class declaration confirms the implementation path.
938,special-method,starlette.testclient.WebSocketTestSession.__enter__,def __enter__(self) -> Self:,,starlette/testclient.py,115,class source only; method not matched in docs scan,method candidate; not reviewed,supported,starlette/testclient.py:115;docs/testclient.md:185,The TestClient guide documents this WebSocket session operation and its context-managed use; the pinned class declaration confirms the implementation path.
939,special-method,starlette.testclient.WebSocketTestSession.__exit__,"def __exit__(self, *args: Any) -> bool | None:",,starlette/testclient.py,130,class source only; method not matched in docs scan,method candidate; not reviewed,supported,starlette/testclient.py:130;docs/testclient.md:185,The TestClient guide documents this WebSocket session operation and its context-managed use; the pinned class declaration confirms the implementation path.
940,constructor,starlette.testclient.WebSocketTestSession.__init__,"def __init__(self, app: ASGI3App, scope: Scope, portal_factory: _PortalFactoryType) -> None:",,starlette/testclient.py,103,class source only; method not matched in docs scan,method candidate; not reviewed,private/internal,starlette/testclient.py:103,"This is an internal adapter, denial wrapper, or session constructor used to implement the documented TestClient interface; it has no independent documented export."
941,public-method,starlette.testclient.WebSocketTestSession.close,"def close(self, code: int=1000, reason: str | None=None) -> None:",,starlette/testclient.py,181,class source only; method not matched in docs scan,method candidate; not reviewed,supported,starlette/testclient.py:181;docs/testclient.md:185,The TestClient guide documents this WebSocket session operation and its context-managed use; the pinned class declaration confirms the implementation path.
942,public-method,starlette.testclient.WebSocketTestSession.receive,def receive(self) -> Message:,,starlette/testclient.py,184,class source only; method not matched in docs scan,method candidate; not reviewed,supported,starlette/testclient.py:184;docs/testclient.md:185,The TestClient guide documents this WebSocket session operation and its context-managed use; the pinned class declaration confirms the implementation path.
943,public-method,starlette.testclient.WebSocketTestSession.receive_bytes,def receive_bytes(self) -> bytes:,,starlette/testclient.py,192,class source only; method not matched in docs scan,method candidate; not reviewed,supported,starlette/testclient.py:192;docs/testclient.md:185,The TestClient guide documents this WebSocket session operation and its context-managed use; the pinned class declaration confirms the implementation path.
944,public-method,starlette.testclient.WebSocketTestSession.receive_json,"def receive_json(self, mode: Literal['text', 'binary']='text') -> Any:",,starlette/testclient.py,197,class source only; method not matched in docs scan,method candidate; not reviewed,supported,starlette/testclient.py:197;docs/testclient.md:185,The TestClient guide documents this WebSocket session operation and its context-managed use; the pinned class declaration confirms the implementation path.
945,public-method,starlette.testclient.WebSocketTestSession.receive_text,def receive_text(self) -> str:,,starlette/testclient.py,187,class source only; method not matched in docs scan,method candidate; not reviewed,supported,starlette/testclient.py:187;docs/testclient.md:185,The TestClient guide documents this WebSocket session operation and its context-managed use; the pinned class declaration confirms the implementation path.
946,public-method,starlette.testclient.WebSocketTestSession.send,"def send(self, message: Message) -> None:",,starlette/testclient.py,165,class source only; method not matched in docs scan,method candidate; not reviewed,supported,starlette/testclient.py:165;docs/testclient.md:185,The TestClient guide documents this WebSocket session operation and its context-managed use; the pinned class declaration confirms the implementation path.
947,public-method,starlette.testclient.WebSocketTestSession.send_bytes,"def send_bytes(self, data: bytes) -> None:",,starlette/testclient.py,171,class source only; method not matched in docs scan,method candidate; not reviewed,supported,starlette/testclient.py:171;docs/testclient.md:185,The TestClient guide documents this WebSocket session operation and its context-managed use; the pinned class declaration confirms the implementation path.
948,public-method,starlette.testclient.WebSocketTestSession.send_json,"def send_json(self, data: Any, mode: Literal['text', 'binary']='text') -> None:",,starlette/testclient.py,174,class source only; method not matched in docs scan,method candidate; not reviewed,supported,starlette/testclient.py:174;docs/testclient.md:185,The TestClient guide documents this WebSocket session operation and its context-managed use; the pinned class declaration confirms the implementation path.
949,public-method,starlette.testclient.WebSocketTestSession.send_text,"def send_text(self, data: str) -> None:",,starlette/testclient.py,168,class source only; method not matched in docs scan,method candidate; not reviewed,supported,starlette/testclient.py:168;docs/testclient.md:185,The TestClient guide documents this WebSocket session operation and its context-managed use; the pinned class declaration confirms the implementation path.
950,source-reexport-candidate,starlette.testclient.is_async_callable,from starlette._utils import is_async_callable,,starlette/testclient.py,22,source import only,candidate only; importability is not public-status evidence,uncertain,starlette/testclient.py:22,The name is imported into this module but the assigned guides and root exports do not establish this module-qualified spelling as public; importability alone is insufficient evidence.
951,assignment,starlette.types.ASGIApp,"Callable[[Scope, Receive, Send], Awaitable[None]]",,starlette/types.py,18,explicitly referenced in docs,documented value; review aliases and behavior,supported,docs/middleware.md:423-434; starlette/types.py:18,The pinned middleware guide imports and uses this type as part of the documented ASGI middleware interface.
952,documented-import,starlette.types.ASGIApp,,,docs/middleware.md,423,explicit Python import in upstream docs,confirmed documented import path,supported,docs/middleware.md:423;starlette/types.py:18,The pinned middleware guide explicitly imports this starlette.* path; the canonical source declaration confirms the documented spelling and current contract.
953,assignment,starlette.types.AppType,"TypeVar(""AppType"")",,starlette/types.py,10,module source only; name not matched in docs scan,public-name candidate; not reviewed,private/internal,starlette/types.py:10,Generic parameter used to type the lifespan callback; the name itself is not documented as a consumer contract.
954,assignment,starlette.types.ExceptionHandler,HTTPExceptionHandler | WebSocketExceptionHandler,,starlette/types.py,26,module source only; name not matched in docs scan,public-name candidate; not reviewed,uncertain,starlette/types.py:26; starlette/applications.py:28-30; docs/lifespan.md:35-115,"This alias supports public annotations, but the exact alias name/import is not directly documented as a consumer API; retain it as an unresolved type-surface candidate."
955,assignment,starlette.types.HTTPExceptionHandler,"Callable[[""Request"", Exception], ""Response | Awaitable[Response]""]",,starlette/types.py,24,module source only; name not matched in docs scan,public-name candidate; not reviewed,uncertain,starlette/types.py:24; starlette/applications.py:28-30; docs/lifespan.md:35-115,"This alias supports public annotations, but the exact alias name/import is not directly documented as a consumer API; retain it as an unresolved type-surface candidate."
956,assignment,starlette.types.Lifespan,StatelessLifespan[AppType] | StatefulLifespan[AppType],,starlette/types.py,22,module source only; name not matched in docs scan,public-name candidate; not reviewed,supported,"docs/applications.md:2-10,49-54; docs/lifespan.md:2-30; starlette/types.py:20-22; docs/release-notes.md:759",Lifespan is part of the documented Starlette constructor contract and lifecycle guide; release history records its typing compatibility.
957,assignment,starlette.types.Message,"MutableMapping[str, Any]",,starlette/types.py,13,explicitly referenced in docs,documented value; review aliases and behavior,supported,docs/middleware.md:423-434; starlette/types.py:13,The pinned middleware guide imports and uses this type as part of the documented ASGI middleware interface.
958,documented-import,starlette.types.Message,,,docs/middleware.md,423,explicit Python import in upstream docs,confirmed documented import path,supported,docs/middleware.md:423;starlette/types.py:13,The pinned middleware guide explicitly imports this starlette.* path; the canonical source declaration confirms the documented spelling and current contract.
959,assignment,starlette.types.Receive,"Callable[[], Awaitable[Message]]",,starlette/types.py,15,explicitly referenced in docs,documented value; review aliases and behavior,supported,docs/middleware.md:423-434; starlette/types.py:15,The pinned middleware guide imports and uses this type as part of the documented ASGI middleware interface.
960,documented-import,starlette.types.Receive,,,docs/middleware.md,423,explicit Python import in upstream docs,confirmed documented import path,supported,docs/middleware.md:423;starlette/types.py:15,The pinned middleware guide explicitly imports this starlette.* path; the canonical source declaration confirms the documented spelling and current contract.
961,assignment,starlette.types.Scope,"MutableMapping[str, Any]",,starlette/types.py,12,explicitly referenced in docs,documented value; review aliases and behavior,supported,docs/middleware.md:423-434; starlette/types.py:12,The pinned middleware guide imports and uses this type as part of the documented ASGI middleware interface.
962,documented-import,starlette.types.Scope,,,docs/middleware.md,423,explicit Python import in upstream docs,confirmed documented import path,supported,docs/middleware.md:423;starlette/types.py:12,The pinned middleware guide explicitly imports this starlette.* path; the canonical source declaration confirms the documented spelling and current contract.
963,assignment,starlette.types.Send,"Callable[[Message], Awaitable[None]]",,starlette/types.py,16,explicitly referenced in docs,documented value; review aliases and behavior,supported,docs/middleware.md:423-434; starlette/types.py:16,The pinned middleware guide imports and uses this type as part of the documented ASGI middleware interface.
964,documented-import,starlette.types.Send,,,docs/middleware.md,423,explicit Python import in upstream docs,confirmed documented import path,supported,docs/middleware.md:423;starlette/types.py:16,The pinned middleware guide explicitly imports this starlette.* path; the canonical source declaration confirms the documented spelling and current contract.
965,assignment,starlette.types.StatefulLifespan,"Callable[[AppType], AbstractAsyncContextManager[Mapping[str, Any]]]",,starlette/types.py,21,module source only; name not matched in docs scan,public-name candidate; not reviewed,uncertain,starlette/types.py:21; starlette/applications.py:28-30; docs/lifespan.md:35-115,"This alias supports public annotations, but the exact alias name/import is not directly documented as a consumer API; retain it as an unresolved type-surface candidate."
966,assignment,starlette.types.StatelessLifespan,"Callable[[AppType], AbstractAsyncContextManager[None]]",,starlette/types.py,20,module source only; name not matched in docs scan,public-name candidate; not reviewed,uncertain,starlette/types.py:20; starlette/applications.py:28-30; docs/lifespan.md:35-115,"This alias supports public annotations, but the exact alias name/import is not directly documented as a consumer API; retain it as an unresolved type-surface candidate."
967,assignment,starlette.types.WebSocketExceptionHandler,"Callable[[""WebSocket"", Exception], Awaitable[None]]",,starlette/types.py,25,module source only; name not matched in docs scan,public-name candidate; not reviewed,uncertain,starlette/types.py:25; starlette/applications.py:28-30; docs/lifespan.md:35-115,"This alias supports public annotations, but the exact alias name/import is not directly documented as a consumer API; retain it as an unresolved type-surface candidate."
968,source-reexport-candidate,starlette.websockets.HTTPConnection,from starlette.requests import HTTPConnection,,starlette/websockets.py,8,source import only,candidate only; importability is not public-status evidence,private/internal,starlette/websockets.py:8,This is source-only routing/delegation machinery or an import used for annotations/internal calls; no pinned public guide or deliberate compatibility export establishes this module path as public.
969,source-reexport-candidate,starlette.websockets.Message,from starlette.types import Message,,starlette/websockets.py,10,source import only,candidate only; importability is not public-status evidence,private/internal,starlette/websockets.py:10,This is source-only routing/delegation machinery or an import used for annotations/internal calls; no pinned public guide or deliberate compatibility export establishes this module path as public.
970,source-reexport-candidate,starlette.websockets.Receive,from starlette.types import Receive,,starlette/websockets.py,10,source import only,candidate only; importability is not public-status evidence,private/internal,starlette/websockets.py:10,This is source-only routing/delegation machinery or an import used for annotations/internal calls; no pinned public guide or deliberate compatibility export establishes this module path as public.
971,source-reexport-candidate,starlette.websockets.Response,from starlette.responses import Response,,starlette/websockets.py,9,source import only,candidate only; importability is not public-status evidence,private/internal,starlette/websockets.py:9,This is source-only routing/delegation machinery or an import used for annotations/internal calls; no pinned public guide or deliberate compatibility export establishes this module path as public.
972,source-reexport-candidate,starlette.websockets.Scope,from starlette.types import Scope,,starlette/websockets.py,10,source import only,candidate only; importability is not public-status evidence,private/internal,starlette/websockets.py:10,This is source-only routing/delegation machinery or an import used for annotations/internal calls; no pinned public guide or deliberate compatibility export establishes this module path as public.
973,source-reexport-candidate,starlette.websockets.Send,from starlette.types import Send,,starlette/websockets.py,10,source import only,candidate only; importability is not public-status evidence,private/internal,starlette/websockets.py:10,This is source-only routing/delegation machinery or an import used for annotations/internal calls; no pinned public guide or deliberate compatibility export establishes this module path as public.
974,source-reexport-candidate,starlette.websockets.StateT,from starlette.requests import StateT,,starlette/websockets.py,8,source import only,candidate only; importability is not public-status evidence,private/internal,starlette/websockets.py:8,This is source-only routing/delegation machinery or an import used for annotations/internal calls; no pinned public guide or deliberate compatibility export establishes this module path as public.
975,class,starlette.websockets.WebSocket,class WebSocket(HTTPConnection[StateT]):,"def __init__(self, scope: Scope, receive: Receive, send: Send) -> None:",starlette/websockets.py,26,explicitly referenced in docs,documented symbol; review defaults and behavior,supported,starlette/websockets.py:26; docs/websockets.md:5-125; tests/test_websockets.py:test_websocket_send_and_receive_text; tests/test_websockets.py:test_websocket_iter_text; tests/test_websockets.py:test_duplicate_close,Pinned user documentation describes this API family and its observable behavior; cited upstream tests corroborate representative cases.
976,documented-import,starlette.websockets.WebSocket,,,docs/exceptions.md,133,explicit Python import in upstream docs,confirmed documented import path,supported,docs/exceptions.md:133,"The pinned guide contains this exact import statement, establishing the documented consumer import path for starlette.websockets.WebSocket."
977,documented-import,starlette.websockets.WebSocket,,,docs/testclient.md,176,explicit Python import in upstream docs,confirmed documented import path,supported,docs/testclient.md:176,The pinned user guide explicitly imports this starlette.* path in a usage example; that documentation establishes the consumer-facing spelling.
978,documented-import,starlette.websockets.WebSocket,,,docs/websockets.md,10,explicit Python import in upstream docs,confirmed documented import path,supported,docs/websockets.md:10,The pinned user guide imports this symbol in a runnable public usage example; this documentation import establishes the path.
979,constructor,starlette.websockets.WebSocket.__init__,"def __init__(self, scope: Scope, receive: Receive, send: Send) -> None:",,starlette/websockets.py,27,class source only; method not matched in docs scan,method candidate; not reviewed,supported,starlette/websockets.py:27; docs/websockets.md:5-125; tests/test_websockets.py:test_websocket_send_and_receive_text; tests/test_websockets.py:test_websocket_iter_text; tests/test_websockets.py:test_duplicate_close,Pinned user documentation describes this API family and its observable behavior; cited upstream tests corroborate representative cases.
980,public-method,starlette.websockets.WebSocket.accept,"async def accept(self, subprotocol: str | None=None, headers: Iterable[tuple[bytes, bytes]] | None=None) -> None:",,starlette/websockets.py,100,class source only; method not matched in docs scan,method candidate; not reviewed,supported,starlette/websockets.py:100; docs/websockets.md:5-125; tests/test_websockets.py:test_websocket_send_and_receive_text; tests/test_websockets.py:test_websocket_iter_text; tests/test_websockets.py:test_duplicate_close,Pinned user documentation describes this API family and its observable behavior; cited upstream tests corroborate representative cases.
981,public-method,starlette.websockets.WebSocket.close,"async def close(self, code: int=1000, reason: str | None=None) -> None:",,starlette/websockets.py,180,class source only; method not matched in docs scan,method candidate; not reviewed,supported,starlette/websockets.py:180; docs/websockets.md:5-125; tests/test_websockets.py:test_websocket_send_and_receive_text; tests/test_websockets.py:test_websocket_iter_text; tests/test_websockets.py:test_duplicate_close,Pinned user documentation describes this API family and its observable behavior; cited upstream tests corroborate representative cases.
982,public-method,starlette.websockets.WebSocket.iter_bytes,async def iter_bytes(self) -> AsyncIterator[bytes]:,,starlette/websockets.py,151,class source only; method not matched in docs scan,method candidate; not reviewed,supported,starlette/websockets.py:151; docs/websockets.md:5-125; tests/test_websockets.py:test_websocket_send_and_receive_text; tests/test_websockets.py:test_websocket_iter_text; tests/test_websockets.py:test_duplicate_close,Pinned user documentation describes this API family and its observable behavior; cited upstream tests corroborate representative cases.
983,public-method,starlette.websockets.WebSocket.iter_json,async def iter_json(self) -> AsyncIterator[Any]:,,starlette/websockets.py,158,class source only; method not matched in docs scan,method candidate; not reviewed,supported,starlette/websockets.py:158; docs/websockets.md:5-125; tests/test_websockets.py:test_websocket_send_and_receive_text; tests/test_websockets.py:test_websocket_iter_text; tests/test_websockets.py:test_duplicate_close,Pinned user documentation describes this API family and its observable behavior; cited upstream tests corroborate representative cases.
984,public-method,starlette.websockets.WebSocket.iter_text,async def iter_text(self) -> AsyncIterator[str]:,,starlette/websockets.py,144,class source only; method not matched in docs scan,method candidate; not reviewed,supported,starlette/websockets.py:144; docs/websockets.md:5-125; tests/test_websockets.py:test_websocket_send_and_receive_text; tests/test_websockets.py:test_websocket_iter_text; tests/test_websockets.py:test_duplicate_close,Pinned user documentation describes this API family and its observable behavior; cited upstream tests corroborate representative cases.
985,public-method,starlette.websockets.WebSocket.receive,async def receive(self) -> Message:,,starlette/websockets.py,35,class source only; method not matched in docs scan,method candidate; not reviewed,supported,starlette/websockets.py:35; docs/websockets.md:5-125; tests/test_websockets.py:test_websocket_send_and_receive_text; tests/test_websockets.py:test_websocket_iter_text; tests/test_websockets.py:test_duplicate_close,Pinned user documentation describes this API family and its observable behavior; cited upstream tests corroborate representative cases.
986,public-method,starlette.websockets.WebSocket.receive_bytes,async def receive_bytes(self) -> bytes:,,starlette/websockets.py,123,class source only; method not matched in docs scan,method candidate; not reviewed,supported,starlette/websockets.py:123; docs/websockets.md:5-125; tests/test_websockets.py:test_websocket_send_and_receive_text; tests/test_websockets.py:test_websocket_iter_text; tests/test_websockets.py:test_duplicate_close,Pinned user documentation describes this API family and its observable behavior; cited upstream tests corroborate representative cases.
987,public-method,starlette.websockets.WebSocket.receive_json,"async def receive_json(self, mode: str='text') -> Any:",,starlette/websockets.py,130,class source only; method not matched in docs scan,method candidate; not reviewed,supported,starlette/websockets.py:130; docs/websockets.md:5-125; tests/test_websockets.py:test_websocket_send_and_receive_text; tests/test_websockets.py:test_websocket_iter_text; tests/test_websockets.py:test_duplicate_close,Pinned user documentation describes this API family and its observable behavior; cited upstream tests corroborate representative cases.
988,public-method,starlette.websockets.WebSocket.receive_text,async def receive_text(self) -> str:,,starlette/websockets.py,116,class source only; method not matched in docs scan,method candidate; not reviewed,supported,starlette/websockets.py:116; docs/websockets.md:5-125; tests/test_websockets.py:test_websocket_send_and_receive_text; tests/test_websockets.py:test_websocket_iter_text; tests/test_websockets.py:test_duplicate_close,Pinned user documentation describes this API family and its observable behavior; cited upstream tests corroborate representative cases.
989,public-method,starlette.websockets.WebSocket.send,"async def send(self, message: Message) -> None:",,starlette/websockets.py,59,class source only; method not matched in docs scan,method candidate; not reviewed,supported,starlette/websockets.py:59; docs/websockets.md:5-125; tests/test_websockets.py:test_websocket_send_and_receive_text; tests/test_websockets.py:test_websocket_iter_text; tests/test_websockets.py:test_duplicate_close,Pinned user documentation describes this API family and its observable behavior; cited upstream tests corroborate representative cases.
990,public-method,starlette.websockets.WebSocket.send_bytes,"async def send_bytes(self, data: bytes) -> None:",,starlette/websockets.py,168,class source only; method not matched in docs scan,method candidate; not reviewed,supported,starlette/websockets.py:168; docs/websockets.md:5-125; tests/test_websockets.py:test_websocket_send_and_receive_text; tests/test_websockets.py:test_websocket_iter_text; tests/test_websockets.py:test_duplicate_close,Pinned user documentation describes this API family and its observable behavior; cited upstream tests corroborate representative cases.
991,public-method,starlette.websockets.WebSocket.send_denial_response,"async def send_denial_response(self, response: Response) -> None:",,starlette/websockets.py,183,class source only; method not matched in docs scan,method candidate; not reviewed,supported,starlette/websockets.py:183; docs/websockets.md:5-125; tests/test_websockets.py:test_websocket_send_and_receive_text; tests/test_websockets.py:test_websocket_iter_text; tests/test_websockets.py:test_duplicate_close,Pinned user documentation describes this API family and its observable behavior; cited upstream tests corroborate representative cases.
992,public-method,starlette.websockets.WebSocket.send_json,"async def send_json(self, data: Any, mode: str='text') -> None:",,starlette/websockets.py,171,class source only; method not matched in docs scan,method candidate; not reviewed,supported,starlette/websockets.py:171; docs/websockets.md:5-125; tests/test_websockets.py:test_websocket_send_and_receive_text; tests/test_websockets.py:test_websocket_iter_text; tests/test_websockets.py:test_duplicate_close,Pinned user documentation describes this API family and its observable behavior; cited upstream tests corroborate representative cases.
993,public-method,starlette.websockets.WebSocket.send_text,"async def send_text(self, data: str) -> None:",,starlette/websockets.py,165,class source only; method not matched in docs scan,method candidate; not reviewed,supported,starlette/websockets.py:165; docs/websockets.md:5-125; tests/test_websockets.py:test_websocket_send_and_receive_text; tests/test_websockets.py:test_websocket_iter_text; tests/test_websockets.py:test_duplicate_close,Pinned user documentation describes this API family and its observable behavior; cited upstream tests corroborate representative cases.
994,class,starlette.websockets.WebSocketClose,class WebSocketClose:,"def __init__(self, code: int=1000, reason: str | None=None) -> None:",starlette/websockets.py,190,module source only; symbol not matched in docs scan,public-name candidate; not reviewed,private/internal,starlette/websockets.py:190,This is source-only routing/delegation machinery or an import used for annotations/internal calls; no pinned public guide or deliberate compatibility export establishes this module path as public.
995,special-method,starlette.websockets.WebSocketClose.__call__,"async def __call__(self, scope: Scope, receive: Receive, send: Send) -> None:",,starlette/websockets.py,195,class source only; method not matched in docs scan,method candidate; not reviewed,private/internal,starlette/websockets.py:195,This is source-only routing/delegation machinery or an import used for annotations/internal calls; no pinned public guide or deliberate compatibility export establishes this module path as public.
996,constructor,starlette.websockets.WebSocketClose.__init__,"def __init__(self, code: int=1000, reason: str | None=None) -> None:",,starlette/websockets.py,191,class source only; method not matched in docs scan,method candidate; not reviewed,private/internal,starlette/websockets.py:191,This is source-only routing/delegation machinery or an import used for annotations/internal calls; no pinned public guide or deliberate compatibility export establishes this module path as public.
997,class,starlette.websockets.WebSocketDisconnect,class WebSocketDisconnect(Exception):,"def __init__(self, code: int=1000, reason: str | None=None) -> None:",starlette/websockets.py,20,explicitly referenced in docs,documented symbol; review defaults and behavior,supported,starlette/websockets.py:20; docs/websockets.md:65-98; docs/websockets.md:113-125; tests/test_websockets.py:test_client_close; tests/test_websockets.py:test_application_close; tests/test_websockets.py:test_websocket_close_reason,Pinned user documentation describes this API family and its observable behavior; cited upstream tests corroborate representative cases.
998,constructor,starlette.websockets.WebSocketDisconnect.__init__,"def __init__(self, code: int=1000, reason: str | None=None) -> None:",,starlette/websockets.py,21,class source only; method not matched in docs scan,method candidate; not reviewed,supported,starlette/websockets.py:21; docs/websockets.md:65-98; docs/websockets.md:113-125; tests/test_websockets.py:test_client_close; tests/test_websockets.py:test_application_close; tests/test_websockets.py:test_websocket_close_reason,Pinned user documentation describes this API family and its observable behavior; cited upstream tests corroborate representative cases.
999,class,starlette.websockets.WebSocketState,class WebSocketState(enum.Enum):,inherited or object default; verify,starlette/websockets.py,13,module source only; symbol not matched in docs scan,public-name candidate; not reviewed,uncertain,starlette/websockets.py:13; docs/websockets.md:5-125; tests/test_websockets.py:test_websocket_send_and_receive_text; tests/test_websockets.py:test_websocket_iter_text; tests/test_websockets.py:test_duplicate_close,"The state enum is imported by an upstream test to drive an invalid-state case, but the guide documents only the stateful send/receive behavior, not this enum as a consumer API."
1000,assignment,starlette.__version__,"""1.6.0""",,starlette/__init__.py,1,explicit root package assignment,root export candidate; review public-status evidence,supported,starlette/__init__.py:1;docs/release-notes.md:5,The root package explicitly exposes the pinned package version as starlette.__version__; the release notes identify the current version contract.
