backlog_id,source_kind,source_path,source_item,api_disposition,requirement_ids,stimulus_summary,observation_selectors,fixture_status,fixture_path,exclusion_reason,evidence_refs
asgi-core.app.lifespan-subclass-typing,upstream_test,tests/test_applications.py,test_lifespan_app_subclass,supported,starlette.applications.Starlette;starlette.types.Lifespan,Run a static type/API acceptance check for a Starlette subclass whose lifespan callback is annotated with the subclass type.,type-check diagnostics; resolved lifespan parameter annotation,not_applicable,,This upstream case checks typing acceptance at construction time; preserve it as a static API/signature check rather than an input-only runtime parity fixture.,tests/test_applications.py:552-563; docs/release-notes.md:756-759
asgi-core.app.slash-redirect,api_behavior,starlette/applications.py,Public Starlette ASGI slash redirect,supported,starlette.asgi.get-hello.slash-redirect,Call Starlette.__call__ for a slash-mismatched path and preserve its query through the live redirect response.,response_status; response_headers; response_bytes; asgi_event_order,existing,tests/fixtures/sources/parity/router-slash-redirect.yaml,,starlette/applications.py:92-96;starlette/routing.py:704-720;tests/fixtures/sources/parity/router-slash-redirect.yaml
asgi-core.app.test_400,upstream_test,tests/test_applications.py,test_400,supported,starlette.applications.Starlette,Construct the shared app and request an unmatched HTTP path.,response status; ordered headers; response bytes; exception type and observable payload,backlog,,,tests/test_applications.py:218-222
asgi-core.app.test_405,upstream_test,tests/test_applications.py,test_405,supported,starlette.asgi.exception-handler.status-code;starlette.asgi.exception-handler.exception-class;starlette.asgi.exception-handler.async-callback,Construct the shared app with status-code and exception-class handlers; POST to routes that do not accept POST.,response status; ordered headers; response bytes and content type; ASGI event order,existing,tests/fixtures/sources/parity/asgi-exception-handlers.yaml,,tests/test_applications.py:224-232
asgi-core.app.test_500,upstream_test,tests/test_applications.py,test_500,supported,starlette.asgi.server-error.status-500-handler,Construct the shared app with a registered status-500 handler and an endpoint that raises an uncaught RuntimeError; call Starlette.__call__ and capture the response.,response status; ordered response headers and body; status-500 handler call trace; selected exception observation,existing,tests/fixtures/sources/parity/asgi-server-errors.yaml,,tests/test_applications.py:234-238;starlette/applications.py:63-83;starlette/middleware/errors.py:149-187
asgi-core.app.test_app_add_route,upstream_test,tests/test_applications.py,test_app_add_route,supported,starlette.applications.Starlette,Construct a Starlette app with an HTTP Route and issue a GET request to it.,response status; ordered headers; response bytes; ASGI event order,backlog,,,tests/test_applications.py:356-370
asgi-core.app.test_app_add_websocket_route,upstream_test,tests/test_applications.py,test_app_add_websocket_route,supported,starlette.applications.Starlette,"Construct a Starlette app with a WebSocketRoute; connect, receive a message, and close.",WebSocket messages; close code/reason; ASGI event order,backlog,,,tests/test_applications.py:372-388
asgi-core.app.test_app_async_cm_lifespan,upstream_test,tests/test_applications.py,test_app_async_cm_lifespan,supported,starlette.applications.Starlette,"Pass an async-context-manager lifespan callback, enter app lifespan, and then leave it.",startup/shutdown callback trace; lifespan ASGI messages; exception type,backlog,,,tests/test_applications.py:390-409
asgi-core.app.test_app_async_gen_lifespan,upstream_test,tests/test_applications.py,test_app_async_gen_lifespan,supported,starlette.applications.Starlette,"Pass an async-generator lifespan callback, enter app lifespan, and then leave it.","startup/shutdown callback trace; warnings[].{category,message,filename,line}; lifespan ASGI messages",backlog,,,tests/test_applications.py:412-440; starlette/routing.py:593-600
asgi-core.app.test_app_debug,upstream_test,tests/test_applications.py,test_app_debug,supported,starlette.applications.Starlette,Construct an app with debug enabled and an endpoint that raises; request it with server-exception propagation disabled.,response status; response headers/body; debug traceback fields; exception type,backlog,,,tests/test_applications.py:338-353
asgi-core.app.test_app_mount,upstream_test,tests/test_applications.py,test_app_mount,supported,starlette.applications.Starlette;starlette.routing.Mount;starlette.staticfiles.StaticFiles,"Create a temporary file, mount a StaticFiles child, then request the file with GET and POST.",response status; ordered headers; response bytes; exception type and observable payload,backlog,,,tests/test_applications.py:316-335
asgi-core.app.test_app_sync_gen_lifespan,upstream_test,tests/test_applications.py,test_app_sync_gen_lifespan,supported,starlette.applications.Starlette,"Pass a synchronous-generator lifespan callback, enter app lifespan, and then leave it.","startup/shutdown callback trace; warnings[].{category,message,filename,line}; lifespan ASGI messages",backlog,,,tests/test_applications.py:443-463; starlette/routing.py:602-605
asgi-core.app.test_async_route,upstream_test,tests/test_applications.py,test_async_route,supported,starlette.applications.Starlette,Construct a Starlette app with an asynchronous HTTP endpoint and issue a GET request.,response status; ordered headers; response bytes; ASGI event order,backlog,,,tests/test_applications.py:180-184
asgi-core.app.test_class_route,upstream_test,tests/test_applications.py,test_class_route,supported,starlette.applications.Starlette,Construct a Starlette app with a class-based HTTP endpoint and issue a GET request.,response status; ordered headers; response bytes; ASGI event order,backlog,,,tests/test_applications.py:186-190
asgi-core.app.test_func_route,upstream_test,tests/test_applications.py,test_func_route,supported,starlette.applications.Starlette,Construct a Starlette app with a synchronous GET endpoint and issue GET and HEAD requests to its route.,response status; ordered headers; response bytes; ASGI event order,backlog,,,tests/test_applications.py:170-178
asgi-core.app.test_middleware,upstream_test,tests/test_applications.py,test_middleware,supported,starlette.applications.Starlette;starlette.middleware.trustedhost.TrustedHostMiddleware,Construct an app with TrustedHostMiddleware and send a request whose host is outside the configured allowlist.,response status; ordered headers; response bytes; middleware invocation trace,backlog,,,tests/test_applications.py:281-285
asgi-core.app.test_middleware_args,upstream_test,tests/test_applications.py,test_middleware_args,supported,starlette.applications.Starlette,Add two middleware instances with distinct positional arguments and trigger the app through lifespan.,middleware invocation order; captured argument values; lifespan events,backlog,,,tests/test_applications.py:507-526
asgi-core.app.test_middleware_factory,upstream_test,tests/test_applications.py,test_middleware_factory,supported,starlette.applications.Starlette,Add middleware factory callables with positional and keyword arguments and trigger the app through lifespan.,middleware invocation order; captured argument values; lifespan events,backlog,,,tests/test_applications.py:529-549
asgi-core.app.test_middleware_stack_init,upstream_test,tests/test_applications.py,test_middleware_stack_init,supported,starlette.applications.Starlette,"Construct an app with two middleware classes that record construction; trigger lifespan and then issue another request, then construct a second app.",middleware constructor trace; middleware instance identity; ASGI event order,backlog,,,tests/test_applications.py:465-504
asgi-core.app.test_mounted_route,upstream_test,tests/test_applications.py,test_mounted_route,supported,starlette.applications.Starlette;starlette.routing.Mount,Construct an app with a mounted child Router and request the child root path.,response status; response bytes; scope path/root_path values,backlog,,,tests/test_applications.py:192-196
asgi-core.app.test_mounted_route_path_params,upstream_test,tests/test_applications.py,test_mounted_route_path_params,supported,starlette.applications.Starlette;starlette.routing.Mount,Construct an app with a mounted child Router and request a parameterized child path.,response status; response bytes; route path parameters,backlog,,,tests/test_applications.py:198-202
asgi-core.app.test_request_state,upstream_test,tests/test_applications.py,test_request_state,supported,starlette.applications.Starlette,Construct an app whose lifespan yields state and whose endpoint reads Request.state; issue an HTTP request within lifespan.,response status; response JSON value; lifespan/request state values; lifecycle events,backlog,,,tests/test_applications.py:241-245
asgi-core.app.test_routes,upstream_test,tests/test_applications.py,test_routes,supported,starlette.applications.Starlette,"Construct an app with HTTP routes, WebSocket routes, a nested Mount, and a Host route; inspect its routes property.","routes[*].{type,path,name,methods,child_routes}; route ordering",backlog,,,tests/test_applications.py:288-313
asgi-core.app.test_subdomain_route,upstream_test,tests/test_applications.py,test_subdomain_route,supported,starlette.applications.Starlette;starlette.routing.Host,Construct an app with a host-parameter route and issue a request using a matching base URL.,response status; response bytes; host scope; route path parameters,backlog,,,tests/test_applications.py:204-210
asgi-core.app.test_url_path_for,upstream_test,tests/test_applications.py,test_url_path_for,supported,starlette.applications.Starlette.url_path_for,Construct a Starlette app with named routes and query its URL builder using a route name and path parameters.,returned URL path; exception type and payload,backlog,,,tests/test_applications.py:166-168
asgi-core.app.test_websocket_raise_custom_exception,upstream_test,tests/test_applications.py,test_websocket_raise_custom_exception,supported,starlette.asgi.websocket-exception.custom-handler,Connect to a WebSocket endpoint that accepts then raises a custom exception handled by a synchronous WebSocket close callback.,handler calls; WebSocket close code/reason; ASGI event order,existing,tests/fixtures/sources/parity/asgi-exception-handlers.yaml,,tests/test_applications.py:85-101;tests/test_applications.py:271-279;starlette/middleware/exceptions.py:47-63;starlette/_exception_handler.py:41-63;docs/exceptions.md:65-74
asgi-core.app.test_websocket_raise_http_exception,upstream_test,tests/test_applications.py,test_websocket_raise_http_exception,supported,starlette.asgi.websocket-exception.http-denial-response,Connect to a WebSocket endpoint that raises a handled HTTPException before acceptance with the denial-response extension supplied.,denial response status; headers; body bytes; ASGI event order,existing,tests/fixtures/sources/parity/asgi-exception-handlers.yaml,,tests/test_applications.py:81-82;tests/test_applications.py:263-268;starlette/applications.py:63-83;starlette/middleware/exceptions.py:47-63;starlette/websockets.py:183-187;docs/exceptions.md:126-141
asgi-core.app.test_websocket_raise_websocket_exception,upstream_test,tests/test_applications.py,test_websocket_raise_websocket_exception,supported,starlette.asgi.websocket-exception.default-handler,Connect to a WebSocket endpoint that accepts and then raises WebSocketException.,WebSocket close code/reason; ASGI event order,existing,tests/fixtures/sources/parity/asgi-exception-handlers.yaml,,tests/test_applications.py:76-78;tests/test_applications.py:247-255;starlette/middleware/exceptions.py:28-31;starlette/middleware/exceptions.py:47-63;starlette/middleware/exceptions.py:71-73;docs/exceptions.md:143-149
asgi-core.app.test_websocket_route,upstream_test,tests/test_applications.py,test_websocket_route,supported,starlette.applications.Starlette,"Construct an app with a WebSocket route; connect, receive one message, and close the session.",WebSocket ASGI event order; sent messages; close code/reason,backlog,,,tests/test_applications.py:212-216
asgi-core.app.test_websocket_state,upstream_test,tests/test_applications.py,test_websocket_state,supported,starlette.applications.Starlette,Run a stateful lifespan and connect to a WebSocket endpoint that reads the yielded state.,WebSocket messages; state values; lifecycle events,backlog,,,tests/test_applications.py:257-261
asgi-core.background.failure-stops-next,upstream_test,tests/test_background.py,test_multi_tasks_failure_avoids_next_execution,supported,starlette.background.BackgroundTasks,Attach a first task that raises and a later task that records invocation to one Response; send a request.,response event order; task invocation trace; propagated exception type/message; task completion state,backlog,,,tests/test_background.py:68-89; starlette/background.py:34-36; docs/background.md:76-78
asgi-core.background.multiple-order,upstream_test,tests/test_background.py,test_multiple_tasks,supported,starlette.background.BackgroundTasks,Attach several synchronous tasks with ordered arguments to one Response and send one HTTP request.,response event order; task invocation sequence; task completion sequence; exception type,backlog,,,tests/test_background.py:47-65; starlette/background.py:26-36; docs/background.md:76-78
asgi-core.background.single-async,upstream_test,tests/test_background.py,test_async_task,supported,starlette.background.BackgroundTask,"Attach an asynchronous callable to a Response, send one HTTP request, and record task completion.",response.start/body event order; task start/finish trace; exception type,backlog,,,tests/test_background.py:9-25; starlette/background.py:12-23
asgi-core.background.single-sync,upstream_test,tests/test_background.py,test_sync_task,supported,starlette.background.BackgroundTask,Attach a synchronous callable with captured arguments to a Response and send one HTTP request.,response.start/body event order; task start/finish trace; worker thread identity; exception type,backlog,,,tests/test_background.py:28-44; starlette/background.py:12-23; docs/threadpool.md:8-14
asgi-core.behavior.add-route-method,api_behavior,starlette/applications.py,Starlette.add_route,supported,starlette.applications.Starlette.add_route,"Construct an app, add a named HTTP route through Starlette.add_route, then invoke the route over HTTP.",application.routes; response status/headers/body; endpoint arguments; ASGI event order,backlog,,,starlette/applications.py:116-124; docs/applications.md:2-10
asgi-core.behavior.background-callable-shapes,api_behavior,starlette/background.py,BackgroundTask sync/async callable forms,supported,starlette.background.BackgroundTask,"Attach background tasks implemented as native sync/async functions, bound methods, callable objects, and functools.partial or nested partial wrappers; provide captured positional and keyword arguments.",response send order; callable invocation arguments; task completion trace; worker thread identity; exception/cancellation type,backlog,,,docs/background.md:7-28; starlette/background.py:12-23; starlette/_utils.py:42-46; tests/test__utils.py:15-96
asgi-core.behavior.backgroundtasks-constructor,api_behavior,starlette/background.py,BackgroundTasks.__init__ omitted and supplied tasks,supported,starlette.background.BackgroundTasks,"Construct BackgroundTasks with no argument and with an explicit sequence of prebuilt BackgroundTask instances, then attach each to a response and invoke it.",initial task count; task ordering; invocation arguments; completion trace; exception type,backlog,,,docs/background.md:42-47; starlette/background.py:26-36
asgi-core.behavior.caller-event-loop-ownership,api_behavior,starlette/applications.py,ASGI invocation uses server-provided loop and task,supported,starlette.applications.Starlette,Invoke the Starlette ASGI callable from a host server task; have an async endpoint record the running loop/task and suspend on a controllable awaitable.,caller and endpoint loop identities; task identities; thread identities; ASGI event order; exception/cancellation type,backlog,,,starlette/applications.py:92-96; docs/applications.md:11-55; docs/middleware.md:423-434
asgi-core.behavior.endpoint-callable-shapes,api_behavior,starlette/applications.py,Starlette route endpoint callable forms,supported,starlette.applications.Starlette;starlette.routing.Route,"Construct HTTP routes whose endpoints are native sync/async functions, bound methods, callable objects, and functools.partial wrappers (including nested partials); invoke each route with matching request inputs.",response events/body; endpoint invocation arguments; endpoint callable type; loop/thread identity; exception type/message,backlog,,,starlette/applications.py:116-124; starlette/routing.py:50-56; starlette/_utils.py:42-46; tests/test_applications.py:test_func_route; tests/test__utils.py:15-96
asgi-core.behavior.exception-handler-method,api_behavior,starlette/applications.py,Starlette.add_exception_handler,supported,starlette.applications.Starlette.add_exception_handler,"Register a handler on an app before first invocation, then repeat with a separate app after its middleware stack has been built; invoke a route that raises a handled exception.",handler call trace; response status/headers/body; exception type/payload; middleware-stack state,backlog,,,"starlette/applications.py:59-60,68-83,109-114; tests/test_applications.py:130-135"
asgi-core.behavior.host-method,api_behavior,starlette/applications.py,Starlette.host,supported,starlette.applications.Starlette.host;starlette.routing.Host,"Construct an app, register a host-routed child app through Starlette.host, and invoke it with a matching host scope.",application.routes; host scope; child path parameters; response events,backlog,,,starlette/applications.py:101-102; docs/applications.md:2-10
asgi-core.behavior.max-body-size,api_behavior,starlette/applications.py,Starlette max_body_size option,supported,starlette.applications.Starlette;starlette.middleware.body_limit.RequestBodyLimitMiddleware,"Construct apps with a body-size limit and submit request bodies with and without Content-Length, including multi-message streaming bodies sized around the configured boundary.",response status/headers/body; receive message count/bytes; disconnect/error events; exception type,backlog,,,"starlette/applications.py:23-32,52-58,74-78; starlette/middleware/body_limit.py:30-42,71-122"
asgi-core.behavior.middleware-added-after-start,api_behavior,starlette/applications.py,Starlette.add_middleware after middleware stack initialization,supported,starlette.applications.Starlette.add_middleware,"Invoke an app once to initialize its middleware stack, then call add_middleware with a constructible middleware class.",raised exception type/message; app middleware-stack state; middleware constructor trace,backlog,,,starlette/applications.py:92-107; docs/applications.md:2-10
asgi-core.behavior.middleware-boundary-order,api_behavior,starlette/applications.py,Built-in ServerErrorMiddleware and ExceptionMiddleware placement,supported,starlette.applications.Starlette;starlette.middleware.errors.ServerErrorMiddleware;starlette.middleware.exceptions.ExceptionMiddleware,Construct an app with user middleware plus handled and unhandled failing endpoints; trace scope and send calls through every middleware layer.,middleware entry/exit trace; response start/body events; exception handler calls; exception propagation type,backlog,,,"starlette/applications.py:33-43,63-83; tests/test_applications.py:test_405;tests/test_applications.py:test_500"
asgi-core.behavior.mount-method,api_behavior,starlette/applications.py,Starlette.mount,supported,starlette.applications.Starlette.mount;starlette.routing.Mount,"Construct an app, mount a child ASGI application through Starlette.mount, and invoke a child path with a request.",application.routes; child scope path/root_path; response events; exception type,backlog,,,starlette/applications.py:98-100; docs/applications.md:46-55
asgi-core.behavior.request-cancellation,api_behavior,starlette/applications.py,Request cancellation propagation,supported,starlette.applications.Starlette;starlette.concurrency.run_in_threadpool,"Start a request whose async endpoint awaits a gate, cancel the server task, and record endpoint finalization and any synchronous worker completion.",cancellation/exception type; endpoint finally trace; worker task state; send/receive events; app task completion,backlog,,,starlette/applications.py:92-96; starlette/concurrency.py:32-34; docs/threadpool.md:11-14
asgi-core.behavior.sync-callable-arguments-errors,api_behavior,starlette/concurrency.py,"run_in_threadpool argument forwarding, return, and exception propagation",supported,starlette.concurrency.run_in_threadpool,"Invoke run_in_threadpool with a synchronous callable using positional/keyword inputs, then use a callable that raises.",callable arguments; result value/type; propagated exception type/message; worker thread identity,backlog,,,starlette/concurrency.py:32-34; docs/threadpool.md:11-14; docs/release-notes.md:1303
asgi-core.concurrency.contextvars-sync-endpoint,upstream_test,tests/test_concurrency.py,test_accessing_context_from_threaded_sync_endpoint,supported,starlette.concurrency.run_in_threadpool;starlette.applications.Starlette,"Set a ContextVar in the caller context, invoke a synchronous endpoint through a Starlette request, and read that variable in the endpoint.",response bytes; context value observed in endpoint; caller/worker thread identities; exception type,backlog,,,tests/test_concurrency.py:33-46; starlette/concurrency.py:32-34; starlette/routing.py:50-56
asgi-core.concurrency.first-completion-cancels-peers,upstream_test,tests/test_concurrency.py,test_run_until_first_complete,supported,starlette.concurrency.run_until_first_complete,Run two event-driven coroutines where one signals completion and another waits on that signal before a subsequent await; capture deprecation warnings.,task start/finish/cancellation/finalizer trace; warning category/message/location; raised exception type,backlog,,,tests/test_concurrency.py:15-30; starlette/concurrency.py:16-30; docs/release-notes.md:909-911
asgi-core.concurrency.iterable-threadpool,upstream_test,tests/test_concurrency.py,test_iterate_in_threadpool,supported,starlette.concurrency.iterate_in_threadpool,Pass a custom synchronous iterable to the async iterator adapter and consume it to exhaustion.,yielded item sequence; iteration thread identity; termination status; exception type,backlog,,,tests/test_concurrency.py:49-55; starlette/concurrency.py:51-59; docs/release-notes.md:630-638
asgi-core.deprecation.async-generator-lifespan-warning,deprecation,starlette/routing.py,async-generator lifespan warning,supported,starlette.applications.Starlette;starlette.types.Lifespan,Construct an app using an async-generator lifespan callable and enter/exit its lifecycle while recording warnings.,"warnings[].{category,message,filename,line}; warning stacklevel/source frame; startup/shutdown trace",backlog,,,starlette/routing.py:593-600; tests/test_applications.py:412-440; docs/release-notes.md:975-977
asgi-core.deprecation.run-until-first-complete-warning,deprecation,starlette/concurrency.py,run_until_first_complete deprecation warning,supported,starlette.concurrency.run_until_first_complete,Invoke run_until_first_complete with one completing coroutine while recording emitted warnings and their source location.,"warnings[].{category,message,filename,line}; warning stacklevel/source frame; task cancellation trace",backlog,,,starlette/concurrency.py:16-20; tests/test_concurrency.py:test_run_until_first_complete; docs/release-notes.md:909-911
asgi-core.deprecation.sync-generator-lifespan-warning,deprecation,starlette/routing.py,synchronous-generator lifespan warning,supported,starlette.applications.Starlette;starlette.types.Lifespan,Construct an app using a synchronous-generator lifespan callable and enter/exit its lifecycle while recording warnings.,"warnings[].{category,message,filename,line}; warning stacklevel/source frame; startup/shutdown trace",backlog,,,starlette/routing.py:602-605; tests/test_applications.py:443-463; docs/release-notes.md:975-977
asgi-core.docs.app-asgi-entry,documentation,docs/applications.md,Starlette application composition and request entry,supported,starlette.applications.Starlette,"Construct a minimal Starlette app with one configured HTTP route and invoke it with an HTTP ASGI scope, receive callable, and send callable.",response_status; ordered_repeated_headers; response_bytes; ASGI event order,existing,tests/fixtures/sources/parity/asgi-http-get-text.yaml,,docs/applications.md:11-55; starlette/applications.py:92-96; tests/fixtures/sources/parity/asgi-http-get-text.yaml
asgi-core.docs.app-state-attributes,documentation,docs/applications.md,Storing state on the app instance,supported,starlette.applications.Starlette,"Assign arbitrary state to app.state, then have an endpoint read app state during a request.",app.state attributes; request.app identity; response fields; ASGI event order,backlog,,,docs/applications.md:57-66; starlette/applications.py:55-60
asgi-core.docs.background-failure,documentation,docs/background.md,BackgroundTasks exception prevents following task execution,supported,starlette.background.BackgroundTasks,Attach a task that raises followed by a task that records invocation; send a response carrying both.,response event order; task invocation trace; propagated exception type/message; remaining task states,backlog,,,docs/background.md:76-78; starlette/background.py:34-36
asgi-core.docs.background-multiple,documentation,docs/background.md,BackgroundTasks ordered execution,supported,starlette.background.BackgroundTasks,Attach several tasks with distinct captured arguments to one response and send it through an HTTP request.,response send completion event; ordered task invocation trace; task completion trace; exception type,backlog,,,docs/background.md:42-78; starlette/background.py:26-36
asgi-core.docs.background-single-async,documentation,docs/background.md,BackgroundTask attached to response; async task example,supported,starlette.background.BackgroundTask,Attach one asynchronous task with positional or keyword arguments to a response and send it through an HTTP request.,response send completion event; task invocation arguments; task start/finish trace; exception type,backlog,,,docs/background.md:2-40; starlette/background.py:12-23
asgi-core.docs.debug-errors,documentation,docs/applications.md,Starlette(debug=True) application option,supported,starlette.applications.Starlette,Construct an app with debug enabled and an endpoint that raises an exception; invoke it through the application interface.,response status; headers/body; debug traceback fields; exception type,backlog,,,docs/applications.md:46-55; starlette/applications.py:25-26; tests/test_applications.py:test_app_debug
asgi-core.docs.lifespan-request-gate,documentation,docs/lifespan.md,Request service waits for startup and shutdown waits for connections and background tasks,supported,starlette.applications.Starlette;starlette.types.Lifespan;starlette.background.BackgroundTask,"Begin lifespan startup, hold its setup before yielding, keep an HTTP connection and a response background task active, then release setup/task/connection and send shutdown.",lifespan and HTTP event trace; connection open/close trace; background task start/finish trace; request completion timing; teardown timing,backlog,,,docs/lifespan.md:27-33; starlette/routing.py:639-664; starlette/responses.py:190-203
asgi-core.docs.lifespan-startup-shutdown,documentation,docs/lifespan.md,Lifespan context startup and shutdown,supported,starlette.applications.Starlette;starlette.types.Lifespan,"Register an async context-manager lifespan handler with startup resource acquisition, a yield point, and teardown; send lifespan startup and shutdown events.",lifespan receive/send event order; startup/teardown callback trace; exception type and payload,backlog,,,"docs/lifespan.md:2-25; starlette/applications.py:29,57; starlette/routing.py:639-664"
asgi-core.docs.lifespan-state-http,documentation,docs/lifespan.md,Stateful lifespan state and shallow copy into requests,supported,starlette.types.Lifespan;starlette.applications.Starlette,"Yield a mapping containing a mutable object from lifespan, invoke an HTTP endpoint that reads and updates request state, and compare lifespan/request mappings and contained object identities.",lifespan state keys/values/identities; request state keys/values/identities; shallow-copy relationship; response events,backlog,,,docs/lifespan.md:35-74; starlette/routing.py:648-653
asgi-core.docs.lifespan-state-mapping-access,documentation,docs/lifespan.md,Mapping-style Request.state access and generic annotation,supported,starlette.requests.Request;starlette.applications.Starlette,Create a stateful app and invoke an endpoint that accesses a lifespan-provided value by mapping key; run a static type/API acceptance check for the generic state annotation.,request.state mapping lookup; type-check diagnostics; resolved endpoint annotation,backlog,,,docs/lifespan.md:76-115; starlette/types.py:20-22
asgi-core.docs.lifespan-state-websocket,documentation,docs/lifespan.md,Stateful lifespan state access from WebSocket,supported,starlette.types.Lifespan;starlette.websockets.WebSocket,Yield a mapping from lifespan and connect to a WebSocket endpoint that reads one value and sends a message.,WebSocket messages; lifespan state values/identities; lifecycle events; close code/reason,backlog,,,docs/lifespan.md:117-129; starlette/routing.py:648-653
asgi-core.docs.lifespan-task-group,documentation,docs/lifespan.md,Managing asynchronous tasks in lifespan with an AnyIO task group,supported,starlette.applications.Starlette;starlette.types.Lifespan,"Enter a lifespan handler that opens an AnyIO task group, starts a child task waiting on a controllable event, then exit the lifespan context and release any gates needed for teardown.",lifespan startup/shutdown trace; child task start/cancel/finalizer trace; task-group exception type/group; ASGI lifespan event order,backlog,,,docs/lifespan.md:27-33; starlette/routing.py:639-664; starlette/_utils.py:82-93
asgi-core.docs.request-app,documentation,docs/applications.md,Accessing the app instance,supported,starlette.applications.Starlette,Issue an HTTP request to an endpoint or middleware that reads the application from the Request.,request.app identity/type; app state observed by consumer; response events,backlog,,,docs/applications.md:68-70; starlette/applications.py:92-96
asgi-core.docs.testclient-lifespan-context,documentation,docs/lifespan.md,Running lifespan with TestClient context manager,supported,starlette.applications.Starlette;starlette.testclient.TestClient,Construct a lifespan-aware app and enter/exit the documented TestClient context manager around an HTTP request.,startup/shutdown trace; request response events; TestClient enter/exit lifecycle,backlog,,,docs/lifespan.md:142-158; tests/test_applications.py:test_app_async_cm_lifespan
asgi-core.docs.threadpool-anyio-delegation,documentation,docs/threadpool.md,Thread pool delegates to anyio.to_thread.run_sync,supported,starlette.concurrency.run_in_threadpool,Invoke run_in_threadpool with a blocking callable while a sibling task runs on the event loop; include positional and keyword arguments and a callable exception variant.,worker thread identity; callable arguments/result; event-loop task progress; propagated exception type/message,backlog,,,docs/threadpool.md:11-14; starlette/concurrency.py:32-34
asgi-core.docs.threadpool-background,documentation,docs/threadpool.md,Synchronous background task uses thread pool,supported,starlette.background.BackgroundTask;starlette.concurrency.run_in_threadpool,"Attach a synchronous background callable to a response and record caller, endpoint, and worker thread identities around response delivery.",response event order; task start/finish trace; thread identities; exception type,backlog,,,docs/threadpool.md:8-14; starlette/background.py:12-23
asgi-core.docs.threadpool-files,documentation,docs/threadpool.md,FileResponse file operations execute in thread pool,supported,starlette.responses.FileResponse;starlette.concurrency.run_in_threadpool,Serve a temporary file through FileResponse while a separate asynchronous task records event-loop progress.,file response events/chunks; worker thread identity; event-loop task trace; exception type,backlog,,,"docs/threadpool.md:5-6,11-14; starlette/concurrency.py:32-34"
asgi-core.docs.threadpool-limiter-adjustment,documentation,docs/threadpool.md,Changing default thread limiter token count,supported,starlette.concurrency.run_in_threadpool,"Read the current default thread limiter, change its total token count, and submit concurrent blocking Starlette sync operations.",limiter total_tokens before/after; active worker count; task completion trace,backlog,,,docs/threadpool.md:21-32
asgi-core.docs.threadpool-limiter-default,documentation,docs/threadpool.md,Default thread pool token limit and shared capacity,supported,starlette.concurrency.run_in_threadpool,Submit more than one blocking Starlette sync operation concurrently alongside another AnyIO consumer using the current default thread limiter.,limiter total_tokens; active worker count over time; queue/wait durations; task completion trace,backlog,,,docs/threadpool.md:16-20; starlette/concurrency.py:32-34
asgi-core.docs.threadpool-sync-endpoint,documentation,docs/threadpool.md,Synchronous endpoint executes in thread pool,supported,starlette.concurrency.run_in_threadpool;starlette.applications.Starlette,Run a synchronous endpoint that blocks on a controllable event while an asynchronous task on the serving loop continues.,endpoint thread identity; event-loop task progress; response event order; exception type,backlog,,,docs/threadpool.md:3-14; starlette/concurrency.py:32-34; tests/test_concurrency.py:test_accessing_context_from_threaded_sync_endpoint
asgi-core.docs.threadpool-uploads,documentation,docs/threadpool.md,UploadFile file operations execute in thread pool,supported,starlette.datastructures.UploadFile;starlette.concurrency.run_in_threadpool,"Receive a multipart upload and perform UploadFile read, write, seek, and close operations while an asynchronous task records event-loop progress.",uploaded bytes; operation order; worker thread identity; event-loop task trace; exception type,backlog,,,"docs/threadpool.md:6-7,11-14; starlette/datastructures.py:457-476"
asgi-core.internal.utils.async-func,upstream_test,tests/test__utils.py,test_async_func,private/internal,starlette._utils.is_async_callable,Supply native async and sync functions to the callable classifier.,internal callable-classification result; raised exception type,not_applicable,,Preserve this upstream private-helper scenario for internal regression work; do not expose it as a public parity requirement.,tests/test__utils.py:15-22; starlette/_utils.py:42-46
asgi-core.internal.utils.async-mock,upstream_test,tests/test__utils.py,test_async_mocked_async_function,private/internal,starlette._utils.is_async_callable,Supply a mock generated from an async function specification.,internal callable-classification result; raised exception type,not_applicable,,Preserve this upstream private-helper scenario for internal regression work; do not expose it as a public parity requirement.,tests/test__utils.py:91-96; starlette/_utils.py:42-46
asgi-core.internal.utils.async-partial,upstream_test,tests/test__utils.py,test_async_partial,private/internal,starlette._utils.is_async_callable,Supply functools.partial wrappers around async and sync functions.,internal callable-classification result; raised exception type,not_applicable,,Preserve this upstream private-helper scenario for internal regression work; do not expose it as a public parity requirement.,tests/test__utils.py:24-34; starlette/_utils.py:42-46
asgi-core.internal.utils.bound-method,upstream_test,tests/test__utils.py,test_async_method,private/internal,starlette._utils.is_async_callable,Supply bound async and sync methods from separate instances.,internal callable-classification result; raised exception type,not_applicable,,Preserve this upstream private-helper scenario for internal regression work; do not expose it as a public parity requirement.,tests/test__utils.py:36-45; starlette/_utils.py:42-46
asgi-core.internal.utils.callable-object,upstream_test,tests/test__utils.py,test_async_object_call,private/internal,starlette._utils.is_async_callable,Supply instances whose __call__ methods are async or sync.,internal callable-classification result; raised exception type,not_applicable,,Preserve this upstream private-helper scenario for internal regression work; do not expose it as a public parity requirement.,tests/test__utils.py:47-55; starlette/_utils.py:42-46
asgi-core.internal.utils.collapse-single-exception,upstream_test,tests/test__utils.py,test_collapsing_task_group_one_exc,private/internal,starlette._utils.create_collapsing_task_group,Enter the private async task-group wrapper and raise one exception from its body.,internal propagated exception type; exception cause/context chain; task-group exit status,not_applicable,,Preserve this upstream private-helper scenario for internal regression work; do not expose it as a public parity requirement.,tests/test__utils.py:111-119; starlette/_utils.py:82-93
asgi-core.internal.utils.nested-partial,upstream_test,tests/test__utils.py,test_async_nested_partial,private/internal,starlette._utils.is_async_callable,Supply nested functools.partial wrappers around an async function.,internal callable-classification result; raised exception type,not_applicable,,Preserve this upstream private-helper scenario for internal regression work; do not expose it as a public parity requirement.,tests/test__utils.py:80-89; starlette/_utils.py:42-46
asgi-core.internal.utils.partial-callable-object,upstream_test,tests/test__utils.py,test_async_partial_object_call,private/internal,starlette._utils.is_async_callable,Supply functools.partial wrappers around callable objects with async or sync __call__.,internal callable-classification result; raised exception type,not_applicable,,Preserve this upstream private-helper scenario for internal regression work; do not expose it as a public parity requirement.,tests/test__utils.py:58-78; starlette/_utils.py:42-46
asgi-core.internal.utils.preserve-exception-group,upstream_test,tests/test__utils.py,test_collapsing_task_group_two_exc,private/internal,starlette._utils.create_collapsing_task_group,"Enter the private async task-group wrapper, schedule a child failure, and raise another exception in the parent body.",internal propagated exception-group type; child and parent exception types/order; cause/context chain,not_applicable,,Preserve this upstream private-helper scenario for internal regression work; do not expose it as a public parity requirement.,tests/test__utils.py:121-136; starlette/_utils.py:82-93
asgi-core.internal.utils.route-path-equal-prefix,upstream_test,tests/test__utils.py,test_get_route_path,private/internal,starlette._utils.get_route_path,Supply a scope containing a path and root_path for the identified boundary condition.,internal route-path helper return value; raised exception type,not_applicable,,Preserve this upstream private-helper scenario for internal regression work; do not expose it as a public parity requirement.,tests/test__utils.py:98-108 case 3; starlette/_utils.py:96-110
asgi-core.internal.utils.route-path-nonsegment-prefix,upstream_test,tests/test__utils.py,test_get_route_path,private/internal,starlette._utils.get_route_path,Supply a scope containing a path and root_path for the identified boundary condition.,internal route-path helper return value; raised exception type,not_applicable,,Preserve this upstream private-helper scenario for internal regression work; do not expose it as a public parity requirement.,tests/test__utils.py:98-108 case 1; starlette/_utils.py:96-110
asgi-core.internal.utils.route-path-prefix-mismatch,upstream_test,tests/test__utils.py,test_get_route_path,private/internal,starlette._utils.get_route_path,Supply a scope containing a path and root_path for the identified boundary condition.,internal route-path helper return value; raised exception type,not_applicable,,Preserve this upstream private-helper scenario for internal regression work; do not expose it as a public parity requirement.,tests/test__utils.py:98-108 case 4; starlette/_utils.py:96-110
asgi-core.internal.utils.route-path-stripped-prefix,upstream_test,tests/test__utils.py,test_get_route_path,private/internal,starlette._utils.get_route_path,Supply a scope containing a path and root_path for the identified boundary condition.,internal route-path helper return value; raised exception type,not_applicable,,Preserve this upstream private-helper scenario for internal regression work; do not expose it as a public parity requirement.,tests/test__utils.py:98-108 case 2; starlette/_utils.py:96-110
asgi-core.support.test-client-backend-matrix,test_support,tests/conftest.py,test_client_factory,supported,starlette.applications.Starlette,Instantiate TestClient through the fixture using each configured AnyIO backend and backend options for an owning application case.,configured backend name/options; client lifecycle trace; application ASGI events,not_applicable,,This helper supplies backend coverage for upstream tests and has no standalone Starlette consumer behavior.,tests/conftest.py:12-22; tests/types.py:12-23
convertors.test_datetime_convertor,upstream_test,tests/test_convertors.py,test_datetime_convertor,supported,starlette.convertors.Convertor; starlette.convertors.register_url_convertor; starlette.routing.Route,"Construct the app, route, or WebSocket scope for this behavior family and supply these request/event inputs in order: get('/datetime/2020-01-01T00:00:00').",response_status; response_json_value; scope.path_params; generated_url_path,backlog,,,tests/test_convertors.py:52; tests/conftest.py:test_client_factory
convertors.test_default_float_convertor.decimal-segment,upstream_test,tests/test_convertors.py,test_default_float_convertor[decimal-segment],supported,starlette.convertors.FloatConvertor; starlette.routing.Route,Create the documented float-converter route and request one parameter segment: 1.0.,response_status; response_json_value; scope.path_params; generated_url_path,backlog,,,tests/test_convertors.py:63; tests/conftest.py:test_client_factory
convertors.test_default_float_convertor.hyphen-segment,upstream_test,tests/test_convertors.py,test_default_float_convertor[hyphen-segment],supported,starlette.convertors.FloatConvertor; starlette.routing.Route,Create the documented float-converter route and request one parameter segment: 1-0.,response_status; response_json_value; scope.path_params; generated_url_path,backlog,,,tests/test_convertors.py:63; tests/conftest.py:test_client_factory
convertors.test_default_uuid_convertor.compact-lowercase,upstream_test,tests/test_convertors.py,test_default_uuid_convertor[compact-lowercase],supported,starlette.convertors.UUIDConvertor; starlette.routing.Route,Create the documented UUID-converter route and request one parameter segment: 00000000aaaaffff9999000000000000.,response_status; response_json_value; scope.path_params; generated_url_path,backlog,,,tests/test_convertors.py:86; tests/conftest.py:test_client_factory
convertors.test_default_uuid_convertor.compact-uppercase,upstream_test,tests/test_convertors.py,test_default_uuid_convertor[compact-uppercase],supported,starlette.convertors.UUIDConvertor; starlette.routing.Route,Create the documented UUID-converter route and request one parameter segment: 00000000AAAAFFFF9999000000000000.,response_status; response_json_value; scope.path_params; generated_url_path,backlog,,,tests/test_convertors.py:86; tests/conftest.py:test_client_factory
convertors.test_default_uuid_convertor.hyphenated-lowercase,upstream_test,tests/test_convertors.py,test_default_uuid_convertor[hyphenated-lowercase],supported,starlette.convertors.UUIDConvertor; starlette.routing.Route,Create the documented UUID-converter route and request one parameter segment: 00000000-aaaa-ffff-9999-000000000000.,response_status; response_json_value; scope.path_params; generated_url_path,backlog,,,tests/test_convertors.py:86; tests/conftest.py:test_client_factory
convertors.test_default_uuid_convertor.hyphenated-uppercase,upstream_test,tests/test_convertors.py,test_default_uuid_convertor[hyphenated-uppercase],supported,starlette.convertors.UUIDConvertor; starlette.routing.Route,Create the documented UUID-converter route and request one parameter segment: 00000000-AAAA-FFFF-9999-000000000000.,response_status; response_json_value; scope.path_params; generated_url_path,backlog,,,tests/test_convertors.py:86; tests/conftest.py:test_client_factory
convertors.test_default_uuid_convertor.invalid-segment,upstream_test,tests/test_convertors.py,test_default_uuid_convertor[invalid-segment],supported,starlette.convertors.UUIDConvertor; starlette.routing.Route,Create the documented UUID-converter route and request one parameter segment: not-a-uuid.,response_status; response_json_value; scope.path_params; generated_url_path,backlog,,,tests/test_convertors.py:86; tests/conftest.py:test_client_factory
crosscut.removed-api-surface,api_behavior,docs/release-notes.md,Removed public names and signatures from Starlette 1.0 and earlier breaking releases,n/a,starlette.applications.Starlette;starlette.routing.Router;starlette.routing.iscoroutinefunction_or_partial;starlette.templating.Jinja2Templates;starlette.templating.Jinja2Templates.get_env;starlette.responses.FileResponse;starlette.responses.UJSONResponse;starlette.testclient.TestClient;starlette.testclient.TestClient.async_backend;starlette.middleware.exceptions.ExceptionMiddleware;starlette.middleware.wsgi.WSGIMiddleware;starlette.status,Inspect lifecycle callback/decorator names and Router lifecycle methods; legacy Jinja2Templates signatures and get_env(); FileResponse.method; UJSONResponse; TestClient.allow_redirects and async_backend; WSGIMiddleware(workers=...); GraphQLApp; the ExceptionMiddleware import proxy; routing.iscoroutinefunction_or_partial(); and removed WebSocket status aliases across their former import paths.,module attribute presence; constructor and method signatures; import-path resolution; replacement API availability,backlog,,,docs/release-notes.md:173-196;docs/release-notes.md:413-432;docs/release-notes.md:953-984;docs/release-notes.md:969-977;docs/release-notes.md:1013-1020;docs/release-notes.md:1034-1041
data-auth-errors.api.address-shape,api_behavior,starlette/datastructures.py,Address returned by request.client,uncertain,starlette.datastructures.Address;starlette.requests.Request.client,Supply an HTTP ASGI scope with a client host and port and read the request client address as a named pair.,request.client presence; tuple shape; host; port,backlog,,,starlette/datastructures.py:13-16;starlette/requests.py:65-71;docs/requests.md:61-67
data-auth-errors.api.formdata-close,api_behavior,starlette/datastructures.py,FormData.close and upload cleanup,uncertain,starlette.datastructures.FormData.close;starlette.datastructures.UploadFile.close,"Parse a multipart HTTP request containing multiple uploaded files and text fields inside an async form context, then leave the context.",form-context completion; each upload file closed state; text field retention; cleanup exception selectors,backlog,,,starlette/datastructures.py:482-498;starlette/datastructures.py:472-476;starlette/requests.py:268-326;docs/requests.md:135-162
data-auth-errors.api.state-container,api_behavior,starlette/datastructures.py,State application/request state container,supported,starlette.datastructures.State;starlette.requests.Request.state;starlette.applications.Starlette.state,"Initialize application lifespan state, expose it through application/request state, then exercise attribute and mapping-style read, write, delete, iteration, and length operations.",state values; key iteration; length; missing-key and missing-attribute exception selectors; lifespan-to-request propagation,backlog,,,starlette/datastructures.py:664-704;starlette/applications.py:56-56;docs/requests.md:176-179;docs/lifespan.md:76-120;docs/release-notes.md:226-256
data-auth-errors.api.urlpath-absolute,api_behavior,starlette/datastructures.py,URLPath.make_absolute_url,supported,starlette.datastructures.URLPath.make_absolute_url;starlette.routing.Router.url_path_for,"Obtain named route paths for HTTP, WebSocket, and host-associated routes, then resolve each path against secure and insecure base URLs.",URLPath path/protocol/host; resulting scheme; authority; path; URL string,backlog,,,starlette/datastructures.py:175-202;starlette/routing.py:260-269;starlette/routing.py:342-351;starlette/routing.py:493-511;docs/release-notes.md:63;docs/release-notes.md:1421-1423
data-auth-errors.auth.custom-error,upstream_test,tests/test_authentication.py,test_custom_on_error,supported,starlette.authentication.AuthenticationError,Configure custom auth-error callback; issue valid and malformed Basic credential requests.,response status; content type; JSON keys; error text selector,backlog,,,tests/test_authentication.py::test_custom_on_error;docs/authentication.md:175-195
data-auth-errors.auth.invalid-decorator,upstream_test,tests/test_authentication.py,test_invalid_decorator_usage,supported,starlette.authentication.requires,Apply requires to a function accepting neither request nor websocket.,exception class; message; decorator-construction stage,backlog,,,tests/test_authentication.py::test_invalid_decorator_usage;starlette/authentication.py:25-42;docs/authentication.md:82-92
data-auth-errors.auth.redirect,upstream_test,tests/test_authentication.py,test_authentication_redirect,supported,starlette.authentication.requires,Access sync and async protected endpoints with named redirect target; request without and with credentials.,response status; redirect location and URL; next query value; body fields,backlog,,,tests/test_authentication.py::test_authentication_redirect;starlette/authentication.py:60-96;docs/authentication.md:105-159
data-auth-errors.auth.required-invalid-credentials,upstream_test,tests/test_authentication.py,test_authentication_required,supported,starlette.authentication.AuthenticationError,Send malformed Basic Authorization input to a protected HTTP endpoint.,response status/body; authentication-error handler selectors,backlog,,,tests/test_authentication.py::test_authentication_required;starlette/authentication.py:101-103;docs/authentication.md:20-36
data-auth-errors.auth.required-routes,upstream_test,tests/test_authentication.py,test_authentication_required,supported,starlette.authentication.requires,"Configure protected async, sync, class-based, and decorator-wrapped endpoints; issue requests with and without the required scope.",response status/body fields; route and endpoint form,backlog,,,tests/test_authentication.py::test_authentication_required;starlette/authentication.py:25-96;docs/authentication.md:80-120
data-auth-errors.auth.user-interface,upstream_test,tests/test_authentication.py,test_user_interface,supported,starlette.authentication.AuthenticationBackend;starlette.authentication.AuthCredentials;starlette.authentication.BaseUser;starlette.authentication.SimpleUser;starlette.authentication.UnauthenticatedUser,Mount an authentication backend on an HTTP route; issue requests without credentials and with valid Basic credentials.,response status; auth flag; display name; auth scopes,backlog,,,tests/test_authentication.py::test_user_interface;starlette/authentication.py:101-149;docs/authentication.md:1-78
data-auth-errors.auth.websocket-required,upstream_test,tests/test_authentication.py,test_websocket_authentication_required,supported,starlette.authentication.requires;starlette.authentication.AuthCredentials;starlette.authentication.SimpleUser,"Connect to plain and wrapped WebSocket routes without credentials, with malformed credentials, and with valid Basic credentials.",accept/close events; close code; user fields; JSON fields,backlog,,,tests/test_authentication.py::test_websocket_authentication_required;starlette/authentication.py:43-58;docs/authentication.md:118-120
data-auth-errors.config.boolean-casts,upstream_test,tests/test_config.py,test_config,supported,starlette.config.Config.__call__,Supply boolean-like text for truthy/falsy words and numeric forms plus an unsupported form; request bool and integer casts.,cast result type; error class/message selectors,backlog,,,tests/test_config.py::test_config;starlette/config.py:123-140
data-auth-errors.config.encoding,upstream_test,tests/test_config.py,test_config_with_encoding,supported,starlette.config.Config,Create an env file with non-ASCII text and read it with an explicit encoding.,decoded string; decoding exception selectors for incompatible encoding,backlog,,,tests/test_config.py::test_config_with_encoding;starlette/config.py:49-64;starlette/config.py:111-121;docs/config.md:123-133
data-auth-errors.config.environ,upstream_test,tests/test_config.py,test_environ,uncertain,starlette.config.environ;starlette.config.Environ;starlette.config.EnvironError,"Use a controlled process environment with unique keys and Environ() backed by its default os.environ mapping; set/delete keys before reads, then attempt writes/deletes after reads; iterate and obtain length.",mapping operations; iteration keys; length; exception class/message,backlog,,,tests/test_config.py::test_environ;starlette/config.py:14-44;docs/config.md:85-103
data-auth-errors.config.missing-file-warning,upstream_test,tests/test_config.py,test_missing_env_file_raises,supported,starlette.config.Config,Construct Config with a nonexistent env-file path while capturing warnings.,warning category/message/source location; Config state,backlog,,,tests/test_config.py::test_missing_env_file_raises;starlette/config.py:49-64
data-auth-errors.config.precedence-casts,upstream_test,tests/test_config.py,test_config,supported,starlette.config.Config;starlette.datastructures.Secret;starlette.datastructures.URL,"Provide an env file with multiple keys, comments, and blank lines plus an explicit environment mapping; request casts, defaults, and missing keys.",chosen source; parsed values; cast types; missing-key error; Secret repr/string/truth; URL components,backlog,,,tests/test_config.py::test_config;starlette/config.py:49-140;docs/config.md:7-59
data-auth-errors.config.prefix,upstream_test,tests/test_config.py,test_config_with_env_prefix,supported,starlette.config.Config,Construct Config with an environment mapping and prefix; request a prefixed key and an unprefixed-only key.,lookup result; missing-key exception/message,backlog,,,tests/test_config.py::test_config_with_env_prefix;starlette/config.py:49-109;docs/config.md:105-121
data-auth-errors.config.types-cast-errors,upstream_test,tests/test_config.py,test_config_types,supported,starlette.config.Config.__call__,Call Config with integer casts whose supplied/default values are not convertible.,exception class; cast name/value context selectors,backlog,,,tests/test_config.py::test_config_types;starlette/config.py:123-140
data-auth-errors.config.types-static,upstream_test,tests/test_config.py,test_config_types,supported,starlette.config.Config.__call__,,,not_applicable,,"`assert_type` checks static inferred types, not a public runtime observation; preserve it as a separate signature/type-check gate across the declared interpreter matrix.",tests/test_config.py::test_config_types;starlette/config.py:66-92;pyproject.toml:12-30
data-auth-errors.doc.auth.basic-backend,documentation,docs/authentication.md,Basic authentication backend and middleware,supported,starlette.authentication.AuthenticationBackend;starlette.authentication.AuthCredentials;starlette.authentication.AuthenticationError;starlette.authentication.SimpleUser,"Exercise backend inputs with absent, valid, wrong-scheme, malformed, and non-ASCII credentials; mount it on HTTP and access auth/user state.",backend inputs; credential scopes; exception path; response status/body; user state,backlog,,,docs/authentication.md:1-53
data-auth-errors.doc.auth.class-endpoint,documentation,docs/authentication.md,Class-based endpoints,supported,starlette.authentication.requires,Decorate an HTTP endpoint class method and issue requests with and without required credentials.,response status; method invocation; user/auth fields,backlog,,,docs/authentication.md:161-173
data-auth-errors.doc.auth.credentials,documentation,docs/authentication.md,AuthCredentials,supported,starlette.authentication.AuthCredentials.scopes,Construct credentials with absent and multiple scopes and expose them as connection auth state.,credential scope sequence; request.auth selector,backlog,,,docs/authentication.md:69-78
data-auth-errors.doc.auth.custom-error,documentation,docs/authentication.md,Custom authentication error responses,supported,starlette.authentication.AuthenticationError,Configure a custom authentication error callback; submit malformed credentials.,callback invocation; response status; content type; body keys,backlog,,,docs/authentication.md:175-195
data-auth-errors.doc.auth.custom-status,documentation,docs/authentication.md,Permissions: customized status code,supported,starlette.authentication.requires,Decorate an HTTP endpoint with a non-default denial status and request it without required scopes.,response status; headers/body; endpoint invocation,backlog,,,docs/authentication.md:105-120
data-auth-errors.doc.auth.redirect-next,documentation,docs/authentication.md,Permissions: redirect and next URL,supported,starlette.authentication.requires;starlette.responses.RedirectResponse,Decorate a route with a named redirect target; request protected URL without credentials and then access the redirect target with its continuation value.,response status; redirect location; next query selector; destination URL,backlog,,,docs/authentication.md:122-159
data-auth-errors.doc.auth.required-scopes,documentation,docs/authentication.md,Permissions: required scopes and default denial,supported,starlette.authentication.requires,"Decorate sync and async HTTP endpoints with one and multiple scopes; issue requests with no, partial, and complete credentials.",response status; endpoint invocation; response content selectors,backlog,,,docs/authentication.md:80-105
data-auth-errors.doc.auth.users,documentation,docs/authentication.md,Users,supported,starlette.authentication.BaseUser;starlette.authentication.SimpleUser;starlette.authentication.UnauthenticatedUser,Install authentication middleware and access built-in authenticated/unauthenticated users and a custom BaseUser.,authentication flag; display name; selected request user type,backlog,,,docs/authentication.md:55-67
data-auth-errors.doc.auth.websocket-denial,documentation,docs/authentication.md,Permissions: WebSocket denial status,supported,starlette.authentication.requires,Decorate WebSocket endpoint with custom denial status; connect without the required scope.,handshake status if exposed; accept/close events; close code,backlog,,,docs/authentication.md:118-120
data-auth-errors.doc.config.comma-separated,documentation,docs/config.md,CommaSeparatedStrings,supported,starlette.datastructures.CommaSeparatedStrings,"Cast a configuration string with quoted and unquoted comma-separated values; enumerate, index, and stringify it.",members; length; index; str/repr,backlog,,,docs/config.md:68-82;starlette/datastructures.py:225-250
data-auth-errors.doc.config.encoding,documentation,docs/config.md,Custom encoding for environment files,supported,starlette.config.Config,Create env files with non-ASCII values and set file encoding explicitly.,decoded value; decoding exception selectors for incompatible encoding,backlog,,,docs/config.md:123-133;starlette/config.py:49-64
data-auth-errors.doc.config.env-file,documentation,docs/config.md,Environment-file example and parsing,supported,starlette.config.Config,"Read an env file with comments, blank lines, embedded equals, and quoted or whitespace-padded values.",parsed keys/values; warning selector for absent file,backlog,,,docs/config.md:4-33;starlette/config.py:111-121
data-auth-errors.doc.config.environ,documentation,docs/config.md,Reading or modifying the environment,supported,starlette.config.environ,"Set/read/delete environment entries through environ, then attempt changes to keys already read by Config.",mapping state; mutation error; iteration/length; access order,backlog,,,docs/config.md:85-103;starlette/config.py:14-44
data-auth-errors.doc.config.full-example,documentation,docs/config.md,A full example,n/a,,,,not_applicable,,"The SQLAlchemy schema, database lifecycle, project layout, and client example compose already mapped Config/environment behavior but do not add an independent Config input/output contract.",docs/config.md:135-237
data-auth-errors.doc.config.precedence,documentation,docs/config.md,Configuration precedence,supported,starlette.config.Config,"Supply a key through environment, env file, and default; request an absent key with and without a default.",selected source; cast result; missing-key exception,backlog,,,docs/config.md:1-43
data-auth-errors.doc.config.prefix,documentation,docs/config.md,Reading prefixed environment variables,supported,starlette.config.Config,Construct Config with prefix and provide prefixed/unprefixed keys; request each logical lookup.,lookup value; missing-key exception/message,backlog,,,docs/config.md:105-121
data-auth-errors.doc.config.secret,documentation,docs/config.md,Secrets,supported,starlette.datastructures.Secret;starlette.middleware.sessions.SessionMiddleware.session-workflow.secret-key-wrapper,"Construct the public Secret wrapper from input, then pass it to SessionMiddleware and observe redacted repr, string conversion, truthiness, and signed-cookie behavior.",repr; string conversion; truth value; signed-cookie value,existing,tests/fixtures/sources/parity/session-middleware.yaml,,docs/config.md:45-59;starlette/datastructures.py:205-222;starlette/middleware/sessions.py:16-20
data-auth-errors.doc.exceptions.class-handler,documentation,docs/exceptions.md,Exception handlers by class,supported,starlette.exceptions.HTTPException,Register an HTTPException class handler and raise a handled HTTPException subclass from a routed endpoint.,handler selection; response status/body; async handler invocation,existing,tests/fixtures/sources/parity/asgi-exception-handlers.yaml,,docs/exceptions.md:38-51;docs/exceptions.md:89-100
data-auth-errors.doc.exceptions.debug,documentation,docs/exceptions.md,Debug traceback response,supported,starlette.asgi.server-error.debug-traceback,Construct a debug-enabled app with a custom status-500 handler and an unhandled RuntimeError route; request text/plain and HTML output through the input-declared Accept headers.,response status; content type; stable traceback projection; debug response format; configured handler call trace,existing,tests/fixtures/sources/parity/asgi-server-errors.yaml,,"docs/exceptions.md:31-36;starlette/applications.py:63-83;starlette/middleware/errors.py:149-187,224-259"
data-auth-errors.doc.exceptions.handled-vs-error,documentation,docs/exceptions.md,Errors and handled exceptions,supported,starlette.exceptions.HTTPException;starlette.middleware.errors.ServerErrorMiddleware,"Exercise HTTPException and unrelated application errors before/after response start, including a background-task error.",classification; middleware traversal; response-start state; client response; bubbled exception,backlog,,,docs/exceptions.md:76-114
data-auth-errors.doc.exceptions.headers,documentation,docs/exceptions.md,HTTPException headers,supported,starlette.exceptions.HTTPException.headers,Raise HTTPException with headers and configure handler to pass them into a response.,exception mapping; response headers; status/body,backlog,,,docs/exceptions.md:53-63
data-auth-errors.doc.exceptions.http-contract,documentation,docs/exceptions.md,HTTPException contract,supported,starlette.asgi.http-exception.default-406-detail;starlette.asgi.http-exception.explicit-detail;starlette.asgi.http-exception.no-content-204;starlette.asgi.http-exception.not-modified-304;starlette.asgi.http-exception.headers-200,"Raise HTTPException from matched HTTP endpoints with status-only/default detail, explicit detail, no-content/not-modified statuses, and supplied headers.",HTTP response-start/body events; status; header pairs; body bytes,existing,tests/fixtures/sources/parity/asgi-http-exceptions.yaml,,docs/exceptions.md:116-141;starlette/exceptions.py:7-20
data-auth-errors.doc.exceptions.status-handlers,documentation,docs/exceptions.md,Custom status-code exception handlers,supported,starlette.exceptions.HTTPException,"Configure integer status-key and HTTPException class handlers, then POST to a GET-only route and observe status-handler precedence.",handler key; response status/body/headers; async handler invocation,existing,tests/fixtures/sources/parity/asgi-exception-handlers.yaml,,docs/exceptions.md:2-29
data-auth-errors.doc.exceptions.websocket-contract,documentation,docs/exceptions.md,WebSocketException contract,supported,starlette.exceptions.WebSocketException,Construct WebSocketException with omitted and supplied reasons and raise in a WebSocket endpoint.,code/reason; string form; close/handshake events,backlog,,,docs/exceptions.md:143-149;starlette/exceptions.py:23-33
data-auth-errors.doc.exceptions.websocket-handler,documentation,docs/exceptions.md,WebSocketException handling,supported,starlette.exceptions.WebSocketException,Register a WebSocketException handler and raise from a WebSocket endpoint with code/reason inputs.,handler invocation; close event; code/reason selectors,backlog,,,docs/exceptions.md:65-74;docs/exceptions.md:143-149
data-auth-errors.ds.authority_in_path_matrix,upstream_test,tests/test_datastructures.py,test_url_from_scope_with_authority_in_path,supported,starlette.datastructures.URL.authority-in-path-containment,"Cross path inputs `@google.com`, `user:pass@google.com`, `//google.com/x`, and `http://google.com/x` with Host-header-present and server-fallback cases.",URL hostname; path; query,existing,tests/fixtures/sources/parity/url-scope.yaml,,tests/test_datastructures.py::test_url_from_scope_with_authority_in_path;starlette/datastructures.py:24-62
data-auth-errors.ds.invalid_host_matrix,upstream_test,tests/test_datastructures.py,test_url_from_scope_with_invalid_host,supported,starlette.datastructures.URL.invalid-host-fallback,"For Host bytes b""foo/?x="", b""foo/#"", b""foo/bar"", b""user@foo"", b""foo\\bar"", and b""foo bar"", include a valid server tuple fallback.",URL path; authority,existing,tests/fixtures/sources/parity/url-scope.yaml,,tests/test_datastructures.py::test_url_from_scope_with_invalid_host;starlette/datastructures.py:24-25;starlette/datastructures.py:43-62
data-auth-errors.ds.test_csv,upstream_test,tests/test_datastructures.py,test_csv,supported,starlette.datastructures.CommaSeparatedStrings,"Construct from double-quoted, single-quoted, and unquoted strings and from a sequence.",iteration; length; index; str; repr,backlog,,,tests/test_datastructures.py::test_csv;starlette/datastructures.py:225-250;docs/config.md:68-82
data-auth-errors.ds.test_formdata,upstream_test,tests/test_datastructures.py,test_formdata,supported,starlette.datastructures.FormData,"Construct FormData from repeated text fields and an UploadFile, then from a mapping, pair sequence, and existing FormData.",membership/lookup; duplicate list; mapping views; length; equality; repr,backlog,,,tests/test_datastructures.py::test_formdata;starlette/datastructures.py:482-498;docs/requests.md:135-162
data-auth-errors.ds.test_headers,upstream_test,tests/test_datastructures.py,test_headers,supported,starlette.datastructures.Headers.constructor.raw;starlette.datastructures.Headers.constructor.mapping;starlette.datastructures.Headers.case-insensitive-lookup;starlette.datastructures.Headers.duplicate-order-getlist-and-mapping-views;starlette.datastructures.Headers.equality-order-and-type;starlette.datastructures.Headers.representation,"Construct duplicate raw byte headers, a reordered equivalent raw sequence, and a text mapping; probe case-varied lookup, duplicate values, mapping views, equality, raw access, dict conversion, and repr.",action-trace;instance-snapshots,existing,tests/fixtures/sources/parity/datastructures-headers.yaml,,tests/test_datastructures.py::test_headers;starlette/datastructures.py:500-574;docs/requests.md:43-47;docs/middleware.md:698-750
data-auth-errors.ds.test_headers_mutablecopy,upstream_test,tests/test_datastructures.py,test_headers_mutablecopy,supported,starlette.datastructures.Headers.constructor.raw;starlette.datastructures.Headers.mutablecopy-independent-duplicate-preserving-copy,"Copy duplicate raw headers, replace one key on the copy, and observe both instances.",action-trace;instance-snapshots,existing,tests/fixtures/sources/parity/datastructures-headers.yaml,,tests/test_datastructures.py::test_headers_mutablecopy;starlette/datastructures.py:541-542;docs/middleware.md:613-626
data-auth-errors.ds.test_hidden_password,upstream_test,tests/test_datastructures.py,test_hidden_password,supported,starlette.datastructures.URL.component-construction;starlette.datastructures.URL.password-redaction,"Construct URLs without credentials, with username only, and with username plus password; observe URL records.",url-record,existing,tests/fixtures/sources/parity/url-components.yaml,,tests/test_datastructures.py::test_hidden_password;starlette/datastructures.py:168-172;docs/requests.md:34-41
data-auth-errors.ds.test_multidict,upstream_test,tests/test_datastructures.py,test_multidict,uncertain,starlette.datastructures.MultiDict,"Construct repeated-key MultiDict; exercise mapping reads, duplicate access, mutation, deletion, pop variants, clear, setlist, setdefault, append, and update inputs.",mapping views; duplicate order; mutator effects; equality; repr; exceptions,backlog,,,tests/test_datastructures.py::test_multidict;starlette/datastructures.py:253-375;docs/release-notes.md:1157-1158
data-auth-errors.ds.test_mutable_headers,upstream_test,tests/test_datastructures.py,test_mutable_headers,supported,starlette.datastructures.MutableHeaders.constructor;starlette.datastructures.MutableHeaders.set-replaces-and-collapses-duplicates-in-place;starlette.datastructures.MutableHeaders.setdefault-preserves-existing-and-appends-new;starlette.datastructures.MutableHeaders.delete-removes-all-matches;starlette.datastructures.MutableHeaders.update-uses-set-semantics;starlette.datastructures.MutableHeaders.append-preserves-duplicates-and-order,"Construct from duplicate raw headers; call case-varied set, setdefault, delete, mapping update, and append operations in order.",action-trace;instance-snapshots,existing,tests/fixtures/sources/parity/datastructures-headers.yaml,,tests/test_datastructures.py::test_mutable_headers;starlette/datastructures.py:577-655;docs/middleware.md:610-632
data-auth-errors.ds.test_mutable_headers_merge,upstream_test,tests/test_datastructures.py,test_mutable_headers_merge,supported,starlette.datastructures.MutableHeaders.union.mapping-and-header-operands,Union two MutableHeaders instances and observe the result instance.,action-trace;instance-snapshots,existing,tests/fixtures/sources/parity/datastructures-headers.yaml,,tests/test_datastructures.py::test_mutable_headers_merge;starlette/datastructures.py:614-625;docs/release-notes.md:898-898
data-auth-errors.ds.test_mutable_headers_merge_dict,upstream_test,tests/test_datastructures.py,test_mutable_headers_merge_dict,supported,starlette.datastructures.MutableHeaders.union.mapping-and-header-operands,Union MutableHeaders with a string mapping and observe the result instance.,action-trace;instance-snapshots,existing,tests/fixtures/sources/parity/datastructures-headers.yaml,,tests/test_datastructures.py::test_mutable_headers_merge_dict;starlette/datastructures.py:620-625;docs/release-notes.md:898-898
data-auth-errors.ds.test_mutable_headers_non_mapping,upstream_test,tests/test_datastructures.py,test_mutable_headers_merge_not_mapping,supported,starlette.datastructures.MutableHeaders.union-and-inplace-union-nonmapping-error,Attempt ordinary and in-place union with a set instead of a mapping.,action-trace;instance-snapshots,existing,tests/fixtures/sources/parity/datastructures-headers.yaml,,tests/test_datastructures.py::test_mutable_headers_merge_not_mapping;starlette/datastructures.py:614-625;docs/release-notes.md:898-898
data-auth-errors.ds.test_mutable_headers_scope,upstream_test,tests/test_datastructures.py,test_mutable_headers_from_scope,supported,starlette.datastructures.MutableHeaders.constructor.scope-list-coercion;starlette.datastructures.MutableHeaders.scope-aliasing;starlette.datastructures.MutableHeaders.append-preserves-duplicates-and-order,"Construct over a scope tuple, then update and append headers; observe the converted container and shared scope-backed values.",action-trace;instance-snapshots;scope-snapshots,existing,tests/fixtures/sources/parity/datastructures-headers.yaml,,tests/test_datastructures.py::test_mutable_headers_from_scope;starlette/datastructures.py:519-523;docs/middleware.md:610-632
data-auth-errors.ds.test_mutable_headers_update,upstream_test,tests/test_datastructures.py,test_mutable_headers_update,supported,starlette.datastructures.MutableHeaders.inplace-union.mapping-and-header-operands,Apply in-place union from another MutableHeaders instance.,action-trace;instance-snapshots,existing,tests/fixtures/sources/parity/datastructures-headers.yaml,,tests/test_datastructures.py::test_mutable_headers_update;starlette/datastructures.py:614-618;docs/release-notes.md:898-898
data-auth-errors.ds.test_mutable_headers_update_dict,upstream_test,tests/test_datastructures.py,test_mutable_headers_update_dict,supported,starlette.datastructures.MutableHeaders.inplace-union.mapping-and-header-operands,Apply in-place union from a string mapping.,action-trace;instance-snapshots,existing,tests/fixtures/sources/parity/datastructures-headers.yaml,,tests/test_datastructures.py::test_mutable_headers_update_dict;starlette/datastructures.py:614-618;docs/release-notes.md:898-898
data-auth-errors.ds.test_queryparams,upstream_test,tests/test_datastructures.py,test_queryparams,supported,starlette.datastructures.QueryParams,"Construct query parameters from repeated-key string, mapping, pair sequence, existing QueryParams, and empty input; compare equivalent and unequal forms.",lookup/default; duplicate list; mapping views; length; dict conversion; string/repr; equality,backlog,,,tests/test_datastructures.py::test_queryparams;starlette/datastructures.py:378-407;docs/middleware.md:493-493;docs/requests.md:49-53
data-auth-errors.ds.test_upload_file_input,upstream_test,tests/test_datastructures.py,test_upload_file_file_input,supported,starlette.datastructures.UploadFile,"Construct UploadFile over an in-memory byte stream with an initial size; read, append bytes, seek, and read again.",read bytes; file position; size; metadata,backlog,,,tests/test_datastructures.py::test_upload_file_file_input;starlette/datastructures.py:410-479;docs/requests.md:138-154
data-auth-errors.ds.test_upload_file_repr,upstream_test,tests/test_datastructures.py,test_upload_file_repr,supported,starlette.datastructures.UploadFile.__repr__,"Construct UploadFile with filename, in-memory file, explicit size, and default headers; request repr().",representation; size; headers,backlog,,,tests/test_datastructures.py::test_upload_file_repr;starlette/datastructures.py:415-479;docs/release-notes.md:650-650
data-auth-errors.ds.test_upload_file_repr_headers,upstream_test,tests/test_datastructures.py,test_upload_file_repr_headers,supported,starlette.datastructures.UploadFile.__repr__,Construct UploadFile with explicit headers and no size; request repr().,representation; size; selected header values,backlog,,,tests/test_datastructures.py::test_upload_file_repr_headers;starlette/datastructures.py:415-479;docs/requests.md:138-144
data-auth-errors.ds.test_upload_file_without_size,upstream_test,tests/test_datastructures.py,test_upload_file_without_size,supported,starlette.datastructures.UploadFile,"Construct UploadFile over an in-memory stream without a size; read, append, seek, and reread.",read bytes; size presence; file position,backlog,,,tests/test_datastructures.py::test_upload_file_without_size;starlette/datastructures.py:410-479;docs/requests.md:138-154
data-auth-errors.ds.test_uploadfile_rolling,upstream_test,tests/test_datastructures.py,test_uploadfile_rolling,supported,starlette.datastructures.UploadFile,"Use SpooledTemporaryFile thresholds 1 byte (`rolled`) and 1024 bytes (`unrolled`); read, append, seek, reread, and close.",rollover state; read/write/seek; size; close; I/O error selectors,backlog,,,tests/test_datastructures.py::test_uploadfile_rolling;starlette/datastructures.py:428-476;docs/requests.md:142-154
data-auth-errors.ds.test_url,upstream_test,tests/test_datastructures.py,test_url,supported,starlette.datastructures.URL.component-construction;starlette.datastructures.URL.component-access;starlette.datastructures.URL.component-replacement,"Construct absolute, IPv6, credentialed, and relative URLs; inspect URL records and replace scheme, host, port, username, and password. The upstream URL equality assertions are not exercised by this input.",url-record;action-results,existing,tests/fixtures/sources/parity/url-components.yaml,,tests/test_datastructures.py::test_url;starlette/datastructures.py:28-172;docs/requests.md:34-41
data-auth-errors.ds.test_url_blank_params,upstream_test,tests/test_datastructures.py,test_url_blank_params,supported,starlette.datastructures.QueryParams,Parse valued query keys and keys with no equals/value delimiter.,membership; selected value/length; key iteration order,backlog,,,tests/test_datastructures.py::test_url_blank_params;starlette/datastructures.py:378-407;docs/requests.md:49-53
data-auth-errors.ds.test_url_from_scope,upstream_test,tests/test_datastructures.py,test_url_from_scope,supported,starlette.datastructures.URL.scope-construction,"Construct URLs from scopes with absent/present scheme, server, query, default/explicit secure port, and Host header.",URL string; repr; scheme; authority; path; query,existing,tests/fixtures/sources/parity/url-scope.yaml,,tests/test_datastructures.py::test_url_from_scope;starlette/datastructures.py:28-67
data-auth-errors.ds.test_url_query_params,upstream_test,tests/test_datastructures.py,test_url_query_params,supported,starlette.datastructures.URL.include_query_params;starlette.datastructures.URL.replace_query_params;starlette.datastructures.URL.remove_query_params,"Update query values, including repeated and blank values, scalar and sequence key removal, and multiple keyword values.",query component; URL string; preserved non-query components,backlog,,,tests/test_datastructures.py::test_url_query_params;starlette/datastructures.py:143-160;docs/release-notes.md:1098-1100
data-auth-errors.exc.force-500,upstream_test,tests/test_exceptions.py,test_force_500_response,supported,starlette.middleware.errors.ServerErrorMiddleware,Use a minimal ASGI application that records invocation and raises RuntimeError; configure client to retain a server-error response.,app invocation; response status/body/headers,backlog,,,tests/test_exceptions.py::test_force_500_response;docs/exceptions.md:78-105
data-auth-errors.exc.handled-after-start,upstream_test,tests/test_exceptions.py,test_handled_exc_after_response,supported,starlette.routing.asgi-callable-http-exception-after-start,Send a complete 200 response from a callable Route endpoint and then raise HTTPException(406).,RuntimeError class/message; direct HTTPException cause and public attributes; suppress_context; partial ASGI events,existing,tests/fixtures/sources/parity/asgi-callable-http-exceptions.yaml,,tests/test_exceptions.py::test_handled_exc_after_response;starlette/routing.py:215-225;starlette/_exception_handler.py:31-56;docs/exceptions.md:102-114
data-auth-errors.exc.handler-registration,upstream_test,tests/test_exceptions.py,test_handlers_annotations,supported,starlette.exceptions.HTTPException,Register synchronous and asynchronous catch-all handlers on ExceptionMiddleware.,handler registry construction; exception key; callable classification,backlog,,,tests/test_exceptions.py::test_handlers_annotations;starlette/middleware/exceptions.py:19-34
data-auth-errors.exc.handler-static-annotations,upstream_test,tests/test_exceptions.py,test_handlers_annotations,supported,starlette.exceptions.HTTPException,,,not_applicable,,"Handler annotation variance is a static type-check contract, not a public runtime observation; retain a separate typing/signature gate.",tests/test_exceptions.py::test_handlers_annotations;starlette/middleware/exceptions.py:19-34
data-auth-errors.exc.http-repr,upstream_test,tests/test_exceptions.py,test_http_repr,uncertain,starlette.exceptions.HTTPException.__repr__,Construct base and subclass HTTPException values with default and supplied detail; request repr().,representation; dynamic class name; status/detail selectors,backlog,,,tests/test_exceptions.py::test_http_repr;starlette/exceptions.py:18-20
data-auth-errors.exc.http-str,upstream_test,tests/test_exceptions.py,test_http_str,supported,starlette.exceptions.HTTPException.__str__,"Construct HTTPException with status only, supplied detail, and headers; request str().",string form; status; detail,backlog,,,tests/test_exceptions.py::test_http_str;starlette/exceptions.py:7-16;docs/release-notes.md:721-721
data-auth-errors.exc.no-content,upstream_test,tests/test_exceptions.py,test_no_content,supported,starlette.asgi.http-exception.no-content-204,Raise HTTPException with status 204 from an HTTP endpoint.,response status; content-length presence; body/event selectors,existing,tests/fixtures/sources/parity/asgi-http-exceptions.yaml,,tests/test_exceptions.py::test_no_content;starlette/exceptions.py:7-13;docs/exceptions.md:116-124
data-auth-errors.exc.not-acceptable,upstream_test,tests/test_exceptions.py,test_not_acceptable,supported,starlette.asgi.http-exception.default-406-detail,Raise HTTPException with status 406 from an HTTP endpoint and request it.,response status; headers; body bytes/text,existing,tests/fixtures/sources/parity/asgi-http-exceptions.yaml,,tests/test_exceptions.py::test_not_acceptable;starlette/exceptions.py:7-20;docs/exceptions.md:116-124
data-auth-errors.exc.not-modified,upstream_test,tests/test_exceptions.py,test_not_modified,supported,starlette.asgi.http-exception.not-modified-304,Raise HTTPException with status 304 from an HTTP endpoint.,response status; body; selected headers,existing,tests/fixtures/sources/parity/asgi-http-exceptions.yaml,,tests/test_exceptions.py::test_not_modified;starlette/exceptions.py:7-13;docs/exceptions.md:116-124
data-auth-errors.exc.private-threadpool-assertion,upstream_test,tests/test_exceptions.py,test_http_exception_does_not_use_threadpool,n/a,starlette.exceptions.HTTPException,,,not_applicable,,This test monkeypatches private `starlette._exception_handler.run_in_threadpool` to assert a Python scheduling choice not observable through public consumer interfaces; the visible 406 response is covered separately.,tests/test_exceptions.py::test_http_exception_does_not_use_threadpool;starlette/_exception_handler.py:1-50
data-auth-errors.exc.request-body-reuse,upstream_test,tests/test_exceptions.py,test_request_in_app_and_handler_is_the_same_object,supported,starlette.exceptions.HTTPException;starlette.requests.Request.body,POST a body to an endpoint that consumes it and raises a handled subclass; the handler then reads the body.,response status; ordered headers; response bytes/JSON fields; ASGI event order,existing,tests/fixtures/sources/parity/asgi-exception-handlers.yaml,,tests/test_exceptions.py::test_request_in_app_and_handler_is_the_same_object;starlette/exceptions.py:7-13;docs/exceptions.md:38-63
data-auth-errors.exc.websocket-repr,upstream_test,tests/test_exceptions.py,test_websocket_repr,uncertain,starlette.exceptions.WebSocketException.__repr__,Construct base and subclass WebSocketException values with supplied reasons; request repr().,representation; dynamic class name; code/reason,backlog,,,tests/test_exceptions.py::test_websocket_repr;starlette/exceptions.py:31-33
data-auth-errors.exc.websocket-str,upstream_test,tests/test_exceptions.py,test_websocket_str,supported,starlette.exceptions.WebSocketException.__str__,Construct WebSocketException with omitted and supplied reason values; request str().,string form; code; reason,backlog,,,tests/test_exceptions.py::test_websocket_str;starlette/exceptions.py:23-29;docs/release-notes.md:721-721
data-auth-errors.exc.websocket-unhandled-error,upstream_test,tests/test_exceptions.py,test_websockets_should_raise,supported,starlette.middleware.exceptions.ExceptionMiddleware,Raise unhandled RuntimeError during a WebSocket endpoint and connect with a client.,server exception class/message; WebSocket event sequence; disconnect/close,backlog,,,tests/test_exceptions.py::test_websockets_should_raise;docs/exceptions.md:78-90
data-auth-errors.exc.with-headers,upstream_test,tests/test_exceptions.py,test_with_headers,supported,starlette.asgi.http-exception.headers-200,Raise HTTPException with an explicit header mapping from an HTTP endpoint.,response status; selected header; body,existing,tests/fixtures/sources/parity/asgi-http-exceptions.yaml,,tests/test_exceptions.py::test_with_headers;starlette/exceptions.py:7-13;docs/exceptions.md:53-63
data-auth-errors.status.alias-lifecycle,deprecation,starlette/status.py,deprecated alias lifecycle,supported,starlette.status.HTTP_413_REQUEST_ENTITY_TOO_LARGE;starlette.status.HTTP_414_REQUEST_URI_TOO_LONG;starlette.status.HTTP_416_REQUESTED_RANGE_NOT_SATISFIABLE;starlette.status.HTTP_422_UNPROCESSABLE_ENTITY,Inspect each legacy status name through module directory and attribute lookup alongside its canonical name.,alias discoverability; attribute presence; resolved-value selector; lifecycle metadata,backlog,,,starlette/status.py:182-211;tests/test_status.py::test_deprecated_types
data-auth-errors.status.alias-warning-metadata,deprecation,starlette/status.py,deprecated alias warning metadata,uncertain,starlette.status.HTTP_413_REQUEST_ENTITY_TOO_LARGE;starlette.status.HTTP_414_REQUEST_URI_TOO_LONG;starlette.status.HTTP_416_REQUESTED_RANGE_NOT_SATISFIABLE;starlette.status.HTTP_422_UNPROCESSABLE_ENTITY;starlette.exceptions.StarletteDeprecationWarning,Access each legacy alias at a stable helper call site while capturing its warning record.,warning count/category/message; warning filename/line; caller frame selected by stacklevel,backlog,,,starlette/status.py:190-205;starlette/exceptions.py:36-43;tests/test_status.py::test_deprecated_types
data-auth-errors.status.deprecated-tested,upstream_test,tests/test_status.py,test_deprecated_types,supported,starlette.status.HTTP_413_REQUEST_ENTITY_TOO_LARGE;starlette.status.HTTP_414_REQUEST_URI_TOO_LONG,Resolve legacy 413 and 414 names through status module lookup while recording warnings.,warning count/category/message; caller location; resolved numeric value,backlog,,,tests/test_status.py::test_deprecated_types;starlette/status.py:182-207
data-auth-errors.status.exported-constants,api_behavior,starlette/status.py,__all__,supported,starlette.status.HTTP_*;starlette.status.WS_*,Resolve names selected from the pinned module export list.,exported name set; resolved values; import/attribute error selectors,backlog,,,starlette/status.py:15-94;starlette/status.py:96-180
data-auth-errors.status.unknown-name,upstream_test,tests/test_status.py,test_unknown_status,supported,starlette.status.__getattr__,Resolve the unknown name `HTTP_999_UNKNOWN_STATUS_CODE` through status module attribute lookup.,exception class/message; queried name,backlog,,,tests/test_status.py::test_unknown_status;starlette/status.py:190-207
data-auth-errors.testsupport.client-factory,test_support,tests/conftest.py,test_client_factory,n/a,test_support.TestClientFactory,Apply the shared TestClient factory with each AnyIO backend and both server-exception propagation modes as dependent-test harness settings.,AnyIO backend; client settings; exception propagation mode,not_applicable,,"The helper supplies backend/options to downstream HTTP and WebSocket workloads; public request and exception behaviors are captured in those rows, so the harness has no independent parity input.",tests/conftest.py:12-23;tests/types.py:12-27
doc.index.optional-dependency-matrix,documentation,docs/index.md,Dependencies section and starlette[full] extra,n/a,dependency.core; dependency.full; optional.httpx2; optional.jinja2; optional.python-multipart; optional.itsdangerous; optional.pyyaml,"Install the base distribution and the full extra in isolated environments, then inspect metadata and exercise the dependent entry points with each optional package present/absent. SessionMiddleware runtime behavior is covered by the middleware stream.",required/extra dependency metadata; module import outcome; feature entry-point outcome; exception or warning category/message,backlog,,,docs/index.md:99;pyproject.toml:33
doc.schemas.openapi-response,documentation,docs/schemas.md,SchemaGenerator.OpenAPIResponse endpoint,supported,starlette.schemas.SchemaGenerator.OpenAPIResponse,Attach the documented schema response operation to a route and issue an HTTP request to the schema endpoint.,response status; media type; serialized body; ASGI response events,backlog,,,docs/schemas.md:37;starlette/schemas.py:112
doc.schemas.route-docstring-generation,documentation,docs/schemas.md,Schema generation from route metadata,supported,starlette.schemas.SchemaGenerator.get_schema,"Construct function and class endpoints with YAML docstrings, nested mounts and a host route; request schema generation against the route tree.",schema paths and operations; included/excluded endpoints; normalized converter paths; parsed docstring content,backlog,,,docs/schemas.md:1;starlette/schemas.py:36
doc.schemas.third-party-listing,documentation,docs/schemas.md,Third-party schema integration listing,n/a,,,,not_applicable,,This section only lists an external integration package; no independent Starlette behavior is defined.,docs/schemas.md:71
doc.staticfiles.basic-mount,documentation,docs/staticfiles.md,StaticFiles directory serving and Mount usage,supported,starlette.staticfiles.StaticFiles,"Create a directory asset, configure a path-like root, mount it under a prefix, and request the mounted asset.",mount path mapping; response status; headers; body bytes,backlog,,,docs/staticfiles.md:5;docs/staticfiles.md:21
doc.staticfiles.html-mode,documentation,docs/staticfiles.md,HTML mode index and custom 404 assets,supported,starlette.staticfiles.StaticFiles,Enable html mode with directory index and optional 404.html assets; request slash and non-slash directory paths plus a missing file.,response status; redirect location; selected asset; body bytes,existing,tests/fixtures/sources/parity/static-files.yaml,,docs/staticfiles.md:9;docs/staticfiles.md:33
doc.staticfiles.methods-and-symlinks,documentation,docs/staticfiles.md,"StaticFiles method, startup check, and symlink configuration",supported,starlette.staticfiles.StaticFiles,"Exercise GET and HEAD for rooted files; vary check_dir and follow_symlink with existing, missing, and symlinked paths.",constructor errors; response status; content-length/body; path containment; resolved symlink behavior,backlog,,,docs/staticfiles.md:5;starlette/staticfiles.py:40
doc.staticfiles.package-assets,documentation,docs/staticfiles.md,Package static asset directories,supported,starlette.staticfiles.StaticFiles,Mount an installed package static directory using both its default statics subdirectory and a package/subdirectory tuple.,resolved asset root; response status; body bytes,existing,tests/fixtures/sources/parity/static-files.yaml,,docs/staticfiles.md:40;docs/staticfiles.md:53
doc.templates.async-context-processor-constraint,documentation,docs/templates.md,Asynchronous context processors are unsupported,uncertain,starlette.templating.Jinja2Templates.context_processors,"Supply an async context processor and record whether construction or response rendering rejects, ignores, or awaits it; upstream docs state async processors are unsupported but do not define failure semantics.",processor await count; exception type/message; response status/body,backlog,,,docs/templates.md:97;starlette/templating.py:117
doc.templates.async-rendering-guidance,documentation,docs/templates.md,Asynchronous Jinja2 rendering guidance,n/a,,,,not_applicable,,This passage recommends keeping I/O in endpoints and is guidance about Jinja2 usage; Starlette defines no independent ASGI operation or observable result here.,docs/templates.md:139
doc.templates.autoescape,documentation,docs/templates.md,"Default autoescape for HTML, HTM, and XML",supported,starlette.templating.Jinja2Templates,Render user-controlled markup through each documented filename extension with directory-backed templates.,rendered bytes; selected template extension; environment autoescape policy,existing,tests/fixtures/sources/parity/templating-runtime.yaml,,docs/templates.md:78;starlette/templating.py:94
doc.templates.client-metadata,documentation,docs/templates.md,TestClient template and context attributes,supported,starlette.testclient.TestClient; starlette.templating.Jinja2Templates.TemplateResponse,"Render a template through TestClient and inspect the response template/context attributes, including the request value.",response extension data; template metadata; context keys and value types,backlog,,,docs/templates.md:121;starlette/testclient.py:340
doc.templates.context-processors,documentation,docs/templates.md,Synchronous context processors,supported,starlette.templating.Jinja2Templates.TemplateResponse,Register one synchronous processor that reads the Request and contributes a key; render a template that uses that key.,processor invocation count; request argument; merged context; rendered body,existing,tests/fixtures/sources/parity/templating-runtime.yaml,,docs/templates.md:84;docs/templates.md:119
doc.templates.directory-response,documentation,docs/templates.md,Directory templates and TemplateResponse,supported,starlette.templating.Jinja2Templates.TemplateResponse,Configure one or more template directories; render a named template using the request object and a route-generated URL.,response status; rendered HTML; template metadata; request context; generated URL,existing,tests/fixtures/sources/parity/templating-runtime.yaml,,docs/templates.md:12;docs/templates.md:26;starlette/templating.py:117
doc.templates.environment-response,documentation,docs/templates.md,Preconfigured Jinja2 Environment,supported,starlette.templating.Jinja2Templates.__init__,"Build a Jinja2 Environment with a filesystem loader and custom filter, pass it to Jinja2Templates, then render.",environment loader and globals; rendered body; template lookup; filter application,backlog,,,docs/templates.md:63;docs/templates.md:72
doc.testclient.async-backend,documentation,docs/testclient.md,"asyncio, Trio, and backend options",supported,starlette.testclient.TestClient.__init__,"Run the same lifespan and request workload with asyncio defaults, Trio, and asyncio uvloop options where those runtimes are installed.",selected backend; startup/request/shutdown trace; backend setup or failure; task cleanup,backlog,,,docs/testclient.md:142;starlette/testclient.py:382
doc.testclient.async-client-guidance,documentation,docs/testclient.md,AsyncClient alternative guidance,n/a,,,,not_applicable,,The passage recommends the third-party HTTPX2 AsyncClient/ASGITransport for async tests; it does not define a Starlette runtime API or independent Starlette behavior.,docs/testclient.md:236
doc.testclient.client-address,documentation,docs/testclient.md,Configurable TestClient client address,supported,starlette.testclient.TestClient.__init__,Issue an HTTP request once with default TestClient settings and once with an explicitly configured client tuple; record the app scope.,scope.client; scope.server; scheme; response body,backlog,,,docs/testclient.md:132;starlette/testclient.py:275
doc.testclient.debug-extension,documentation,docs/testclient.md,http.response.debug response extension,supported,starlette.testclient.TestClient,Use a custom response that sends an info dictionary through the debug extension before the response body; inspect returned extension data.,debug extension presence; info mapping; HTTP response events; response body,backlog,,,docs/testclient.md:86;starlette/testclient.py:345
doc.testclient.exception-mode,documentation,docs/testclient.md,Application exception propagation and captured 500 response,supported,starlette.testclient.TestClient.__init__,Run one app that raises before sending a response with the default exception mode and with raise_server_exceptions=False.,raised exception type/stack; response status/headers/body; ASGI events,backlog,,,docs/testclient.md:74;starlette/testclient.py:352
doc.testclient.http-interface,documentation,docs/testclient.md,HTTP requests through TestClient,supported,starlette.testclient.TestClient,"Use the synchronous client against a small ASGI app; exercise GET/POST, client defaults and per-call headers, authentication/cookies, query, redirects, and file uploads.",request scope and body; client/per-call headers; response status/headers/body; redirect history; cookie jar,backlog,,,docs/testclient.md:12;docs/testclient.md:36;docs/testclient.md:56;starlette/testclient.py:377
doc.testclient.lifespan-context,documentation,docs/testclient.md,TestClient context-managed lifespan,supported,starlette.testclient.TestClient.__enter__; starlette.testclient.TestClient.__exit__,Compare constructing a client without entering it to entering and leaving it around requests; record app lifespan events.,startup/shutdown message order; context entry/exit; request results; portal cleanup,backlog,,,docs/testclient.md:79;starlette/testclient.py:679
doc.testclient.websocket-query-params,documentation,docs/testclient.md,WebSocket query string handling,uncertain,starlette.testclient.TestClient.websocket_connect,"Run one handshake with query text embedded in the URL and one with the params request option; compare the resulting query string and raw_path. The guide says params is unsupported while the pinned test supplies params, so preserve both stimuli pending reconciliation.",scope.query_string; scope.raw_path; frame payload; request call outcome,backlog,,,docs/testclient.md:209;tests/test_testclient.py:453;starlette/testclient.py:656
doc.testclient.websocket-session,documentation,docs/testclient.md,"WebSocket session handshake, messages, disconnect, and context cleanup",supported,starlette.testclient.TestClient.websocket_connect; starlette.testclient.WebSocketTestSession,"Open a session with shared HTTP-style headers/auth options; exercise text, bytes, and JSON send/receive modes, close codes, and a server that rejects or closes before acceptance.",handshake scope and headers; subprotocol; event order; frame types/payloads; disconnect/denial exception; cleanup,backlog,,,docs/testclient.md:166;docs/testclient.md:201;docs/testclient.md:218;docs/testclient.md:232
docs.contributing.project-process,documentation,docs/contributing.md,"Community contribution, issue reporting, and development workflow",n/a,,,,not_applicable,,Contributor workflow and project issue-reporting instructions are not end-user runtime behavior; Python support constraints and executable API behavior are tracked independently.,docs/contributing.md:1-20;docs/contributing.md:34-60
docs.database.agnostic-guidance,documentation,docs/database.md,Database-agnostic framework guidance and third-party database examples,n/a,,,,not_applicable,,Starlette provides no database implementation or database API in the pinned release; integrations and query behavior belong to the selected third-party database library.,docs/database.md:1-10
docs.graphql.removed-support,documentation,docs/graphql.md,GraphQL integration guidance after removal of built-in GraphQL support,n/a,,,,not_applicable,,"Built-in GraphQL support was removed before Starlette 1.6.0; this page only links to third-party integrations, which are outside the pinned Starlette runtime contract.",docs/graphql.md:1-8;docs/release-notes.md:1013-1019
docs.index.bare-asgi-response,documentation,docs/index.md,Framework or Toolkit: bare ASGI app returning PlainTextResponse,supported,starlette.responses.PlainTextResponse;starlette.types.ASGIApp,"Invoke an async three-argument ASGI callable directly with an HTTP scope, receive callable, and send collector; the app constructs and awaits PlainTextResponse.",response_status; ordered_repeated_headers; response_bytes; asgi_event_order; exception_type_and_observable_payload,backlog,,,docs/index.md:111-134;starlette/responses.py;starlette/types.py;tests/test_responses.py:test_text_response
docs.index.feature-overview,documentation,docs/index.md,Introduction overview of the framework feature families,n/a,,,,not_applicable,,This overview is a summary of feature contracts mapped to their canonical documentation pages and upstream test behaviors; it defines no additional independent runtime behavior.,docs/index.md:31-49;docs/applications.md;docs/requests.md;docs/responses.md;docs/websockets.md;docs/routing.md;docs/middleware.md;docs/background.md;docs/lifespan.md
docs.index.installation-and-server,documentation,docs/index.md,Installation and external ASGI server launch commands,n/a,,,,not_applicable,,"Package installation and launching Uvicorn are packaging and external-server operations, not an independently observable Starlette runtime feature; Python import/install configuration is tracked separately.",docs/index.md:64-74;docs/index.md:93-97
docs.index.modularity-guidance,documentation,docs/index.md,Modularity and component reuse guidance,n/a,,,,not_applicable,,This is design guidance; the concrete direct-ASGI and component behaviors are mapped through the runnable example and their canonical feature pages.,docs/index.md:136-143
docs.index.project-governance,documentation,docs/index.md,"Sponsorship, credits, license, and project branding",n/a,,,,not_applicable,,These are project governance and attribution statements with no Starlette runtime behavior.,docs/index.md:52-62;docs/index.md:145-147
docs.index.routed-json-example,documentation,docs/index.md,Example: Starlette application with a GET route and JSONResponse,supported,starlette.applications.Starlette;starlette.responses.JSONResponse;starlette.routing.Route,"Construct the documented Starlette app with debug enabled, a GET / route, and an endpoint returning JSONResponse; issue an HTTP GET request.",response_status; ordered_repeated_headers; response_json_value; asgi_event_order; application_scope,backlog,,,docs/index.md:76-97;starlette/applications.py;starlette/routing.py;starlette/responses.py;tests/test_applications.py:test_func_route;tests/test_responses.py:test_json_none_response
docs.release-notes.1.6-body-limit,documentation,docs/release-notes.md,1.6.0: max_body_size on Starlette and route classes,supported,starlette.applications.Starlette.max_body_size;starlette.routing.Route.max_body_size;starlette.routing.Mount.max_body_size;starlette.routing.Router.max_body_size;starlette.middleware.body_limit.RequestBodyLimitMiddleware,"Build an app with configured application, route, mount, and router body limits. Supply request bodies with and without Content-Length, fragmented chunks, nested scope limits, and middleware that defers response start.",response_status; ordered_repeated_headers; response_bytes; ASGI receive/send event order; route/application scope limits; exception_type_and_observable_payload; cleanup,backlog,,,"docs/release-notes.md:5-10;starlette/applications.py:31,52,75-76;starlette/routing.py:207,372,584;starlette/middleware/body_limit.py;tests/middleware/test_body_limit.py:test_body_size_limit;tests/middleware/test_body_limit.py:test_received_bytes_are_counted_without_content_length;tests/middleware/test_body_limit.py:test_route_can_raise_application_limit;tests/middleware/test_body_limit.py:test_mount_can_override_application_limit"
docs.release-notes.1.6-response-debug,documentation,docs/release-notes.md,1.6.0: expose http.response.debug in response extensions,supported,starlette.testclient.TestClient;ASGI http.response.debug extension,Invoke a test app that emits http.response.debug with structured info and then sends a normal HTTP response; repeat through the documented template integration.,response extensions; response_status; ordered_repeated_headers; response_bytes; ASGI event order,backlog,,,"docs/release-notes.md:5-10;starlette/middleware/base.py:153,222;tests/test_testclient.py:test_debug_info_in_response_extensions;tests/test_testclient.py:test_debug_info_in_response_extensions_with_template"
docs.release-notes.historical-current-contracts,documentation,docs/release-notes.md,Historical changes already represented by current feature documentation and tests,n/a,,,,not_applicable,,"Historical release notes are not a second runtime contract; current behavior, aliases, deprecations, Python-floor changes, and removals are mapped to the canonical feature/API rows and separate deprecation/version backlog records. The two additions unique to 1.6.0 are mapped as independent fixture backlog rows above.","docs/release-notes.md:12-1200;docs/responses.md;docs/routing.md;docs/middleware.md;docs/testclient.md;pyproject.toml:12,25-30"
docs.requests.app,documentation,docs/requests.md,Originating application access,supported,starlette.requests.Request,Invoke endpoint with app attached to scope and inspect request.app.,app identity/type;scope app identity,backlog,,,docs/requests.md:172-175
docs.requests.body,documentation,docs/requests.md,Request body bytes,supported,starlette.requests.Request.body,Deliver body through zero or more ASGI request messages and call body().,body bytes;receive call count/order;exception type,backlog,,,docs/requests.md:77-82
docs.requests.client,documentation,docs/requests.md,Client address named tuple or None,supported,starlette.requests.Request,"Supply client tuple, explicit null, and omitted client value in separate request scopes.",client type/value;host;port;None handling,backlog,,,docs/requests.md:61-67
docs.requests.complete-body-limit,documentation,docs/requests.md,Complete request body size limit including multipart overhead,supported,starlette.applications.Starlette.max_body_size;starlette.middleware.body_limit.RequestBodyLimitMiddleware,"Configure max_body_size at app/router/mount/route or middleware and submit bodies with or without Content-Length using single and multi-message delivery, including multipart overhead.",response status/headers/body;bytes/messages received;limit behavior;exception type;ASGI event order,backlog,,,docs/requests.md:125-133
docs.requests.cookies,documentation,docs/requests.md,Cookie dictionary and invalid cookie handling,supported,starlette.requests.Request,"Supply valid, duplicate, malformed and lenient browser Cookie header forms.",cookie mapping keys/values;duplicate handling;exception type,backlog,,,docs/requests.md:69-75
docs.requests.disconnect,documentation,docs/requests.md,Detect dropped client connection,supported,starlette.requests.Request.is_disconnected,Invoke is_disconnected before and after receive signals HTTP disconnect.,disconnect state before and after response delivery;ordered response events;receive call count,existing,tests/fixtures/sources/parity/request-runtime.yaml,,docs/requests.md:108-110
docs.requests.form-limits,documentation,docs/requests.md,URL-encoded/multipart form parsing and limits,supported,starlette.requests.Request.form;starlette.datastructures.FormData,"Send URL-encoded and multipart fields/files; vary max_files, max_fields, max_part_size around their configured limits.",form entry keys/order/types;limit inputs;exception type/message;receive events,backlog,,,docs/requests.md:112-136
docs.requests.headers,documentation,docs/requests.md,Immutable case-insensitive multi-dict headers,supported,starlette.requests.Request,Provide mixed-case repeated header fields; look up/enumerate and attempt mutation.,header lookup;raw repeated fields;mutation result/exception,backlog,,,docs/requests.md:43-47
docs.requests.json,documentation,docs/requests.md,Request JSON body parsing,supported,starlette.requests.Request.json,Send JSON body in one or more ASGI messages and await json().,parsed JSON type/structure;body cache;exception type,backlog,,,docs/requests.md:77-106
docs.requests.multipart-no-filename,documentation,docs/requests.md,Multipart field without filename,supported,starlette.requests.Request.form;starlette.datastructures.FormData,Send file-like multipart part with a name and content but omit filename from Content-Disposition.,form value type/content;UploadFile presence;exception type,backlog,,,docs/requests.md:164-170
docs.requests.path-params,documentation,docs/requests.md,Path parameter dictionary,supported,starlette.requests.Request,Place named path_params in router scope and read selected entries.,path_params keys/values;lookup exception,backlog,,,docs/requests.md:55-59
docs.requests.query-params,documentation,docs/requests.md,Immutable multi-dict query parameters,supported,starlette.requests.Request,"Supply repeated query keys, escaped values, and empty values; inspect multi-value access and attempted mutation.",query pairs;multi-value lookup;mutation result/exception,backlog,,,docs/requests.md:49-53
docs.requests.scope-mapping,documentation,docs/requests.md,Request scope mapping and method access,supported,starlette.requests.Request,"Construct Request from scope with method and extra mapping keys; inspect keyed access, iteration, and length.",request.method;scope mapping keys/items;length,backlog,,,docs/requests.md:5-33
docs.requests.state,documentation,docs/requests.md,Request-local state storage,supported,starlette.requests.Request.state,Construct scope with state mapping; set and read arbitrary state attributes.,state keys/values;attribute and mapping behavior,backlog,,,docs/requests.md:176-183
docs.requests.stream,documentation,docs/requests.md,Request stream and consumption behavior,supported,starlette.requests.Request.stream,Send a multi-chunk request; iterate stream then attempt body/form/json on same Request.,chunk sequence;body cache;follow-up result/exception type,backlog,,,docs/requests.md:88-110
docs.requests.upload-async-methods,documentation,docs/requests.md,UploadFile async write/read/seek/close,supported,starlette.datastructures.UploadFile,"Obtain upload and invoke async write, read, seek, and close using byte data and offsets.",method order;read bytes;cursor/closed state;exception type,backlog,,,docs/requests.md:158-162
docs.requests.upload-attributes,documentation,docs/requests.md,UploadFile attributes and underlying file,supported,starlette.datastructures.UploadFile,Send multipart file parts with optional filename/content type and per-part headers; inspect metadata and file handle.,filename/content_type/size;upload headers;file type/bytes,backlog,,,docs/requests.md:138-156
docs.requests.url-components,documentation,docs/requests.md,URL string and parsed components,supported,starlette.requests.Request,"Supply scheme, host, path, query, and optional port in scope; inspect URL string-like value and components.",URL string;scheme/host/port/path/query,backlog,,,docs/requests.md:34-41
docs.responses.base,documentation,docs/responses.md,Response content/status/headers/media type and ASGI call,supported,starlette.responses.Response,"Construct Response from string or bytes with status, custom headers, media type; invoke ASGI call.",status;ordered headers;Content-Length/Type;body bytes;ASGI event order,backlog,,,docs/responses.md:5-28
docs.responses.charset,documentation,docs/responses.md,Automatic text charset and explicit charset,supported,starlette.responses.Response,Construct text response with charset omitted and with charset supplied in media_type.,Content-Type value;Content-Length;body bytes,backlog,,,docs/responses.md:16-20
docs.responses.delete-cookie,documentation,docs/responses.md,Response cookie deletion,supported,starlette.responses.Response.delete_cookie,Delete cookie using key/path and optional domain/security attributes.,Set-Cookie deletion attributes;header ordering,backlog,,,docs/responses.md:47-51
docs.responses.file-metadata,documentation,docs/responses.md,"FileResponse media type, disposition, and file metadata",supported,starlette.responses.FileResponse,"Serve temporary regular files with inferred/explicit media type, custom headers, download filename, and inline/attachment mode.",status;Content-Type/Disposition/Length/Last-Modified/ETag;body bytes,backlog,,,docs/responses.md:163-187
docs.responses.file-ranges,documentation,docs/responses.md,FileResponse byte ranges and invalid-range responses,supported,starlette.responses.FileResponse,"Serve a file with absent, satisfiable single/multiple/suffix byte ranges, invalid ranges, and unsupported units.",status;Accept-Ranges;Content-Range;Content-Length;multipart segments;body bytes;exception fields,backlog,,,docs/responses.md:188-193
docs.responses.html,documentation,docs/responses.md,HTMLResponse,supported,starlette.responses.HTMLResponse,Construct HTMLResponse from text or bytes and invoke over HTTP ASGI.,status;Content-Type;Content-Length;body bytes;ASGI event order,backlog,,,docs/responses.md:54-68
docs.responses.json,documentation,docs/responses.md,JSONResponse encoding,supported,starlette.responses.JSONResponse,Construct JSONResponse from nested JSON-compatible values and invoke over HTTP ASGI.,status;Content-Type;response body bytes;serialization exception,backlog,,,docs/responses.md:82-94
docs.responses.json-render,documentation,docs/responses.md,Custom JSONResponse render override,supported,starlette.responses.JSONResponse.render,Subclass JSONResponse and override render(content) with deterministic serializer; construct and invoke.,render input/call trace;rendered bytes;response headers/body;exception,backlog,,,docs/responses.md:96-118
docs.responses.plain-text,documentation,docs/responses.md,PlainTextResponse,supported,starlette.responses.PlainTextResponse,Construct PlainTextResponse from text or bytes and invoke over HTTP ASGI.,status;Content-Type;Content-Length;body bytes;ASGI event order,backlog,,,docs/responses.md:68-80
docs.responses.redirect,documentation,docs/responses.md,Redirect URL and default status,supported,starlette.responses.RedirectResponse,Construct redirects for relative and encoded URL targets with default and explicit status.,status;Location header;Content-Length;body bytes,backlog,,,docs/responses.md:120-134
docs.responses.set-cookie,documentation,docs/responses.md,Cookie attributes including partitioned option,supported,starlette.responses.Response.set_cookie,"Set cookie using max-age, expires, path, domain, secure, HttpOnly, SameSite, and partitioned options.",Set-Cookie fields/order;Python version;exception type,backlog,,,docs/responses.md:30-45
docs.responses.streaming,documentation,docs/responses.md,StreamingResponse with async/sync/file-like iterators,supported,starlette.responses.StreamingResponse,"Stream async generator, sync iterator, and file-like iterator yielding multiple chunks; optionally attach background callable.",headers;body chunks/more_body;ASGI order;background trace;exception,backlog,,,docs/responses.md:137-161
docs.responses.third-party-event-source-response,documentation,docs/responses.md,Third-party EventSourceResponse reference,uncertain,starlette.responses.StreamingResponse,Documentation links to a separately maintained SSE response implementation as ecosystem context.,not applicable to Starlette first-party runtime contract,not_applicable,,The guide labels EventSourceResponse as third-party; its SSE behavior is implemented outside Starlette and is not a first-party Starlette parity contract.,docs/responses.md:195-197
docs.server-push.enabled,documentation,docs/server-push.md,Request.send_push_promise with server-push extension,supported,starlette.request.send-push-promise.extension-event,"Enable http.response.push in scope extensions, provide send channel, and push resource path with representative request headers.",push event path;forwarded header names/values;event order;response events,existing,tests/fixtures/sources/parity/request-runtime.yaml,,docs/server-push.md:5-35;tests/fixtures/sources/parity/request-runtime.yaml
docs.server-push.noop,documentation,docs/server-push.md,Request.send_push_promise no-op without server-push extension,supported,starlette.request.send-push-promise.without-extension,Call send_push_promise(path) with send channel configured and http.response.push absent.,ASGI event types/order;push event count;exception;response events,existing,tests/fixtures/sources/parity/request-runtime.yaml,,docs/server-push.md:5-12;tests/fixtures/sources/parity/request-runtime.yaml
docs.third-party-packages.ecosystem-list,documentation,docs/third-party-packages.md,Third-party package and integration catalog,n/a,,,,not_applicable,,The listed tools and their behavior are maintained by independent projects; Starlette documents the ecosystem but does not define their public runtime behavior. Starlette integration APIs are mapped on their canonical feature pages.,docs/third-party-packages.md:2-4;docs/third-party-packages.md:8-80
endpoints.api.http-sync-handler,api_behavior,starlette/endpoints.py,HTTPEndpoint synchronous handler dispatch,uncertain,starlette.endpoints.HTTPEndpoint,Define a synchronous GET handler on an HTTPEndpoint subclass and send an HTTP request through Route.,response_status; response_bytes; exception_type_and_observable_payload; environment_identity.python_backend,backlog,,,starlette/endpoints.py:32-46; tests/test_endpoints.py:test_http_endpoint_route
endpoints.doc-http-class,documentation,docs/endpoints.md,HTTPEndpoint application and routed use,supported,starlette.endpoints.HTTPEndpoint; starlette.routing.Route,Use an endpoint subclass directly as an ASGI app and through Route; issue requests with and without path values.,response_status; response_bytes; scope.path_params,backlog,,,docs/endpoints.md:5-46
endpoints.doc-method-dispatch,documentation,docs/endpoints.md,HTTP method dispatch and unsupported methods,supported,starlette.endpoints.HTTPEndpoint,Define selected HTTP method handlers and send matching and nonmatching methods.,response_status; response_headers.allow; selected_handler,backlog,,,docs/endpoints.md:48-49
endpoints.doc-ws-encoding,documentation,docs/endpoints.md,WebSocketEndpoint encoding modes,supported,starlette.endpoints.WebSocketEndpoint; starlette.websockets.WebSocket,"Run text, bytes, and JSON endpoint variants with matching frame types and mismatched frame types.",websocket.messages; websocket.close_code; exception_type_and_observable_payload,backlog,,,docs/endpoints.md:53-63; docs/endpoints.md:75-85
endpoints.doc-ws-hooks,documentation,docs/endpoints.md,WebSocketEndpoint lifecycle hooks,supported,starlette.endpoints.WebSocketEndpoint,"Connect, send data, and disconnect while overriding on_connect, on_receive, and on_disconnect.",websocket.messages; websocket.close_code; lifecycle_and_cleanup_effects,backlog,,,docs/endpoints.md:65-85
endpoints.test_http_endpoint_does_not_dispatch_non_verb_method,upstream_test,tests/test_endpoints.py,test_http_endpoint_does_not_dispatch_non_verb_method,supported,starlette.endpoints.HTTPEndpoint; starlette.routing.Route,"Construct the app, route, or WebSocket scope for this behavior family and supply these request/event inputs in order: request('_DO_DELETE', '/').",response_status; response_bytes; response_headers.allow; websocket.messages; websocket.close_code; exception_type_and_observable_payload,backlog,,,tests/test_endpoints.py:50; tests/conftest.py:test_client_factory
endpoints.test_http_endpoint_route,upstream_test,tests/test_endpoints.py,test_http_endpoint_route,supported,starlette.endpoints.HTTPEndpoint; starlette.routing.Route,"Construct the app, route, or WebSocket scope for this behavior family and supply these request/event inputs in order: get('/').",response_status; response_bytes; response_headers.allow; websocket.messages; websocket.close_code; exception_type_and_observable_payload,backlog,,,tests/test_endpoints.py:31; tests/conftest.py:test_client_factory
endpoints.test_http_endpoint_route_method,upstream_test,tests/test_endpoints.py,test_http_endpoint_route_method,supported,starlette.endpoints.HTTPEndpoint; starlette.routing.Route,"Construct the app, route, or WebSocket scope for this behavior family and supply these request/event inputs in order: post('/').",response_status; response_bytes; response_headers.allow; websocket.messages; websocket.close_code; exception_type_and_observable_payload,backlog,,,tests/test_endpoints.py:43; tests/conftest.py:test_client_factory
endpoints.test_http_endpoint_route_path_params,upstream_test,tests/test_endpoints.py,test_http_endpoint_route_path_params,supported,starlette.endpoints.HTTPEndpoint; starlette.routing.Route,"Construct the app, route, or WebSocket scope for this behavior family and supply these request/event inputs in order: get('/tomchristie').",response_status; response_bytes; response_headers.allow; websocket.messages; websocket.close_code; exception_type_and_observable_payload,backlog,,,tests/test_endpoints.py:37; tests/conftest.py:test_client_factory
endpoints.test_websocket_endpoint_on_connect,upstream_test,tests/test_endpoints.py,test_websocket_endpoint_on_connect,supported,starlette.endpoints.WebSocketEndpoint; starlette.websockets.WebSocket,"Construct the app, route, or WebSocket scope for this behavior family and supply these request/event inputs in order: websocket_connect('/ws', subprotocols=['soap', 'wamp']).",websocket.messages; websocket.close_code,backlog,,,tests/test_endpoints.py:67; tests/conftest.py:test_client_factory
endpoints.test_websocket_endpoint_on_default,upstream_test,tests/test_endpoints.py,test_websocket_endpoint_on_default,supported,starlette.endpoints.WebSocketEndpoint; starlette.websockets.WebSocket,"Construct the app, route, or WebSocket scope for this behavior family and supply these request/event inputs in order: websocket_connect('/ws'), send_text('Hello, world!').",websocket.messages; websocket.close_code,backlog,,,tests/test_endpoints.py:154; tests/conftest.py:test_client_factory
endpoints.test_websocket_endpoint_on_disconnect,upstream_test,tests/test_endpoints.py,test_websocket_endpoint_on_disconnect,supported,starlette.endpoints.WebSocketEndpoint; starlette.websockets.WebSocket,"Construct the app, route, or WebSocket scope for this behavior family and supply these request/event inputs in order: close(code=close_code), websocket_connect('/ws'), close(code=1001). The client closes with code 1001.",websocket.messages; websocket.close_code; websocket.disconnect_code; websocket.disconnect_reason,backlog,,,tests/test_endpoints.py:168; tests/conftest.py:test_client_factory
endpoints.test_websocket_endpoint_on_receive_bytes,upstream_test,tests/test_endpoints.py,test_websocket_endpoint_on_receive_bytes,supported,starlette.endpoints.WebSocketEndpoint; starlette.websockets.WebSocket,"Construct the app, route, or WebSocket scope for this behavior family and supply these request/event inputs in order: websocket_connect('/ws'), send_bytes(b'Hello, world!'), send_text('Hello world').",websocket.messages; websocket.close_code,backlog,,,tests/test_endpoints.py:78; tests/conftest.py:test_client_factory
endpoints.test_websocket_endpoint_on_receive_json,upstream_test,tests/test_endpoints.py,test_websocket_endpoint_on_receive_json,supported,starlette.endpoints.WebSocketEndpoint; starlette.websockets.WebSocket,"Construct the app, route, or WebSocket scope for this behavior family and supply these request/event inputs in order: websocket_connect('/ws'), send_json({'hello': 'world'}), send_text('Hello world').",websocket.messages; websocket.close_code,backlog,,,tests/test_endpoints.py:98; tests/conftest.py:test_client_factory
endpoints.test_websocket_endpoint_on_receive_json_binary,upstream_test,tests/test_endpoints.py,test_websocket_endpoint_on_receive_json_binary,supported,starlette.endpoints.WebSocketEndpoint; starlette.websockets.WebSocket,"Construct the app, route, or WebSocket scope for this behavior family and supply these request/event inputs in order: send_json(mode='binary'), websocket_connect('/ws'), send_json({'hello': 'world'}, mode='binary').",websocket.messages; websocket.close_code,backlog,,,tests/test_endpoints.py:118; tests/conftest.py:test_client_factory
endpoints.test_websocket_endpoint_on_receive_text,upstream_test,tests/test_endpoints.py,test_websocket_endpoint_on_receive_text,supported,starlette.endpoints.WebSocketEndpoint; starlette.websockets.WebSocket,"Construct the app, route, or WebSocket scope for this behavior family and supply these request/event inputs in order: websocket_connect('/ws'), send_text('Hello, world!'), send_bytes(b'Hello world').",websocket.messages; websocket.close_code,backlog,,,tests/test_endpoints.py:134; tests/conftest.py:test_client_factory
middleware.alias.gzip-exclusion-constant,api_behavior,starlette/middleware/gzip.py,DEFAULT_EXCLUDED_CONTENT_TYPES future rename TODO,uncertain,starlette.middleware.gzip.DEFAULT_EXCLUDED_CONTENT_TYPES,Inspect the pinned module exports and GZipMiddleware default argument for both the current constant spelling and the singular spelling mentioned by the TODO; instantiate with default and custom exclusions.,exported symbol names; constructor default identity/value; import outcome,backlog,,,starlette/middleware/gzip.py:12-27;docs/middleware.md:269-280
middleware.api.sessions.non-http-pass-through,api_behavior,starlette/middleware/sessions.py,SessionMiddleware.__call__ unsupported-scope pass-through,supported,starlette.middleware.sessions.SessionMiddleware.session-workflow.non-http-pass-through,Invoke SessionMiddleware with a lifespan scope; provide startup then shutdown and drive the downstream completion messages from the input action.,scope/session observation; exact ordered ASGI lifecycle output events; absence of session access and modification,existing,tests/fixtures/sources/parity/session-middleware.yaml,,starlette/middleware/sessions.py:39-42
middleware.api.sessions.websocket-cookie-loading,api_behavior,starlette/middleware/sessions.py,SessionMiddleware.__call__ WebSocket scope cookie loading,supported,starlette.middleware.sessions.SessionMiddleware.session-workflow.websocket-cookie-loading,"Issue an HTTP session update, replay its live Set-Cookie value into a WebSocket scope, then accept and close the WebSocket from fixture-selected protocol values.",loaded scope session mapping; accessed and modified flags; WebSocket event order; HTTP Set-Cookie replay source,existing,tests/fixtures/sources/parity/session-middleware.yaml,,starlette/middleware/sessions.py:39-46;starlette/middleware/sessions.py:78-89;tests/middleware/test_session.py:32-62
middleware.deprecation.wsgi-module-warning,deprecation,starlette/middleware/wsgi.py,module import deprecation warning,supported,starlette.middleware.wsgi.WSGIMiddleware,Import the legacy WSGI middleware module in an isolated oracle process with warning capture enabled.,warning category; warning message; warning stacklevel/call-site; module import result,backlog,,,starlette/middleware/wsgi.py:17-22;docs/release-notes.md:909-910;pyproject.toml:118
middleware.docs.asgiref-optional-typing-dependency,optional_feature,docs/middleware.md,asgiref typing imports,n/a,,,,not_applicable,,asgiref is presented as an external annotation alternative rather than a Starlette runtime feature or declared dependency.,docs/middleware.md:418-462;pyproject.toml:33-42
middleware.docs.asgiref-typing-example,documentation,docs/middleware.md,ASGI type-annotation alternatives,n/a,,,,not_applicable,,The asgiref example is a typing-only alternative; its annotations add no independent Starlette runtime behavior. Starlette-owned type aliases are covered by public signature/API review.,docs/middleware.md:416-462;starlette/types.py:12-18
middleware.docs.base-http-contextvars,documentation,docs/middleware.md,BaseHTTPMiddleware ContextVar propagation limitation,supported,starlette.middleware.base.BaseHTTPMiddleware,Set a ContextVar in an async endpoint inside a BaseHTTPMiddleware stack; read it from the endpoint and from outer/subsequent pure ASGI middleware.,ContextVar observations by execution layer; task/exception context; middleware order,backlog,,,docs/middleware.md:343-350;tests/middleware/test_base.py:208-265;starlette/middleware/base.py:101-199
middleware.docs.base-http-dispatch,documentation,docs/middleware.md,BaseHTTPMiddleware dispatch/call_next contract,supported,starlette.middleware.base.BaseHTTPMiddleware;starlette.middleware.base.BaseHTTPMiddleware.dispatch,"Define a subclass overriding async dispatch(request, call_next), configure it through Middleware, and issue HTTP requests to endpoints; include constructor configuration and keep per-request state local.",request attributes observed by dispatch; downstream call trace; response status/headers/body; ASGI event order,backlog,,,docs/middleware.md:282-342;starlette/middleware/base.py:96-203
middleware.docs.body-limit-raw-bytes,documentation,docs/middleware.md,RequestBodyLimitMiddleware raw-byte accounting,supported,starlette.middleware.body_limit.RequestBodyLimitMiddleware,"Configure a non-negative max_body_size; send bodies below and above the limit with Content-Length present, missing, and understated, including fragmented chunks and multipart file/encoding bytes.",response status/headers/body; receive event count; total body bytes; ASGI event order; multipart parser interaction,backlog,,,docs/middleware.md:211-239;docs/release-notes.md:5-10;starlette/middleware/body_limit.py:30-124
middleware.docs.cleanup-and-error-handling,documentation,docs/middleware.md,Middleware try/except/finally and context-manager cleanup,supported,starlette.types.ASGIApp,Wrap an app that succeeds or raises with middleware using cleanup/finally or an async context manager; vary HTTP and WebSocket scopes as needed.,entry/exit order; exception type/context; cleanup completion; ASGI event order,backlog,,,docs/middleware.md:659-685;tests/middleware/test_base.py:415-470
middleware.docs.cors-global-enforcement,documentation,docs/middleware.md,CORS wrapper around the complete app,supported,starlette.middleware.cors.CORSMiddleware;starlette.middleware.errors.ServerErrorMiddleware,Wrap the complete Starlette app in CORSMiddleware; send an Origin request to an endpoint that raises an unhandled exception.,response status; Access-Control-Allow-Origin and Vary headers; ASGI event order; exception propagation,backlog,,,docs/middleware.md:104-127;starlette/middleware/cors.py:78-97;starlette/middleware/errors.py:127-187
middleware.docs.cors-policy,documentation,docs/middleware.md,CORSMiddleware options and restrictive defaults,supported,starlette.middleware.cors.CORSMiddleware,"Configure origin lists or regex, methods, request headers, credentials, exposed headers, and max_age; send simple and OPTIONS preflight requests with Origin and Access-Control-Request-* headers.",response status; repeated CORS/Vary headers; downstream invocation; response event order,backlog,,,docs/middleware.md:50-95;starlette/middleware/cors.py:15-77
middleware.docs.cors-private-network,documentation,docs/middleware.md,Private Network Access preflight behavior,supported,starlette.middleware.cors.CORSMiddleware.allow_private_network,"Configure allow_private_network both ways and send an OPTIONS preflight carrying Origin, Access-Control-Request-Method, and Access-Control-Request-Private-Network.",response status; Access-Control-Allow-Private-Network header; downstream invocation,backlog,,,docs/middleware.md:96-102;starlette/middleware/cors.py:107-151
middleware.docs.default-stack-order,documentation,docs/middleware.md,middleware configuration and default exception stack,supported,starlette.middleware.Middleware;starlette.middleware.errors.ServerErrorMiddleware;starlette.middleware.exceptions.ExceptionMiddleware,"Build a Starlette app with ordered middleware entries, one successful route, and one endpoint that raises; invoke both HTTP requests to trace outer-to-inner middleware and endpoint flow.",ASGI scope/event order; middleware entry sequence; response-start status/headers; exception type/context,backlog,,,docs/middleware.md:5-48;starlette/applications.py:31-78;starlette/middleware/__init__.py:21-37
middleware.docs.eager-response-and-wrapping,documentation,docs/middleware.md,Eager responses and wrapping arbitrary ASGI applications,supported,starlette.middleware.Middleware;starlette.responses.RedirectResponse,"Wrap an ASGI app; send one request that matches a middleware-owned path mapping and one that falls through, plus a non-HTTP scope.",downstream invocation; response status/headers/body; event ordering by scope,backlog,,,docs/middleware.md:500-588;docs/middleware.md:773-787;starlette/middleware/__init__.py:21-37
middleware.docs.gzip-exclusions,documentation,docs/middleware.md,GZip content-type exclusions and passthrough cases,supported,starlette.middleware.gzip.GZipMiddleware;starlette.middleware.gzip.DEFAULT_EXCLUDED_CONTENT_TYPES,"Configure default, replaced, and wildcard exclude_content_types; return responses with matching, non-matching, pre-encoded, event-stream, and partial-content metadata.",Content-Encoding/Length/Vary headers; body bytes/chunks; status; ASGI event order,backlog,,,docs/middleware.md:274-280;docs/release-notes.md:19-32;starlette/middleware/gzip.py:13-27;starlette/middleware/gzip.py:105-169
middleware.docs.gzip-stream-and-thresholds,documentation,docs/middleware.md,GZip standard and streaming response behavior,supported,starlette.middleware.gzip.GZipMiddleware,"Configure minimum_size, compresslevel, and thread_minimum_size; send requests with and without gzip negotiation to standard and multi-chunk streaming endpoints at different chunk sizes.",response headers; response body/chunk sequence; ASGI event order; compression thread identity,backlog,,,docs/middleware.md:241-273;starlette/middleware/gzip.py:44-78;starlette/middleware/gzip.py:101-177
middleware.docs.https-and-websocket-redirect,documentation,docs/middleware.md,HTTP/WS secure-scheme redirection,supported,starlette.middleware.httpsredirect.HTTPSRedirectMiddleware,"Wrap an ASGI app and send request scopes over http, https, ws, and wss schemes with host/path data.",HTTP response status/headers and Location; downstream invocation; WebSocket event order,backlog,,,docs/middleware.md:162-181;starlette/middleware/httpsredirect.py:6-25
middleware.docs.middleware-data-helpers,documentation,docs/middleware.md,"Using Request, data structures, and Response inside ASGI middleware",supported,starlette.requests.Request;starlette.datastructures.Headers;starlette.datastructures.QueryParams;starlette.datastructures.URL;starlette.responses.Response,"Construct request/data helpers from a supplied HTTP scope, inspect request fields, or invoke a Starlette response from middleware; vary query/header and response inputs.",observed request fields; response status/headers/body; ASGI event order,backlog,,,docs/middleware.md:491-512;starlette/requests.py:51;starlette/datastructures.py:28;starlette/responses.py:31
middleware.docs.pure-asgi-app-interoperability,documentation,docs/middleware.md,Wrap middleware around arbitrary ASGI applications,supported,starlette.middleware.Middleware;starlette.types.ASGIApp,"Place a pure ASGI middleware around a non-Starlette ASGI app and around a Starlette app; send HTTP, WebSocket, and lifespan scopes.",downstream scope/events; response and WebSocket event order; app identity/wrapper structure,backlog,,,docs/middleware.md:347-414;docs/middleware.md:773-787;starlette/middleware/__init__.py:21-37
middleware.docs.pure-asgi-interface,documentation,docs/middleware.md,Pure ASGI middleware callable and scope filtering,supported,starlette.types.ASGIApp;starlette.types.Scope;starlette.types.Receive;starlette.types.Send;starlette.types.Message,"Wrap an ASGI app with a middleware callable receiving scope, receive, and send; exercise HTTP, WebSocket, and lifespan scopes plus a filtered HTTP-only or WebSocket-only case.",scope type; receive/send message sequence; downstream invocation; exception/cancellation propagation,backlog,,,docs/middleware.md:347-489;starlette/types.py:12-18
middleware.docs.request-and-websocket-receive-wrapping,documentation,docs/middleware.md,Inspecting or modifying HTTP request and WebSocket receive events,supported,starlette.types.Receive;starlette.types.Scope;starlette.types.Message,"Wrap receive around HTTP and WebSocket apps; supply fragmented http.request events and websocket.receive messages, and vary scope type to exercise passthrough.",downstream receive messages; request body byte/chunk observations; WebSocket receive events; downstream invocation,backlog,,,docs/middleware.md:566-604;starlette/types.py:12-18
middleware.docs.response-and-websocket-send-wrapping,documentation,docs/middleware.md,Inspecting or modifying HTTP and WebSocket send events,supported,starlette.types.Send;starlette.types.Message;starlette.datastructures.MutableHeaders,Wrap send to append response headers or inspect/alter HTTP response events and WebSocket sends; include response bodies whose length changes.,send event order; repeated response headers; response body bytes; Content-Length; WebSocket send events,backlog,,,docs/middleware.md:606-639;starlette/types.py:13-18;starlette/datastructures.py:613-657
middleware.docs.route-mount-router-scope,documentation,docs/middleware.md,"Middleware placement on Mount, Route, WebSocketRoute, and Router",supported,starlette.middleware.Middleware;starlette.routing.Mount;starlette.routing.Route;starlette.routing.Router,"Configure the same observable middleware at app, mount, route, and router levels; send requests to included and excluded paths and a mounted app that raises.",middleware invocation order; route/scope identity; exception handling boundary; response headers/body,backlog,,,docs/middleware.md:788-858;starlette/routing.py:205-244;starlette/routing.py:360-395;starlette/routing.py:576-619
middleware.docs.scope-information-to-endpoint,documentation,docs/middleware.md,Passing middleware information through scope to endpoints,supported,starlette.types.Scope;starlette.requests.Request.scope,Add a uniquely namespaced scope value in middleware and issue an HTTP request to an endpoint that reads it.,scope keys/values at middleware and endpoint; ASGI event order,backlog,,,docs/middleware.md:641-657;starlette/types.py:12;starlette/requests.py:51
middleware.docs.session-cookie-contract,documentation,docs/middleware.md,SessionMiddleware cookie persistence and configuration,supported,starlette.middleware.sessions.SessionMiddleware.session-workflow.construct;starlette.middleware.sessions.SessionMiddleware.session-workflow.signed-cookie-round-trip;starlette.middleware.sessions.SessionMiddleware.session-workflow.invalid-signature-fallback;starlette.middleware.sessions.SessionMiddleware.session-workflow.max-age-expiry;starlette.middleware.sessions.SessionMiddleware.session-workflow.max-age-default;starlette.middleware.sessions.SessionMiddleware.session-workflow.max-age-none;starlette.middleware.sessions.SessionMiddleware.session-workflow.default-cookie-attributes;starlette.middleware.sessions.SessionMiddleware.session-workflow.custom-cookie-attributes;starlette.middleware.sessions.SessionMiddleware.session-workflow.domain-secure-attributes;starlette.middleware.sessions.SessionMiddleware.session-workflow.cookie-subpath;starlette.middleware.sessions.SessionMiddleware.session-workflow.session-mutation-flags;starlette.middleware.sessions.SessionMiddleware.session-workflow.vary-cookie-on-access;starlette.middleware.sessions.SessionMiddleware.session-workflow.no-access-no-vary;starlette.middleware.sessions.SessionMiddleware.session-workflow.set-cookie-only-on-modification;starlette.middleware.sessions.SessionMiddleware.session-workflow.clear-existing-session;starlette.middleware.sessions.SessionMiddleware.session-workflow.clear-empty-session,"Input-defined SessionMiddleware constructor and ordered HTTP requests; dynamically replay prior Set-Cookie values; observe request.session state, mutation flags, response headers, and ASGI events.",request session values; accessed and modified flags; mutation result; ordered response headers including Set-Cookie and Vary; response bytes; ASGI event order,existing,tests/fixtures/sources/parity/session-middleware.yaml,,docs/middleware.md:129-160;starlette/middleware/sessions.py:16-89;starlette/middleware/sessions.py:90-140
middleware.docs.stateless-per-request-state,documentation,docs/middleware.md,Keep connection-specific ASGI middleware state inside __call__,supported,starlette.types.ASGIApp;starlette.middleware.gzip.GZipMiddleware,Issue overlapping requests with different response headers through middleware that keeps a request-specific flag in __call__; exercise both flagged and unflagged requests.,per-request response body/header; cross-request state isolation; event order,backlog,,,docs/middleware.md:687-762;starlette/middleware/gzip.py:60-78
middleware.docs.third-party-ecosystem,documentation,docs/middleware.md,Third-party middleware catalog,n/a,,,,not_applicable,,This section lists separately maintained packages and integrations; it specifies no Starlette-owned runtime behavior to compare.,docs/middleware.md:860-928
middleware.docs.trusted-host-validation,documentation,docs/middleware.md,"TrustedHost allowlists, wildcard matching, and www redirect",supported,starlette.middleware.trustedhost.TrustedHostMiddleware,"Configure allowed hostnames and www_redirect; send Host values for the apex, wildcard subdomains, invalid names, and www/non-www variants.",response status; Location and host-related headers; downstream invocation; response body,backlog,,,docs/middleware.md:183-209;starlette/middleware/trustedhost.py:12-57
middleware.docs.wsgi-adapter,documentation,docs/middleware.md,WSGIMiddleware conversion overview,supported,starlette.middleware.wsgi.WSGIMiddleware,"Wrap a WSGI callable; supply an HTTP scope and request body, then observe how its WSGI response is bridged to ASGI.",WSGI environ fields; ASGI response start/body sequence; response headers/status; task/thread cleanup,backlog,,,docs/middleware.md:925-927;starlette/middleware/wsgi.py:25-156
middleware.optional.multipart-body-limit,optional_feature,pyproject.toml,full extra: python-multipart for multipart body-limit use,supported,starlette.middleware.body_limit.RequestBodyLimitMiddleware,"Install the full extra when testing multipart parsing, then POST a multipart body with file bytes and encoding overhead through RequestBodyLimitMiddleware.",dependency availability; parser/import outcome; received raw byte total; ASGI response events,backlog,,,pyproject.toml:38-42;docs/middleware.md:211-239;tests/middleware/test_body_limit.py:357-368
middleware.optional.sessions-itsdangerous,optional_feature,pyproject.toml,full extra: itsdangerous for SessionMiddleware,supported,starlette.middleware.sessions.SessionMiddleware,Run the session middleware import and a signed-cookie read/update flow in environments with and without the full-extra itsdangerous dependency.,dependency availability; import outcome; cookie and request.session observations,backlog,,,pyproject.toml:38-42;starlette/middleware/sessions.py:8-30;docs/middleware.md:129-160
middleware.python-version.exception-group,python_version,tests/middleware/test_base.py,test_custom_middleware: ExceptionGroup setup on Python 3.10+,supported,starlette.middleware.base.BaseHTTPMiddleware,Run the custom middleware error-propagation inputs with Python 3.10 using the exceptiongroup fallback and with Python 3.11+ using the built-in ExceptionGroup.,Python version; exception type and group structure; propagated exception context; ASGI event order,backlog,,,pyproject.toml:12;tests/middleware/test_base.py:25-27;tests/middleware/test_base.py:97-120;uv.lock:18
middleware.support.client-factory,test_support,tests/types.py,TestClientFactory,n/a,,,,not_applicable,,"Shared pytest harness selects TestClient backends and constructs test clients; it is transport/test scaffolding, not an independent middleware consumer behavior. Translate each mapped middleware test into ASGI inputs without copying the harness.",tests/types.py:10-27;tests/conftest.py:14-27;tests/middleware/test_base.py:97-100
middleware.support.package-marker,test_support,tests/middleware/__init__.py,package marker,n/a,,,,not_applicable,,The middleware test package marker contains no executable helper or independent parity behavior.,tests/middleware/__init__.py
middleware.test.base.test_app_middleware_argument,upstream_test,tests/middleware/test_base.py,test_app_middleware_argument,supported,starlette.middleware.base.BaseHTTPMiddleware,"Create a Starlette app with Middleware(CustomMiddleware), issue GET /, and have dispatch await call_next before mutating the returned response header.",starlette.middleware.base.BaseHTTPMiddleware.base-http-workflow: ordered ASGI response headers including Custom-Header,existing,tests/fixtures/sources/parity/base-http-middleware.yaml,,tests/middleware/test_base.py:179-187;docs/middleware.md:282-302;starlette/middleware/base.py:96-203
middleware.test.base.test_app_receives_http_disconnect_after_sending_if_discarded,upstream_test,tests/middleware/test_base.py,test_app_receives_http_disconnect_after_sending_if_discarded,supported,starlette.middleware.base.BaseHTTPMiddleware;starlette.types.Receive;starlette.types.Message,"Directly invoke BaseHTTPMiddleware around an ASGI app that sends http.response.start and two non-terminal response.body chunks, then enters a receive that blocks; dispatch returns a replacement response and completion wakes that receive with http.disconnect.",ordered execution_trace; outer ASGI response status and bytes; downstream receive result is http.disconnect,existing,tests/fixtures/sources/parity/base-http-middleware.yaml,,"tests/middleware/test_base.py:549-596;starlette/middleware/base.py:108-139,190-197;tests/fixtures/sources/parity/base-http-middleware.yaml"
middleware.test.base.test_app_receives_http_disconnect_while_sending_if_discarded,upstream_test,tests/middleware/test_base.py,test_app_receives_http_disconnect_while_sending_if_discarded,supported,starlette.middleware.base.BaseHTTPMiddleware;starlette.types.Receive;starlette.types.Message,"Dispatch reads one body chunk from the downstream call_next response and closes its iterator before returning a replacement; the downstream ASGI app repeatedly sends the input-defined non-terminal body message and must observe http.disconnect, cancelling its task group before the input-defined safety guard expires.",dispatch_response_stream_reads; downstream_receive_events; downstream_stream_cancellation_results; replacement response status/headers/body; ordered outer ASGI events,existing,tests/fixtures/sources/parity/base-http-middleware.yaml,,"tests/middleware/test_base.py:473-546;starlette/middleware/base.py:108-139,190-197;tests/fixtures/sources/parity/base-http-middleware.yaml"
middleware.test.base.test_asgi_pathsend_events,upstream_test,tests/middleware/test_base.py,test_asgi_pathsend_events,supported,starlette.middleware.base.BaseHTTPMiddleware.base-http-workflow.construct-configured-middleware;starlette.middleware.base.BaseHTTPMiddleware.base-http-workflow.pathsend-event-forwarding,Run GET / through configured BaseHTTPMiddleware to a FileResponse while the scope advertises http.response.pathsend; the receive callback raises if called.,response_status;ordered_repeated_headers;asgi_event_order;asgi_events;request_receive_events,existing,tests/fixtures/sources/parity/base-http-middleware.yaml,,tests/middleware/test_base.py:1219-1259;starlette/middleware/base.py:112-197;starlette/responses.py:344-392;tests/fixtures/sources/parity/base-http-middleware.yaml
middleware.test.base.test_contextvars,upstream_test,tests/middleware/test_base.py,test_contextvars,supported,starlette.middleware.base.BaseHTTPMiddleware,"Run an async endpoint that reads a ContextVar set by middleware and changes it. Parameter values: CustomMiddlewareWithoutBaseHTTPMiddleware and pytest.param(CustomMiddlewareUsingBaseHTTPMiddleware, xfail-marked for the source-reported context behavior).",ASGI http.response.start status and headers; ordered response body chunks; receive/send event order; downstream exception type/context; disconnect observations; background-task and cleanup completion,backlog,,,tests/middleware/test_base.py:249-265;starlette/middleware/base.py
middleware.test.base.test_custom_middleware,upstream_test,tests/middleware/test_base.py,test_custom_middleware,supported,starlette.middleware.base.BaseHTTPMiddleware,"Wrap routes for ordinary HTTP, endpoint exceptions, a streaming exception, an exception group, a missing response, and a WebSocket endpoint in the custom BaseHTTPMiddleware; issue GET requests and one WebSocket connection.",ASGI http.response.start status and headers; ordered response body chunks; receive/send event order; downstream exception type/context; disconnect observations; background-task and cleanup completion,backlog,,,tests/middleware/test_base.py:97-120;starlette/middleware/base.py
middleware.test.base.test_do_not_block_on_background_tasks,upstream_test,tests/middleware/test_base.py,test_do_not_block_on_background_tasks,supported,starlette.middleware.base.BaseHTTPMiddleware,Start two concurrent direct ASGI requests to responses with delayed background tasks; capture response-body and task lifecycle ordering.,ASGI http.response.start status and headers; ordered response body chunks; receive/send event order; downstream exception type/context; disconnect observations; background-task and cleanup completion,backlog,,,tests/middleware/test_base.py:360-411;starlette/middleware/base.py
middleware.test.base.test_downstream_middleware_modifies_receive,upstream_test,tests/middleware/test_base.py,test_downstream_middleware_modifies_receive,supported,starlette.middleware.base.BaseHTTPMiddleware.base-http-workflow.downstream-middleware-receive-transformation,POST body `foo `; dispatch reads Request.body() before call_next; a downstream ASGI receive wrapper duplicates the http.request body bytes; endpoint reads Request.body() and sends an empty 200 response.,dispatch_body_reads; downstream_receive_transformations before/after payloads; downstream_body_reads; response status and ordered headers; ASGI event order and messages,existing,tests/fixtures/sources/parity/base-http-middleware.yaml,,tests/middleware/test_base.py:979-1017;starlette/middleware/base.py:20-93;starlette/middleware/base.py:101-198;tests/fixtures/sources/parity/base-http-middleware.yaml
middleware.test.base.test_error_context_propagation,upstream_test,tests/middleware/test_base.py,test_error_context_propagation,supported,starlette.middleware.base.BaseHTTPMiddleware,Run nested middleware and an endpoint that raises; capture propagated exceptions and exception-context links across dispatch boundaries.,ASGI http.response.start status and headers; ordered response body chunks; receive/send event order; downstream exception type/context; disconnect observations; background-task and cleanup completion,backlog,,,tests/middleware/test_base.py:1262-1318;starlette/middleware/base.py
middleware.test.base.test_exception_can_be_caught,upstream_test,tests/middleware/test_base.py,test_exception_can_be_caught,supported,starlette.middleware.base.BaseHTTPMiddleware.base-http-workflow.catch-call-next-exception,"Dispatch awaits call_next, catches the endpoint's ValueError(""TEST""), and returns an input-configured PlainTextResponse with status 400.","caught exception class and message; response status, ordered headers, and body; ASGI event order and messages",existing,tests/fixtures/sources/parity/base-http-middleware.yaml,,tests/middleware/test_base.py:338-356;starlette/middleware/base.py:112-168;tests/fixtures/sources/parity/base-http-middleware.yaml
middleware.test.base.test_fully_evaluated_response,upstream_test,tests/middleware/test_base.py,test_fully_evaluated_response,supported,starlette.middleware.base.BaseHTTPMiddleware,Configure Middleware(CustomMiddleware) on a route-less Starlette app; dispatch awaits call_next for a route miss and returns a new PlainTextResponse.,starlette.middleware.base.BaseHTTPMiddleware.base-http-workflow: ASGI response body bytes,existing,tests/fixtures/sources/parity/base-http-middleware.yaml,,tests/middleware/test_base.py:190-205;docs/middleware.md:282-302;starlette/middleware/base.py:96-203
middleware.test.base.test_multiple_middlewares_stacked_client_disconnected,upstream_test,tests/middleware/test_base.py,test_multiple_middlewares_stacked_client_disconnected,supported,starlette.middleware.base.BaseHTTPMiddleware;starlette.types.Receive;starlette.types.Message,Stack multiple BaseHTTPMiddleware layers around streaming/request-reading endpoints; deliver the request and client-disconnect event sequence.,ASGI http.response.start status and headers; ordered response body chunks; receive/send event order; downstream exception type/context; disconnect observations; background-task and cleanup completion,backlog,,,tests/middleware/test_base.py:1063-1165;starlette/middleware/base.py
middleware.test.base.test_poll_for_disconnect_repeated,upstream_test,tests/middleware/test_base.py,test_poll_for_disconnect_repeated,supported,starlette.middleware.base.BaseHTTPMiddleware.base-http-workflow.repeated-disconnect-polling,"Pass call_next through to a direct ASGI app that polls receive twice, draining request events until disconnect before returning Response(b'good!'); cover send_body=True with a chunked body and send_body=False with disconnect only.","raw request_receive_events; downstream_receive_events; per-poll drained request events and results; response status, ordered headers, body bytes and ASGI event order",existing,tests/fixtures/sources/parity/base-http-middleware.yaml,,tests/middleware/test_base.py:1168-1215;starlette/middleware/base.py:28-59;starlette/middleware/base.py:80-93;starlette/middleware/base.py:112-130;tests/fixtures/sources/parity/base-http-middleware.yaml
middleware.test.base.test_pr_1519_comment_1236166180_example,upstream_test,tests/middleware/test_base.py,test_pr_1519_comment_1236166180_example,supported,starlette.middleware.base.BaseHTTPMiddleware,Replay the direct ASGI receive/send and cancellation ordering from the referenced regression scenario through BaseHTTPMiddleware.,ASGI http.response.start status and headers; ordered response body chunks; receive/send event order; downstream exception type/context; disconnect observations; background-task and cleanup completion,backlog,,,tests/middleware/test_base.py:1020-1059;starlette/middleware/base.py
middleware.test.base.test_read_request_body_in_app_after_middleware_calls_body,upstream_test,tests/middleware/test_base.py,test_read_request_body_in_app_after_middleware_calls_body,supported,starlette.middleware.base.BaseHTTPMiddleware.base-http-workflow.downstream-body-read-after-body-cache,"POST body b""a""; dispatch consumes Request.body() before call_next, then the endpoint reads and returns that cached body.",dispatch body bytes; downstream body bytes; response status/body; ordered ASGI events,existing,tests/fixtures/sources/parity/base-http-middleware.yaml,,"tests/middleware/test_base.py:689-712;starlette/middleware/base.py:20-59,80-93,112-130;starlette/requests.py:234-260;tests/fixtures/sources/parity/base-http-middleware.yaml"
middleware.test.base.test_read_request_body_in_app_after_middleware_calls_stream,upstream_test,tests/middleware/test_base.py,test_read_request_body_in_app_after_middleware_calls_stream,supported,starlette.middleware.base.BaseHTTPMiddleware,POST a body; middleware consumes Request.stream() before call_next and the endpoint subsequently consumes Request.body().,ASGI http.response.start status and headers; ordered response body chunks; receive/send event order; downstream exception type/context; disconnect observations; background-task and cleanup completion,existing,tests/fixtures/sources/parity/base-http-middleware.yaml,,tests/middleware/test_base.py:660-686;starlette/middleware/base.py
middleware.test.base.test_read_request_body_in_dispatch_after_app_calls_body_with_middleware_calling_body_before_call_next,upstream_test,tests/middleware/test_base.py,test_read_request_body_in_dispatch_after_app_calls_body_with_middleware_calling_body_before_call_next,supported,starlette.middleware.base.BaseHTTPMiddleware;starlette.requests.Request.body,"POST two request-body chunks; dispatch reads Request.body() before call_next, the endpoint reads and returns Request.body(), then dispatch reads its cached body again.",dispatch_body_reads; response_bytes; ASGI response event order,existing,tests/fixtures/sources/parity/base-http-middleware.yaml,,tests/middleware/test_base.py:865-890;starlette/middleware/base.py:20-93;tests/fixtures/sources/parity/base-http-middleware.yaml
middleware.test.base.test_read_request_disconnected_after_consuming_steam,upstream_test,tests/middleware/test_base.py,test_read_request_disconnected_after_consuming_steam,supported,starlette.middleware.base.BaseHTTPMiddleware.base-http-workflow.construct-configured-middleware;starlette.middleware.base.BaseHTTPMiddleware.base-http-workflow.request-disconnect-observation,"POST body b'hi'; dispatch caches Request.body(), polls Request.is_disconnected() to consume the following http.disconnect, then the downstream app receives the cached body and disconnect.","dispatch_body_reads; dispatch_disconnect_checks; request_receive_events; downstream receive messages in execution_trace; response status, body, and ordered ASGI events",existing,tests/fixtures/sources/parity/base-http-middleware.yaml,,"tests/middleware/test_base.py:938-976;starlette/middleware/base.py:20-59,80-93,112-130;starlette/requests.py:234-260,313-328;tests/fixtures/sources/parity/base-http-middleware.yaml"
middleware.test.base.test_read_request_disconnected_client,upstream_test,tests/middleware/test_base.py,test_read_request_disconnected_client,supported,starlette.middleware.base.BaseHTTPMiddleware.base-http-workflow.construct-configured-middleware;starlette.middleware.base.BaseHTTPMiddleware.base-http-workflow.request-disconnect-observation,"POST a direct ASGI request containing only http.disconnect; the downstream app receives it, dispatch checks Request.is_disconnected(), then returns the call_next response.","dispatch_disconnect_checks; request_receive_events; downstream receive messages in execution_trace; response status, body, and ordered ASGI events",existing,tests/fixtures/sources/parity/base-http-middleware.yaml,,"tests/middleware/test_base.py:894-934;starlette/middleware/base.py:20-59,80-93,112-130;starlette/requests.py:234-260,313-328;tests/fixtures/sources/parity/base-http-middleware.yaml"
middleware.test.base.test_read_request_stream_in_app_after_middleware_calls_body,upstream_test,tests/middleware/test_base.py,test_read_request_stream_in_app_after_middleware_calls_body,supported,starlette.middleware.base.BaseHTTPMiddleware.base-http-workflow.downstream-stream-read-after-body-cache,POST a body; middleware consumes Request.body() before call_next and the endpoint subsequently consumes Request.stream().,ASGI http.response.start status and headers; ordered response body chunks; receive/send event order; downstream exception type/context; disconnect observations; background-task and cleanup completion,existing,tests/fixtures/sources/parity/base-http-middleware.yaml,,"tests/middleware/test_base.py:631-657;starlette/middleware/base.py:80-93,112-130;starlette/requests.py:234-260;tests/fixtures/sources/parity/base-http-middleware.yaml"
middleware.test.base.test_read_request_stream_in_app_after_middleware_calls_stream,upstream_test,tests/middleware/test_base.py,test_read_request_stream_in_app_after_middleware_calls_stream,supported,starlette.middleware.base.BaseHTTPMiddleware.base-http-workflow.downstream-stream-read-after-stream-consumption,"POST a body; dispatch exhausts Request.stream() before call_next, then the downstream endpoint consumes its stream and returns an input-defined plain-text response.",dispatch_stream_reads; downstream_stream_reads; response status and body; ordered ASGI events,existing,tests/fixtures/sources/parity/base-http-middleware.yaml,,"tests/middleware/test_base.py:599-628;starlette/middleware/base.py:20-59,80-93,112-130;starlette/requests.py:234-260;tests/fixtures/sources/parity/base-http-middleware.yaml"
middleware.test.base.test_read_request_stream_in_dispatch_after_app_calls_body,upstream_test,tests/middleware/test_base.py,test_read_request_stream_in_dispatch_after_app_calls_body,supported,starlette.middleware.base.BaseHTTPMiddleware.base-http-workflow.dispatch-stream-read-after-downstream-body-read,"POST a body; the endpoint reads Request.body(), then dispatch captures one Request.stream() read after call_next.",dispatch_stream_reads; downstream_body_reads; response status and body; ordered ASGI events,existing,tests/fixtures/sources/parity/base-http-middleware.yaml,,"tests/middleware/test_base.py:747-773;starlette/middleware/base.py:20-59,80-93,112-130;starlette/requests.py:234-260;tests/fixtures/sources/parity/base-http-middleware.yaml"
middleware.test.base.test_read_request_stream_in_dispatch_after_app_calls_body_with_middleware_calling_body_before_call_next,upstream_test,tests/middleware/test_base.py,test_read_request_stream_in_dispatch_after_app_calls_body_with_middleware_calling_body_before_call_next,supported,starlette.middleware.base.BaseHTTPMiddleware.base-http-workflow.dispatch-stream-replay-after-pre-call-next-body-cache,"POST a body; dispatch caches Request.body() before call_next, the endpoint reads the cached body, then dispatch captures the cached stream body chunk, empty terminal chunk, and exhaustion.",dispatch_body_reads; dispatch_stream_reads; downstream_body_reads; response status and body; ordered ASGI events,existing,tests/fixtures/sources/parity/base-http-middleware.yaml,,"tests/middleware/test_base.py:835-862;starlette/middleware/base.py:20-93,112-130;starlette/requests.py:234-260;tests/fixtures/sources/parity/base-http-middleware.yaml"
middleware.test.base.test_read_request_stream_in_dispatch_after_app_calls_stream,upstream_test,tests/middleware/test_base.py,test_read_request_stream_in_dispatch_after_app_calls_stream,supported,starlette.middleware.base.BaseHTTPMiddleware.base-http-workflow.dispatch-stream-read-after-downstream-stream-consumption,"POST a body; the endpoint exhausts Request.stream(), then dispatch captures one Request.stream() read after call_next.",dispatch_stream_reads; downstream_stream_reads; response status and body; ordered ASGI events,existing,tests/fixtures/sources/parity/base-http-middleware.yaml,,"tests/middleware/test_base.py:715-744;starlette/middleware/base.py:20-59,80-93,112-130;starlette/requests.py:234-260;tests/fixtures/sources/parity/base-http-middleware.yaml"
middleware.test.base.test_read_request_stream_in_dispatch_wrapping_app_calls_body,upstream_test,tests/middleware/test_base.py,test_read_request_stream_in_dispatch_wrapping_app_calls_body,supported,starlette.middleware.base.BaseHTTPMiddleware,POST a body through a pure ASGI wrapper and BaseHTTPMiddleware; downstream reads Request.body() while dispatch reads Request.stream().,ASGI http.response.start status and headers; ordered response body chunks; receive/send event order; downstream exception type/context; disconnect observations; background-task and cleanup completion,backlog,,,tests/middleware/test_base.py:777-832;starlette/middleware/base.py
middleware.test.base.test_run_background_tasks_even_if_client_disconnects,upstream_test,tests/middleware/test_base.py,test_run_background_tasks_even_if_client_disconnects,supported,starlette.middleware.base.BaseHTTPMiddleware;starlette.types.Receive;starlette.types.Message,Directly invoke an ASGI app whose endpoint response has a delayed background task; capture the response send and task completion timeline.,ASGI http.response.start status and headers; ordered response body chunks; receive/send event order; downstream exception type/context; disconnect observations; background-task and cleanup completion,backlog,,,tests/middleware/test_base.py:269-312;starlette/middleware/base.py
middleware.test.base.test_run_background_tasks_raise_exceptions,upstream_test,tests/middleware/test_base.py,test_run_background_tasks_raise_exceptions,supported,starlette.middleware.base.BaseHTTPMiddleware,Issue GET to an endpoint with a delayed background task that raises after response handling.,ASGI http.response.start status and headers; ordered response body chunks; receive/send event order; downstream exception type/context; disconnect observations; background-task and cleanup completion,backlog,,,tests/middleware/test_base.py:315-335;starlette/middleware/base.py
middleware.test.base.test_run_context_manager_exit_even_if_client_disconnects,upstream_test,tests/middleware/test_base.py,test_run_context_manager_exit_even_if_client_disconnects,supported,starlette.middleware.base.BaseHTTPMiddleware;starlette.types.Receive;starlette.types.Message,Invoke the app through BaseHTTPMiddleware and a pure ASGI context-manager middleware whose exit callback and endpoint background task are delayed.,ASGI http.response.start status and headers; ordered response body chunks; receive/send event order; downstream exception type/context; disconnect observations; background-task and cleanup completion,backlog,,,tests/middleware/test_base.py:415-470;starlette/middleware/base.py
middleware.test.base.test_state_data_across_multiple_middlewares,upstream_test,tests/middleware/test_base.py,test_state_data_across_multiple_middlewares,supported,starlette.middleware.base.BaseHTTPMiddleware,Stack three BaseHTTPMiddleware classes; the outer layers set/read request.state values around a GET to a text endpoint.,ASGI http.response.start status and headers; ordered response body chunks; receive/send event order; downstream exception type/context; disconnect observations; background-task and cleanup completion,backlog,,,tests/middleware/test_base.py:123-176;starlette/middleware/base.py
middleware.test.body_limit.test_body_size_limit,upstream_test,tests/middleware/test_body_limit.py,test_body_size_limit,supported,starlette.middleware.body_limit.RequestBodyLimitMiddleware,"POST body inputs at, then above, a configured 5-byte maximum to an endpoint that reads and echoes the body.",response status and headers; response body bytes; receive call count and request chunk totals; ASGI event order; scope limit value/restoration; downstream exception type,backlog,,,tests/middleware/test_body_limit.py:23-36;starlette/middleware/body_limit.py
middleware.test.body_limit.test_content_length_is_checked_without_reading_body,upstream_test,tests/middleware/test_body_limit.py,test_content_length_is_checked_without_reading_body,supported,starlette.middleware.body_limit.RequestBodyLimitMiddleware,Send a Content-Length declaring a body over the limit and instrument downstream receive to observe whether the body is consumed.,response status and headers; response body bytes; receive call count and request chunk totals; ASGI event order; scope limit value/restoration; downstream exception type,backlog,,,tests/middleware/test_body_limit.py:39-53;starlette/middleware/body_limit.py
middleware.test.body_limit.test_content_length_rejects_before_receiving_body,upstream_test,tests/middleware/test_body_limit.py,test_content_length_rejects_before_receiving_body,supported,starlette.middleware.body_limit.RequestBodyLimitMiddleware,Directly invoke RequestBodyLimitMiddleware with an oversized Content-Length and a receive callable that records calls.,response status and headers; response body bytes; receive call count and request chunk totals; ASGI event order; scope limit value/restoration; downstream exception type,backlog,,,tests/middleware/test_body_limit.py:76-97;starlette/middleware/body_limit.py
middleware.test.body_limit.test_existing_scope_limit_is_restored,upstream_test,tests/middleware/test_body_limit.py,test_existing_scope_limit_is_restored,supported,starlette.middleware.body_limit.RequestBodyLimitMiddleware,Invoke middleware with an existing body-size scope key; preserve and inspect the original scope input after completion.,response status and headers; response body bytes; receive call count and request chunk totals; ASGI event order; scope limit value/restoration; downstream exception type,backlog,,,tests/middleware/test_body_limit.py:220-241;starlette/middleware/body_limit.py
middleware.test.body_limit.test_limit_exceeded_after_response_started_is_raised,upstream_test,tests/middleware/test_body_limit.py,test_limit_exceeded_after_response_started_is_raised,supported,starlette.middleware.body_limit.RequestBodyLimitMiddleware,Use a downstream app that starts a response before reading enough request-body chunks to exceed the limit.,response status and headers; response body bytes; receive call count and request chunk totals; ASGI event order; scope limit value/restoration; downstream exception type,backlog,,,tests/middleware/test_body_limit.py:145-170;starlette/middleware/body_limit.py
middleware.test.body_limit.test_mount_can_override_application_limit,upstream_test,tests/middleware/test_body_limit.py,test_mount_can_override_application_limit,supported,starlette.middleware.body_limit.RequestBodyLimitMiddleware;starlette.routing.Route.max_body_size;starlette.routing.Router.max_body_size;starlette.routing.Mount.max_body_size,Configure app and mounted-subapplication body limits; POST through the mount using a body between those limits.,response status and headers; response body bytes; receive call count and request chunk totals; ASGI event order; scope limit value/restoration; downstream exception type,backlog,,,tests/middleware/test_body_limit.py:295-310;starlette/middleware/body_limit.py
middleware.test.body_limit.test_multipart_file_counts_towards_limit,upstream_test,tests/middleware/test_body_limit.py,test_multipart_file_counts_towards_limit,supported,starlette.middleware.body_limit.RequestBodyLimitMiddleware,POST multipart form data with a file body and encoding overhead under a configured raw-body limit.,response status and headers; response body bytes; receive call count and request chunk totals; ASGI event order; scope limit value/restoration; downstream exception type,backlog,,,tests/middleware/test_body_limit.py:357-368;starlette/middleware/body_limit.py
middleware.test.body_limit.test_non_http_scope_is_unchanged,upstream_test,tests/middleware/test_body_limit.py,test_non_http_scope_is_unchanged,supported,starlette.middleware.body_limit.RequestBodyLimitMiddleware,Invoke the middleware with the source-case non-HTTP scope and event stream.,response status and headers; response body bytes; receive call count and request chunk totals; ASGI event order; scope limit value/restoration; downstream exception type,backlog,,,tests/middleware/test_body_limit.py:174-193;starlette/middleware/body_limit.py
middleware.test.body_limit.test_non_request_message_passes_through,upstream_test,tests/middleware/test_body_limit.py,test_non_request_message_passes_through,supported,starlette.middleware.body_limit.RequestBodyLimitMiddleware,Send a non-http.request receive event through the body-limit wrapper to a downstream ASGI app.,response status and headers; response body bytes; receive call count and request chunk totals; ASGI event order; scope limit value/restoration; downstream exception type,backlog,,,tests/middleware/test_body_limit.py:197-216;starlette/middleware/body_limit.py
middleware.test.body_limit.test_received_bytes_are_counted_with_unreliable_content_length,upstream_test,tests/middleware/test_body_limit.py,test_received_bytes_are_counted_with_unreliable_content_length,supported,starlette.middleware.body_limit.RequestBodyLimitMiddleware,POST fragmented body events with an understated Content-Length so received bytes exceed the configured limit.,response status and headers; response body bytes; receive call count and request chunk totals; ASGI event order; scope limit value/restoration; downstream exception type,backlog,,,tests/middleware/test_body_limit.py:128-141;starlette/middleware/body_limit.py
middleware.test.body_limit.test_received_bytes_are_counted_without_content_length,upstream_test,tests/middleware/test_body_limit.py,test_received_bytes_are_counted_without_content_length,supported,starlette.middleware.body_limit.RequestBodyLimitMiddleware,POST fragmented request-body events without Content-Length whose combined bytes cross the configured limit.,response status and headers; response body bytes; receive call count and request chunk totals; ASGI event order; scope limit value/restoration; downstream exception type,backlog,,,tests/middleware/test_body_limit.py:101-125;starlette/middleware/body_limit.py
middleware.test.body_limit.test_route_can_lower_application_limit,upstream_test,tests/middleware/test_body_limit.py,test_route_can_lower_application_limit,supported,starlette.middleware.body_limit.RequestBodyLimitMiddleware;starlette.routing.Route.max_body_size;starlette.routing.Router.max_body_size;starlette.routing.Mount.max_body_size,Configure a higher app max_body_size and a lower route max_body_size; POST a body between those limits.,response status and headers; response body bytes; receive call count and request chunk totals; ASGI event order; scope limit value/restoration; downstream exception type,backlog,,,tests/middleware/test_body_limit.py:284-292;starlette/middleware/body_limit.py
middleware.test.body_limit.test_route_can_raise_application_limit,upstream_test,tests/middleware/test_body_limit.py,test_route_can_raise_application_limit,supported,starlette.middleware.body_limit.RequestBodyLimitMiddleware;starlette.routing.Route.max_body_size;starlette.routing.Router.max_body_size;starlette.routing.Mount.max_body_size,Configure a lower app max_body_size and a higher route max_body_size; POST a body between those limits.,response status and headers; response body bytes; receive call count and request chunk totals; ASGI event order; scope limit value/restoration; downstream exception type,backlog,,,tests/middleware/test_body_limit.py:266-281;starlette/middleware/body_limit.py
middleware.test.body_limit.test_route_override_applies_when_middleware_defers_response_start,upstream_test,tests/middleware/test_body_limit.py,test_route_override_applies_when_middleware_defers_response_start,supported,starlette.middleware.body_limit.RequestBodyLimitMiddleware;starlette.routing.Route.max_body_size;starlette.routing.Router.max_body_size;starlette.routing.Mount.max_body_size,Configure application and route body limits with middleware that delays response start; POST a body between the two configured limits.,response status and headers; response body bytes; receive call count and request chunk totals; ASGI event order; scope limit value/restoration; downstream exception type,backlog,,,tests/middleware/test_body_limit.py:56-72;starlette/middleware/body_limit.py
middleware.test.body_limit.test_route_override_survives_shallow_scope_copy,upstream_test,tests/middleware/test_body_limit.py,test_route_override_survives_shallow_scope_copy,supported,starlette.middleware.body_limit.RequestBodyLimitMiddleware;starlette.routing.Route.max_body_size;starlette.routing.Router.max_body_size;starlette.routing.Mount.max_body_size,"Configure app and route limits, pass the request through a middleware that shallow-copies scope, and POST a body between configured thresholds.",response status and headers; response body bytes; receive call count and request chunk totals; ASGI event order; scope limit value/restoration; downstream exception type,backlog,,,tests/middleware/test_body_limit.py:321-338;starlette/middleware/body_limit.py
middleware.test.body_limit.test_router_limit,upstream_test,tests/middleware/test_body_limit.py,test_router_limit,supported,starlette.middleware.body_limit.RequestBodyLimitMiddleware;starlette.routing.Route.max_body_size;starlette.routing.Router.max_body_size;starlette.routing.Mount.max_body_size,Create a Router with its own max_body_size and POST a body across that configured threshold.,response status and headers; response body bytes; receive call count and request chunk totals; ASGI event order; scope limit value/restoration; downstream exception type,backlog,,,tests/middleware/test_body_limit.py:313-318;starlette/middleware/body_limit.py
middleware.test.body_limit.test_starlette_limit_applies_before_user_middleware,upstream_test,tests/middleware/test_body_limit.py,test_starlette_limit_applies_before_user_middleware,supported,starlette.middleware.body_limit.RequestBodyLimitMiddleware;starlette.routing.Route.max_body_size;starlette.routing.Router.max_body_size;starlette.routing.Mount.max_body_size,Configure the app max_body_size and a user middleware that reads the incoming body; POST a body that crosses the app limit.,response status and headers; response body bytes; receive call count and request chunk totals; ASGI event order; scope limit value/restoration; downstream exception type,backlog,,,tests/middleware/test_body_limit.py:244-263;starlette/middleware/body_limit.py
middleware.test.body_limit.test_stricter_route_rejects_body_read_by_middleware,upstream_test,tests/middleware/test_body_limit.py,test_stricter_route_rejects_body_read_by_middleware,supported,starlette.middleware.body_limit.RequestBodyLimitMiddleware;starlette.routing.Route.max_body_size;starlette.routing.Router.max_body_size;starlette.routing.Mount.max_body_size,Configure a stricter route limit than the app limit; have middleware read the body before the route handler.,response status and headers; response body bytes; receive call count and request chunk totals; ASGI event order; scope limit value/restoration; downstream exception type,backlog,,,tests/middleware/test_body_limit.py:341-354;starlette/middleware/body_limit.py
middleware.test.cors.test_cors_allow_all,upstream_test,tests/middleware/test_cors.py,test_cors_allow_all,supported,starlette.middleware.cors.CORSMiddleware,"Configure CORS policy for the source-case origin, methods, headers, credentials, regex, or private-network setting; send a simple request or OPTIONS preflight with Origin and the applicable Access-Control-Request-* headers. Case: cors allow all.",response status; repeated response headers; downstream-call/event trace; ASGI request/response event order,backlog,,,tests/middleware/test_cors.py:10-68;starlette/middleware/cors.py
middleware.test.cors.test_cors_allow_all_except_credentials,upstream_test,tests/middleware/test_cors.py,test_cors_allow_all_except_credentials,supported,starlette.middleware.cors.CORSMiddleware,"Configure CORS policy for the source-case origin, methods, headers, credentials, regex, or private-network setting; send a simple request or OPTIONS preflight with Origin and the applicable Access-Control-Request-* headers. Case: cors allow all except credentials.",response status; repeated response headers; downstream-call/event trace; ASGI request/response event order,backlog,,,tests/middleware/test_cors.py:71-119;starlette/middleware/cors.py
middleware.test.cors.test_cors_allow_all_methods,upstream_test,tests/middleware/test_cors.py,test_cors_allow_all_methods,supported,starlette.middleware.cors.CORSMiddleware,"Configure CORS policy for the source-case origin, methods, headers, credentials, regex, or private-network setting; send a simple request or OPTIONS preflight with Origin and the applicable Access-Control-Request-* headers. Case: cors allow all methods.",response status; repeated response headers; downstream-call/event trace; ASGI request/response event order,backlog,,,tests/middleware/test_cors.py:271-297;starlette/middleware/cors.py
middleware.test.cors.test_cors_allow_origin_regex,upstream_test,tests/middleware/test_cors.py,test_cors_allow_origin_regex,supported,starlette.middleware.cors.CORSMiddleware,"Configure CORS policy for the source-case origin, methods, headers, credentials, regex, or private-network setting; send a simple request or OPTIONS preflight with Origin and the applicable Access-Control-Request-* headers. Case: cors allow origin regex.",response status; repeated response headers; downstream-call/event trace; ASGI request/response event order,backlog,,,tests/middleware/test_cors.py:300-369;starlette/middleware/cors.py
middleware.test.cors.test_cors_allow_origin_regex_fullmatch,upstream_test,tests/middleware/test_cors.py,test_cors_allow_origin_regex_fullmatch,supported,starlette.middleware.cors.CORSMiddleware,"Configure CORS policy for the source-case origin, methods, headers, credentials, regex, or private-network setting; send a simple request or OPTIONS preflight with Origin and the applicable Access-Control-Request-* headers. Case: cors allow origin regex fullmatch.",response status; repeated response headers; downstream-call/event trace; ASGI request/response event order,backlog,,,tests/middleware/test_cors.py:372-404;starlette/middleware/cors.py
middleware.test.cors.test_cors_allow_specific_origin,upstream_test,tests/middleware/test_cors.py,test_cors_allow_specific_origin,supported,starlette.middleware.cors.CORSMiddleware,"Configure CORS policy for the source-case origin, methods, headers, credentials, regex, or private-network setting; send a simple request or OPTIONS preflight with Origin and the applicable Access-Control-Request-* headers. Case: cors allow specific origin.",response status; repeated response headers; downstream-call/event trace; ASGI request/response event order,backlog,,,tests/middleware/test_cors.py:122-168;starlette/middleware/cors.py
middleware.test.cors.test_cors_allowed_origin_does_not_leak_between_requests,upstream_test,tests/middleware/test_cors.py,test_cors_allowed_origin_does_not_leak_between_requests,supported,starlette.middleware.cors.CORSMiddleware,"Configure CORS policy for the source-case origin, methods, headers, credentials, regex, or private-network setting; send a simple request or OPTIONS preflight with Origin and the applicable Access-Control-Request-* headers. Case: cors allowed origin does not leak between requests.",response status; repeated response headers; downstream-call/event trace; ASGI request/response event order,backlog,,,tests/middleware/test_cors.py:474-492;starlette/middleware/cors.py
middleware.test.cors.test_cors_disallowed_preflight,upstream_test,tests/middleware/test_cors.py,test_cors_disallowed_preflight,supported,starlette.middleware.cors.CORSMiddleware,"Configure CORS policy for the source-case origin, methods, headers, credentials, regex, or private-network setting; send a simple request or OPTIONS preflight with Origin and the applicable Access-Control-Request-* headers. Case: cors disallowed preflight.",response status; repeated response headers; downstream-call/event trace; ASGI request/response event order,backlog,,,tests/middleware/test_cors.py:171-209;starlette/middleware/cors.py
middleware.test.cors.test_cors_preflight_allow_all_methods,upstream_test,tests/middleware/test_cors.py,test_cors_preflight_allow_all_methods,supported,starlette.middleware.cors.CORSMiddleware,"Configure CORS policy for the source-case origin, methods, headers, credentials, regex, or private-network setting; send a simple request or OPTIONS preflight with Origin and the applicable Access-Control-Request-* headers. Case: cors preflight allow all methods.",response status; repeated response headers; downstream-call/event trace; ASGI request/response event order,backlog,,,tests/middleware/test_cors.py:247-268;starlette/middleware/cors.py
middleware.test.cors.test_cors_private_network_access_allowed,upstream_test,tests/middleware/test_cors.py,test_cors_private_network_access_allowed,supported,starlette.middleware.cors.CORSMiddleware,"Configure CORS policy for the source-case origin, methods, headers, credentials, regex, or private-network setting; send a simple request or OPTIONS preflight with Origin and the applicable Access-Control-Request-* headers. Case: cors private network access allowed.",response status; repeated response headers; downstream-call/event trace; ASGI request/response event order,backlog,,,tests/middleware/test_cors.py:495-533;starlette/middleware/cors.py
middleware.test.cors.test_cors_private_network_access_disallowed,upstream_test,tests/middleware/test_cors.py,test_cors_private_network_access_disallowed,supported,starlette.middleware.cors.CORSMiddleware,"Configure CORS policy for the source-case origin, methods, headers, credentials, regex, or private-network setting; send a simple request or OPTIONS preflight with Origin and the applicable Access-Control-Request-* headers. Case: cors private network access disallowed.",response status; repeated response headers; downstream-call/event trace; ASGI request/response event order,backlog,,,tests/middleware/test_cors.py:536-567;starlette/middleware/cors.py
middleware.test.cors.test_cors_vary_header_defaults_to_origin,upstream_test,tests/middleware/test_cors.py,test_cors_vary_header_defaults_to_origin,supported,starlette.middleware.cors.CORSMiddleware,"Configure CORS policy for the source-case origin, methods, headers, credentials, regex, or private-network setting; send a simple request or OPTIONS preflight with Origin and the applicable Access-Control-Request-* headers. Case: cors vary header defaults to origin.",response status; repeated response headers; downstream-call/event trace; ASGI request/response event order,backlog,,,tests/middleware/test_cors.py:407-422;starlette/middleware/cors.py
middleware.test.cors.test_cors_vary_header_is_not_set_for_non_credentialed_request,upstream_test,tests/middleware/test_cors.py,test_cors_vary_header_is_not_set_for_non_credentialed_request,supported,starlette.middleware.cors.CORSMiddleware,"Configure CORS policy for the source-case origin, methods, headers, credentials, regex, or private-network setting; send a simple request or OPTIONS preflight with Origin and the applicable Access-Control-Request-* headers. Case: cors vary header is not set for non credentialed request.",response status; repeated response headers; downstream-call/event trace; ASGI request/response event order,backlog,,,tests/middleware/test_cors.py:425-437;starlette/middleware/cors.py
middleware.test.cors.test_cors_vary_header_is_properly_set_for_credentialed_request,upstream_test,tests/middleware/test_cors.py,test_cors_vary_header_is_properly_set_for_credentialed_request,supported,starlette.middleware.cors.CORSMiddleware,"Configure CORS policy for the source-case origin, methods, headers, credentials, regex, or private-network setting; send a simple request or OPTIONS preflight with Origin and the applicable Access-Control-Request-* headers. Case: cors vary header is properly set for credentialed request.",response status; repeated response headers; downstream-call/event trace; ASGI request/response event order,backlog,,,tests/middleware/test_cors.py:440-452;starlette/middleware/cors.py
middleware.test.cors.test_cors_vary_header_is_properly_set_when_allow_origins_is_not_wildcard,upstream_test,tests/middleware/test_cors.py,test_cors_vary_header_is_properly_set_when_allow_origins_is_not_wildcard,supported,starlette.middleware.cors.CORSMiddleware,"Configure CORS policy for the source-case origin, methods, headers, credentials, regex, or private-network setting; send a simple request or OPTIONS preflight with Origin and the applicable Access-Control-Request-* headers. Case: cors vary header is properly set when allow origins is not wildcard.",response status; repeated response headers; downstream-call/event trace; ASGI request/response event order,backlog,,,tests/middleware/test_cors.py:455-471;starlette/middleware/cors.py
middleware.test.cors.test_preflight_allows_request_origin_if_origins_wildcard_and_credentials_allowed,upstream_test,tests/middleware/test_cors.py,test_preflight_allows_request_origin_if_origins_wildcard_and_credentials_allowed,supported,starlette.middleware.cors.CORSMiddleware,"Configure CORS policy for the source-case origin, methods, headers, credentials, regex, or private-network setting; send a simple request or OPTIONS preflight with Origin and the applicable Access-Control-Request-* headers. Case: preflight allows request origin if origins wildcard and credentials allowed.",response status; repeated response headers; downstream-call/event trace; ASGI request/response event order,backlog,,,tests/middleware/test_cors.py:212-244;starlette/middleware/cors.py
middleware.test.errors.test_background_task,upstream_test,tests/middleware/test_errors.py,test_background_task,supported,starlette.middleware.errors.ServerErrorMiddleware,"Configure custom error handler or debug mode, then invoke an HTTP or non-HTTP scope whose endpoint raises or whose response/background task fails as named. Case: background task.",response status and headers; response body bytes/content type; response-start timing; debug extension/event data; propagated exception type and context,backlog,,,tests/middleware/test_errors.py:83-105;starlette/middleware/errors.py
middleware.test.errors.test_debug_after_response_sent,upstream_test,tests/middleware/test_errors.py,test_debug_after_response_sent,supported,starlette.middleware.errors.ServerErrorMiddleware,"Configure custom error handler or debug mode, then invoke an HTTP or non-HTTP scope whose endpoint raises or whose response/background task fails as named. Case: debug after response sent.",response status and headers; response body bytes/content type; response-start timing; debug extension/event data; propagated exception type and context,backlog,,,tests/middleware/test_errors.py:55-64;starlette/middleware/errors.py
middleware.test.errors.test_debug_html,upstream_test,tests/middleware/test_errors.py,test_debug_html,supported,starlette.middleware.errors.ServerErrorMiddleware,"Configure custom error handler or debug mode, then invoke an HTTP or non-HTTP scope whose endpoint raises or whose response/background task fails as named. Case: debug html.",response status and headers; response body bytes/content type; response-start timing; debug extension/event data; propagated exception type and context,backlog,,,tests/middleware/test_errors.py:43-52;starlette/middleware/errors.py
middleware.test.errors.test_debug_not_http,upstream_test,tests/middleware/test_errors.py,test_debug_not_http,supported,starlette.middleware.errors.ServerErrorMiddleware,"Configure custom error handler or debug mode, then invoke an HTTP or non-HTTP scope whose endpoint raises or whose response/background task fails as named. Case: debug not http.",response status and headers; response body bytes/content type; response-start timing; debug extension/event data; propagated exception type and context,backlog,,,tests/middleware/test_errors.py:67-80;starlette/middleware/errors.py
middleware.test.errors.test_debug_text,upstream_test,tests/middleware/test_errors.py,test_debug_text,supported,starlette.middleware.errors.ServerErrorMiddleware,"Configure custom error handler or debug mode, then invoke an HTTP or non-HTTP scope whose endpoint raises or whose response/background task fails as named. Case: debug text.",response status and headers; response body bytes/content type; response-start timing; debug extension/event data; propagated exception type and context,backlog,,,tests/middleware/test_errors.py:31-40;starlette/middleware/errors.py
middleware.test.errors.test_handler,upstream_test,tests/middleware/test_errors.py,test_handler,supported,starlette.middleware.errors.ServerErrorMiddleware,"Configure custom error handler or debug mode, then invoke an HTTP or non-HTTP scope whose endpoint raises or whose response/background task fails as named. Case: handler.",response status and headers; response body bytes/content type; response-start timing; debug extension/event data; propagated exception type and context,backlog,,,tests/middleware/test_errors.py:15-28;starlette/middleware/errors.py
middleware.test.gzip.test_gzip_cleared_exclude_content_types,upstream_test,tests/middleware/test_gzip.py,test_gzip_cleared_exclude_content_types,supported,starlette.middleware.gzip.GZipMiddleware,"Configure gzip thresholds/exclusions and send Accept-Encoding with a standard, streaming, pathsend, partial, or identity response using the content type and chunk sizes named by the case. Case: gzip cleared exclude content types.",response headers; response body/chunk sequence; ASGI event order; compression worker-thread identity where exercised,backlog,,,tests/middleware/test_gzip.py:360-372;starlette/middleware/gzip.py
middleware.test.gzip.test_gzip_compresses_svg_by_default,upstream_test,tests/middleware/test_gzip.py,test_gzip_compresses_svg_by_default,supported,starlette.middleware.gzip.GZipMiddleware.construct;starlette.middleware.gzip.GZipMiddleware.gzip-final-response;starlette.middleware.gzip.GZipMiddleware.default-allowed-content-type,"Run a 4,000-byte image/svg+xml response through GZipMiddleware constructed with public defaults and Accept-Encoding: gzip.",exact ordered response headers; raw response body bytes; ASGI event order,existing,tests/fixtures/sources/parity/gzip-middleware.yaml,,"tests/middleware/test_gzip.py:330-342;starlette/middleware/gzip.py:13-27,101-177;tests/fixtures/sources/parity/gzip-middleware.yaml"
middleware.test.gzip.test_gzip_compression_in_thread,upstream_test,tests/middleware/test_gzip.py,test_gzip_compression_in_thread,supported,starlette.middleware.gzip.GZipMiddleware,Set a low thread_minimum_size and return a standard response body large enough to exercise worker-thread compression.,response headers; response body/chunk sequence; ASGI event order; compression worker-thread identity where exercised,backlog,,,tests/middleware/test_gzip.py:98-115;starlette/middleware/gzip.py
middleware.test.gzip.test_gzip_custom_exclude_content_types,upstream_test,tests/middleware/test_gzip.py,test_gzip_custom_exclude_content_types,supported,starlette.middleware.gzip.GZipMiddleware,"Configure gzip thresholds/exclusions and send Accept-Encoding with a standard, streaming, pathsend, partial, or identity response using the content type and chunk sizes named by the case. Case: gzip custom exclude content types.",response headers; response body/chunk sequence; ASGI event order; compression worker-thread identity where exercised,backlog,,,tests/middleware/test_gzip.py:345-357;starlette/middleware/gzip.py
middleware.test.gzip.test_gzip_default_exclude_content_types,upstream_test,tests/middleware/test_gzip.py,test_gzip_default_exclude_content_types,supported,starlette.middleware.gzip.GZipMiddleware.construct;starlette.middleware.gzip.GZipMiddleware.default-excluded-content-type,"Run each of the five pinned parameter values through GZipMiddleware constructed with its public defaults and Accept-Encoding: gzip: application/zip, audio/mpeg, font/woff2, image/png, and video/mp4.",exact ordered response headers; raw response body bytes and chunk sequence; ASGI event order,existing,tests/fixtures/sources/parity/gzip-middleware.yaml,,tests/middleware/test_gzip.py:315-327;starlette/middleware/gzip.py:13-27;tests/fixtures/sources/parity/gzip-middleware.yaml
middleware.test.gzip.test_gzip_exclude_content_types_for_identity_client,upstream_test,tests/middleware/test_gzip.py,test_gzip_exclude_content_types_for_identity_client,supported,starlette.middleware.gzip.GZipMiddleware,"Configure gzip thresholds/exclusions and send Accept-Encoding with a standard, streaming, pathsend, partial, or identity response using the content type and chunk sizes named by the case. Case: gzip exclude content types for identity client.",response headers; response body/chunk sequence; ASGI event order; compression worker-thread identity where exercised,backlog,,,tests/middleware/test_gzip.py:375-387;starlette/middleware/gzip.py
middleware.test.gzip.test_gzip_exclude_content_types_matching,upstream_test,tests/middleware/test_gzip.py,test_gzip_exclude_content_types_matching,supported,starlette.middleware.gzip.GZipMiddleware.construct;starlette.middleware.gzip.GZipMiddleware.excluded-content-type,Run all three pinned parameter triples through GZipMiddleware with Accept-Encoding: gzip: case-normalized Text/Event-Stream; charset=utf-8 against text/event-stream; a configured Application/ZIP; charset=utf-8 against application/zip; and image/* against image/png.,exact ordered response headers; raw response body bytes; ASGI event order,existing,tests/fixtures/sources/parity/gzip-middleware.yaml,,"tests/middleware/test_gzip.py:398-412;starlette/middleware/gzip.py:105-169,212-225;tests/fixtures/sources/parity/gzip-middleware.yaml"
middleware.test.gzip.test_gzip_ignored_for_pathsend_responses,upstream_test,tests/middleware/test_gzip.py,test_gzip_ignored_for_pathsend_responses,supported,starlette.middleware.gzip.GZipMiddleware,Send an http.response.pathsend event from a downstream app with a gzip-capable request scope.,response headers; response body/chunk sequence; ASGI event order; compression worker-thread identity where exercised,backlog,,,tests/middleware/test_gzip.py:220-255;starlette/middleware/gzip.py
middleware.test.gzip.test_gzip_ignored_for_responses_with_encoding_set,upstream_test,tests/middleware/test_gzip.py,test_gzip_ignored_for_responses_with_encoding_set,supported,starlette.middleware.gzip.GZipMiddleware,"Configure gzip thresholds/exclusions and send Accept-Encoding with a standard, streaming, pathsend, partial, or identity response using the content type and chunk sizes named by the case. Case: gzip ignored for responses with encoding set.",response headers; response body/chunk sequence; ASGI event order; compression worker-thread identity where exercised,backlog,,,tests/middleware/test_gzip.py:172-194;starlette/middleware/gzip.py
middleware.test.gzip.test_gzip_ignored_for_small_responses,upstream_test,tests/middleware/test_gzip.py,test_gzip_ignored_for_small_responses,supported,starlette.middleware.gzip.GZipMiddleware,"Configure gzip thresholds/exclusions and send Accept-Encoding with a standard, streaming, pathsend, partial, or identity response using the content type and chunk sizes named by the case. Case: gzip ignored for small responses.",response headers; response body/chunk sequence; ASGI event order; compression worker-thread identity where exercised,backlog,,,tests/middleware/test_gzip.py:55-72;starlette/middleware/gzip.py
middleware.test.gzip.test_gzip_ignored_on_range_responses,upstream_test,tests/middleware/test_gzip.py,test_gzip_ignored_on_range_responses,supported,starlette.middleware.gzip.GZipMiddleware,"Configure gzip thresholds/exclusions and send Accept-Encoding with a standard, streaming, pathsend, partial, or identity response using the content type and chunk sizes named by the case. Case: gzip ignored on range responses.",response headers; response body/chunk sequence; ASGI event order; compression worker-thread identity where exercised,backlog,,,tests/middleware/test_gzip.py:258-275;starlette/middleware/gzip.py
middleware.test.gzip.test_gzip_ignored_on_server_sent_events,upstream_test,tests/middleware/test_gzip.py,test_gzip_ignored_on_server_sent_events,supported,starlette.middleware.gzip.GZipMiddleware,"Configure gzip thresholds/exclusions and send Accept-Encoding with a standard, streaming, pathsend, partial, or identity response using the content type and chunk sizes named by the case. Case: gzip ignored on server sent events.",response headers; response body/chunk sequence; ASGI event order; compression worker-thread identity where exercised,backlog,,,tests/middleware/test_gzip.py:197-216;starlette/middleware/gzip.py
middleware.test.gzip.test_gzip_not_in_accept_encoding,upstream_test,tests/middleware/test_gzip.py,test_gzip_not_in_accept_encoding,supported,starlette.middleware.gzip.GZipMiddleware,"Configure gzip thresholds/exclusions and send Accept-Encoding with a standard, streaming, pathsend, partial, or identity response using the content type and chunk sizes named by the case. Case: gzip not in accept encoding.",response headers; response body/chunk sequence; ASGI event order; compression worker-thread identity where exercised,backlog,,,tests/middleware/test_gzip.py:37-52;starlette/middleware/gzip.py
middleware.test.gzip.test_gzip_responder_normalizes_content_types,upstream_test,tests/middleware/test_gzip.py,test_gzip_responder_normalizes_content_types,supported,starlette.middleware.gzip.GZipMiddleware,"Configure gzip thresholds/exclusions and send Accept-Encoding with a standard, streaming, pathsend, partial, or identity response using the content type and chunk sizes named by the case. Case: gzip responder normalizes content types.",response headers; response body/chunk sequence; ASGI event order; compression worker-thread identity where exercised,backlog,,,tests/middleware/test_gzip.py:415-426;starlette/middleware/gzip.py
middleware.test.gzip.test_gzip_responses,upstream_test,tests/middleware/test_gzip.py,test_gzip_responses,supported,starlette.middleware.gzip.GZipMiddleware,"Configure gzip thresholds/exclusions and send Accept-Encoding with a standard, streaming, pathsend, partial, or identity response using the content type and chunk sizes named by the case. Case: gzip responses.",response headers; response body/chunk sequence; ASGI event order; compression worker-thread identity where exercised,backlog,,,tests/middleware/test_gzip.py:19-34;starlette/middleware/gzip.py
middleware.test.gzip.test_gzip_streaming_compression_in_thread,upstream_test,tests/middleware/test_gzip.py,test_gzip_streaming_compression_in_thread,supported,starlette.middleware.gzip.GZipMiddleware,Set a low thread_minimum_size and stream body chunks that meet the worker-thread threshold.,response headers; response body/chunk sequence; ASGI event order; compression worker-thread identity where exercised,backlog,,,tests/middleware/test_gzip.py:118-146;starlette/middleware/gzip.py
middleware.test.gzip.test_gzip_streaming_response,upstream_test,tests/middleware/test_gzip.py,test_gzip_streaming_response,supported,starlette.middleware.gzip.GZipMiddleware,"Configure gzip thresholds/exclusions and send Accept-Encoding with a standard, streaming, pathsend, partial, or identity response using the content type and chunk sizes named by the case. Case: gzip streaming response.",response headers; response body/chunk sequence; ASGI event order; compression worker-thread identity where exercised,backlog,,,tests/middleware/test_gzip.py:75-95;starlette/middleware/gzip.py
middleware.test.gzip.test_gzip_streaming_response_emits_output_per_chunk,upstream_test,tests/middleware/test_gzip.py,test_gzip_streaming_response_emits_output_per_chunk,supported,starlette.middleware.gzip.GZipMiddleware.construct;starlette.middleware.gzip.GZipMiddleware.streaming-chunks;starlette.middleware.gzip.GZipMiddleware.streaming-empty-chunk,"Stream the pinned data: first, empty, and data: last body chunks through GZipMiddleware with public defaults; preserve and compare output after every input chunk.",exact ordered response headers; exact raw compressed body chunk bytes including empty chunk; ASGI event order,existing,tests/fixtures/sources/parity/gzip-middleware.yaml,,tests/middleware/test_gzip.py:278-308;starlette/middleware/gzip.py:101-177;tests/fixtures/sources/parity/gzip-middleware.yaml
middleware.test.gzip.test_gzip_streaming_response_identity,upstream_test,tests/middleware/test_gzip.py,test_gzip_streaming_response_identity,supported,starlette.middleware.gzip.GZipMiddleware,"Configure gzip thresholds/exclusions and send Accept-Encoding with a standard, streaming, pathsend, partial, or identity response using the content type and chunk sizes named by the case. Case: gzip streaming response identity.",response headers; response body/chunk sequence; ASGI event order; compression worker-thread identity where exercised,backlog,,,tests/middleware/test_gzip.py:149-169;starlette/middleware/gzip.py
middleware.test.https_redirect.test_https_redirect_middleware,upstream_test,tests/middleware/test_https_redirect.py,test_https_redirect_middleware,supported,starlette.middleware.httpsredirect.HTTPSRedirectMiddleware,"Wrap a minimal ASGI app and send HTTP, HTTPS, WS, or WSS scope/scheme inputs with host and path components. Case: https redirect middleware.",response status and headers including Location; downstream invocation trace; WebSocket ASGI events,backlog,,,tests/middleware/test_https_redirect.py:10-41;starlette/middleware/httpsredirect.py
middleware.test.middleware.test_middleware_iter,upstream_test,tests/middleware/test_middleware.py,test_middleware_iter,uncertain,starlette.middleware.Middleware,"Construct Middleware with a class and positional/keyword configuration values, then iterate it.",rendered repr string; tuple iteration element order and values,backlog,,,tests/middleware/test_middleware.py:20-22;starlette/middleware/__init__.py
middleware.test.middleware.test_middleware_repr,upstream_test,tests/middleware/test_middleware.py,test_middleware_repr,uncertain,starlette.middleware.Middleware,"Construct Middleware with a class and positional/keyword configuration values, then request its repr.",rendered repr string; tuple iteration element order and values,backlog,,,tests/middleware/test_middleware.py:15-17;starlette/middleware/__init__.py
middleware.test.session.test_domain_cookie,upstream_test,tests/middleware/test_session.py,test_domain_cookie,supported,starlette.middleware.sessions.SessionMiddleware.session-workflow.domain-secure-attributes,"Input-defined SessionMiddleware constructor and ordered HTTP requests; dynamically replay prior Set-Cookie values; observe request.session state, mutation flags, response headers, and ASGI events.",request session values; accessed and modified flags; mutation result; ordered response headers including Set-Cookie and Vary; response bytes; ASGI event order,existing,tests/fixtures/sources/parity/session-middleware.yaml,,tests/middleware/test_session.py:185-204;starlette/middleware/sessions.py:16-89
middleware.test.session.test_invalid_session_cookie,upstream_test,tests/middleware/test_session.py,test_invalid_session_cookie,supported,starlette.middleware.sessions.SessionMiddleware.session-workflow.invalid-signature-fallback,"Input-defined SessionMiddleware constructor and ordered HTTP requests; dynamically replay prior Set-Cookie values; observe request.session state, mutation flags, response headers, and ASGI events.",request session values; accessed and modified flags; mutation result; ordered response headers including Set-Cookie and Vary; response bytes; ASGI event order,existing,tests/fixtures/sources/parity/session-middleware.yaml,,tests/middleware/test_session.py:144-160;starlette/middleware/sessions.py:16-89
middleware.test.session.test_secure_session,upstream_test,tests/middleware/test_session.py,test_secure_session,supported,starlette.middleware.sessions.SessionMiddleware.session-workflow.domain-secure-attributes,"Input-defined SessionMiddleware constructor and ordered HTTP requests; dynamically replay prior Set-Cookie values; observe request.session state, mutation flags, response headers, and ASGI events.",request session values; accessed and modified flags; mutation result; ordered response headers including Set-Cookie and Vary; response bytes; ASGI event order,existing,tests/fixtures/sources/parity/session-middleware.yaml,,tests/middleware/test_session.py:89-123;starlette/middleware/sessions.py:16-89
middleware.test.session.test_session,upstream_test,tests/middleware/test_session.py,test_session,supported,starlette.middleware.sessions.SessionMiddleware.session-workflow.construct;starlette.middleware.sessions.SessionMiddleware.session-workflow.signed-cookie-round-trip;starlette.middleware.sessions.SessionMiddleware.session-workflow.max-age-default;starlette.middleware.sessions.SessionMiddleware.session-workflow.default-cookie-attributes;starlette.middleware.sessions.SessionMiddleware.session-workflow.vary-cookie-on-access;starlette.middleware.sessions.SessionMiddleware.session-workflow.set-cookie-only-on-modification;starlette.middleware.sessions.SessionMiddleware.session-workflow.clear-existing-session;starlette.middleware.sessions.SessionMiddleware.session-workflow.clear-empty-session,"Input-defined SessionMiddleware constructor and ordered HTTP requests; dynamically replay prior Set-Cookie values; observe request.session state, mutation flags, response headers, and ASGI events.",request session values; accessed and modified flags; mutation result; ordered response headers including Set-Cookie and Vary; response bytes; ASGI event order,existing,tests/fixtures/sources/parity/session-middleware.yaml,,tests/middleware/test_session.py:32-62;starlette/middleware/sessions.py:16-89;docs/middleware.md:129-160
middleware.test.session.test_session_cookie,upstream_test,tests/middleware/test_session.py,test_session_cookie,supported,starlette.middleware.sessions.SessionMiddleware.session-workflow.custom-cookie-attributes;starlette.middleware.sessions.SessionMiddleware.session-workflow.max-age-none,"Input-defined SessionMiddleware constructor and ordered HTTP requests; dynamically replay prior Set-Cookie values; observe request.session state, mutation flags, response headers, and ASGI events.",request session values; accessed and modified flags; mutation result; ordered response headers including Set-Cookie and Vary; response bytes; ASGI event order,existing,tests/fixtures/sources/parity/session-middleware.yaml,,tests/middleware/test_session.py:163-182;starlette/middleware/sessions.py:16-89
middleware.test.session.test_session_cookie_subpath,upstream_test,tests/middleware/test_session.py,test_session_cookie_subpath,supported,starlette.middleware.sessions.SessionMiddleware.session-workflow.cookie-subpath,"Input-defined SessionMiddleware constructor and ordered HTTP requests; dynamically replay prior Set-Cookie values; observe request.session state, mutation flags, response headers, and ASGI events.",request session values; accessed and modified flags; mutation result; ordered response headers including Set-Cookie and Vary; response bytes; ASGI event order,existing,tests/fixtures/sources/parity/session-middleware.yaml,,tests/middleware/test_session.py:126-141;starlette/middleware/sessions.py:16-89
middleware.test.session.test_session_expires,upstream_test,tests/middleware/test_session.py,test_session_expires,supported,starlette.middleware.sessions.SessionMiddleware.session-workflow.max-age-expiry,"Input-defined SessionMiddleware constructor and ordered HTTP requests; dynamically replay prior Set-Cookie values; observe request.session state, mutation flags, response headers, and ASGI events.",request session values; accessed and modified flags; mutation result; ordered response headers including Set-Cookie and Vary; response bytes; ASGI event order,existing,tests/fixtures/sources/parity/session-middleware.yaml,,tests/middleware/test_session.py:65-86;starlette/middleware/sessions.py:16-89
middleware.test.session.test_session_tracks_modification,upstream_test,tests/middleware/test_session.py,test_session_tracks_modification,supported,starlette.middleware.sessions.SessionMiddleware.session-workflow.session-mutation-flags,"Input-defined SessionMiddleware constructor and ordered HTTP requests; dynamically replay prior Set-Cookie values; observe request.session state, mutation flags, response headers, and ASGI events.",request session values; accessed and modified flags; mutation result; ordered response headers including Set-Cookie and Vary; response bytes; ASGI event order,existing,tests/fixtures/sources/parity/session-middleware.yaml,,tests/middleware/test_session.py:251-287;starlette/middleware/sessions.py:90-140
middleware.test.session.test_set_cookie_only_on_modification,upstream_test,tests/middleware/test_session.py,test_set_cookie_only_on_modification,supported,starlette.middleware.sessions.SessionMiddleware.session-workflow.set-cookie-only-on-modification,"Input-defined SessionMiddleware constructor and ordered HTTP requests; dynamically replay prior Set-Cookie values; observe request.session state, mutation flags, response headers, and ASGI events.",request session values; accessed and modified flags; mutation result; ordered response headers including Set-Cookie and Vary; response bytes; ASGI event order,existing,tests/fixtures/sources/parity/session-middleware.yaml,,tests/middleware/test_session.py:207-224;starlette/middleware/sessions.py:16-89
middleware.test.session.test_vary_cookie_on_access,upstream_test,tests/middleware/test_session.py,test_vary_cookie_on_access,supported,starlette.middleware.sessions.SessionMiddleware.session-workflow.vary-cookie-on-access;starlette.middleware.sessions.SessionMiddleware.session-workflow.no-access-no-vary,"Input-defined SessionMiddleware constructor and ordered HTTP requests; dynamically replay prior Set-Cookie values; observe request.session state, mutation flags, response headers, and ASGI events.",request session values; accessed and modified flags; mutation result; ordered response headers including Set-Cookie and Vary; response bytes; ASGI event order,existing,tests/fixtures/sources/parity/session-middleware.yaml,,tests/middleware/test_session.py:227-248;starlette/middleware/sessions.py:16-89
middleware.test.trusted_host.test_default_allowed_hosts,upstream_test,tests/middleware/test_trusted_host.py,test_default_allowed_hosts,supported,starlette.middleware.trustedhost.TrustedHostMiddleware,Construct TrustedHostMiddleware with default allowed_hosts and send a Host header input.,response status and headers including Location; downstream invocation trace; response body bytes,backlog,,,tests/middleware/test_trusted_host.py:32-35;starlette/middleware/trustedhost.py
middleware.test.trusted_host.test_trusted_host_middleware,upstream_test,tests/middleware/test_trusted_host.py,test_trusted_host_middleware,supported,starlette.middleware.trustedhost.TrustedHostMiddleware,"Send requests with the source-case allowed, wildcard, malformed, and blocked Host header values.",response status and headers including Location; downstream invocation trace; response body bytes,backlog,,,tests/middleware/test_trusted_host.py:10-29;starlette/middleware/trustedhost.py
middleware.test.trusted_host.test_www_redirect,upstream_test,tests/middleware/test_trusted_host.py,test_www_redirect,supported,starlette.middleware.trustedhost.TrustedHostMiddleware,Configure the allowed host and send the non-www host variant with www_redirect enabled.,response status and headers including Location; downstream invocation trace; response body bytes,backlog,,,tests/middleware/test_trusted_host.py:38-50;starlette/middleware/trustedhost.py
middleware.test.wsgi.test_build_environ,upstream_test,tests/middleware/test_wsgi.py,test_build_environ,uncertain,starlette.middleware.wsgi.WSGIMiddleware;starlette.middleware.wsgi.build_environ,"Call build_environ with HTTP scopes varying root_path, path, query, headers, server, and client fields.",WSGI environ fields; response start status/headers; response body chunks and final event; thread identity; propagated exception/exc_info behavior,backlog,,,tests/middleware/test_wsgi.py:107-149;starlette/middleware/wsgi.py;starlette/middleware/wsgi.py:17-22
middleware.test.wsgi.test_build_environ_encoding,upstream_test,tests/middleware/test_wsgi.py,test_build_environ_encoding,uncertain,starlette.middleware.wsgi.WSGIMiddleware;starlette.middleware.wsgi.build_environ,Call build_environ with non-ASCII path/header inputs to capture WSGI environment encoding behavior.,WSGI environ fields; response start status/headers; response body chunks and final event; thread identity; propagated exception/exc_info behavior,backlog,,,tests/middleware/test_wsgi.py:152-164;starlette/middleware/wsgi.py;starlette/middleware/wsgi.py:17-22
middleware.test.wsgi.test_wsgi_exc_info,upstream_test,tests/middleware/test_wsgi.py,test_wsgi_exc_info,supported,starlette.middleware.wsgi.WSGIMiddleware,Invoke a WSGI callable that returns/re-raises an exception through the start_response exc_info argument.,WSGI environ fields; response start status/headers; response body chunks and final event; thread identity; propagated exception/exc_info behavior,backlog,,,tests/middleware/test_wsgi.py:92-104;starlette/middleware/wsgi.py;starlette/middleware/wsgi.py:17-22
middleware.test.wsgi.test_wsgi_exception,upstream_test,tests/middleware/test_wsgi.py,test_wsgi_exception,supported,starlette.middleware.wsgi.WSGIMiddleware,Invoke a WSGI callable that raises while producing its response.,WSGI environ fields; response start status/headers; response body chunks and final event; thread identity; propagated exception/exc_info behavior,backlog,,,tests/middleware/test_wsgi.py:83-89;starlette/middleware/wsgi.py;starlette/middleware/wsgi.py:17-22
middleware.test.wsgi.test_wsgi_get,upstream_test,tests/middleware/test_wsgi.py,test_wsgi_get,supported,starlette.middleware.wsgi.WSGIMiddleware,Call a WSGI endpoint with a GET scope and capture the generated environ and response events.,WSGI environ fields; response start status/headers; response body chunks and final event; thread identity; propagated exception/exc_info behavior,backlog,,,tests/middleware/test_wsgi.py:67-72;starlette/middleware/wsgi.py;starlette/middleware/wsgi.py:17-22
middleware.test.wsgi.test_wsgi_post,upstream_test,tests/middleware/test_wsgi.py,test_wsgi_post,supported,starlette.middleware.wsgi.WSGIMiddleware,POST a request body through the WSGI adapter to a callable that reads wsgi.input.,WSGI environ fields; response start status/headers; response body chunks and final event; thread identity; propagated exception/exc_info behavior,backlog,,,tests/middleware/test_wsgi.py:75-80;starlette/middleware/wsgi.py;starlette/middleware/wsgi.py:17-22
optional.httpx-fallback-deprecation,deprecation,starlette/testclient.py,Legacy httpx fallback when httpx2 is absent,supported,starlette.testclient.TestClient; httpx,"With httpx2 absent and plain httpx installed, import and use TestClient while capturing warnings.",warning category; exact warning message; warning filename/line and stacklevel call site; selected client implementation; HTTP request result,backlog,,,starlette/testclient.py:33-51;docs/testclient.md:12-17;pyproject.toml:44-45
optional.httpx2-preferred-runtime,optional_feature,starlette/testclient.py,httpx2 preferred TestClient dependency,supported,starlette.testclient.TestClient; httpx2>=2.0.0,Install httpx2 from the full extra and exercise TestClient HTTP and WebSocket request paths; record resolved dependency metadata.,resolved httpx2 version; module import outcome; HTTP transport behavior; WebSocket handshake behavior,backlog,,,starlette/testclient.py:30;starlette/testclient.py:33;pyproject.toml:45;docs/testclient.md:12
optional.jinja2-import-failure,optional_feature,starlette/templating.py,Jinja2Templates import boundary without Jinja2,supported,starlette.templating.Jinja2Templates; jinja2,"Import starlette.templating in an environment without Jinja2, then repeat with Jinja2 installed; when installed, inspect which context-decorator alias is selected.",module import outcome; ImportError type/message; selected pass_context/contextfunction alias; dependency version,backlog,,,starlette/templating.py:13;starlette/templating.py:16;starlette/templating.py:27;pyproject.toml:41;docs/index.md:104
optional.jinja2-version-compatibility,optional_feature,starlette/templating.py,Jinja2 context decorator compatibility alias,uncertain,starlette.templating.Jinja2Templates; jinja2.pass_context; jinja2.contextfunction,"Exercise environments exposing pass_context and, if the supported Jinja2 range still allows it, the legacy contextfunction attribute; record the unbounded dependency-version cases. No minimum Jinja2 version is stated in pyproject metadata.",Jinja2 version; selected alias; module import result; template global registration; unresolved lower-version boundary,backlog,,,starlette/templating.py:16;starlette/templating.py:23;starlette/templating.py:26;pyproject.toml:41
optional.no-httpx-backend,optional_feature,starlette/testclient.py,TestClient import when neither httpx2 nor httpx is installed,supported,starlette.testclient.TestClient;httpx2;httpx,"In an isolated dependency environment with both httpx2 and httpx unavailable, import starlette.testclient.",module import outcome; RuntimeError type/message and exception chaining; installed dependency set,backlog,,,starlette/testclient.py:32-51;pyproject.toml:44-45;docs/testclient.md:12-17
optional.python-multipart-import-and-form-boundary,optional_feature,starlette/formparsers.py,python-multipart optional import and Request.form boundary,supported,starlette.requests.Request.form; python-multipart>=0.0.18,"In isolated environments test preferred python_multipart import, legacy multipart fallback, and absence of both; submit URL-encoded and multipart requests with file/field parts.",installed distribution/version; selected import path; Request.form outcome; missing-dependency exception; parser request events,backlog,,,starlette/formparsers.py:12;starlette/formparsers.py:16;starlette/formparsers.py:57;starlette/requests.py:272;pyproject.toml:42;docs/index.md:105
optional.pyyaml-openapi-render-boundary,optional_feature,starlette/schemas.py,PyYAML-optional schema and response behavior,supported,starlette.schemas.SchemaGenerator; starlette.schemas.OpenAPIResponse,"In an environment without PyYAML, generate a schema without endpoint YAML and with endpoint YAML, and separately render the documented OpenAPI response; repeat with PyYAML installed.",module import outcome; schema generation outcome; parsing/rendering exception class/message; response media type/body,backlog,,,starlette/schemas.py:12;starlette/schemas.py:21;starlette/schemas.py:98;pyproject.toml:43;docs/index.md:107
optional.test_formparsers.test_max_fields_is_customizable_high,upstream_test,tests/test_formparsers.py,test_max_fields_is_customizable_high,supported,starlette.requests.Request.form.multipart,Configure max_fields=max_files=2000 and submit 2000 text parts plus 2000 empty file parts in one multipart body.,response status; final field lookup; final upload metadata; temporary-file lifecycle,backlog,,,tests/test_formparsers.py:853
optional.test_formparsers.test_max_fields_is_customizable_low_raises,upstream_test,tests/test_formparsers.py,test_max_fields_is_customizable_low_raises,supported,starlette.requests.Request.form.multipart,Run bare parser and Starlette Mount variants with max_fields=1; submit two multipart text fields.,raised exception or handled response; status; response body; field count,backlog,,,tests/test_formparsers.py:803
optional.test_formparsers.test_max_files_is_customizable_low_raises,upstream_test,tests/test_formparsers.py,test_max_files_is_customizable_low_raises,supported,starlette.requests.Request.form.multipart,Run bare parser and Starlette Mount variants with max_files=1; submit two multipart file parts.,raised exception or handled response; status; response body; temporary-file cleanup,backlog,,,tests/test_formparsers.py:833
optional.test_formparsers.test_max_part_size_exceeds_custom_limit,upstream_test,tests/test_formparsers.py,test_max_part_size_exceeds_custom_limit,supported,starlette.requests.Request.form.multipart,Run bare parser and Starlette Mount variants with max_part_size=10 KiB; submit a text part one byte over that limit after a valid part.,raised exception or handled response; status; response body; partial form state,backlog,,,tests/test_formparsers.py:924
optional.test_formparsers.test_max_part_size_exceeds_limit,upstream_test,tests/test_formparsers.py,test_max_part_size_exceeds_limit,supported,starlette.requests.Request.form.multipart,Run bare parser and Starlette Mount variants; submit one multipart text part with a 1 MiB+1-byte payload after a small valid part.,raised exception or handled response; status; response body; partial form state,backlog,,,tests/test_formparsers.py:884
optional.test_formparsers.test_missing_boundary_parameter,upstream_test,tests/test_formparsers.py,test_missing_boundary_parameter,supported,starlette.requests.Request.form.multipart,Run bare parser and Starlette Mount variants; submit multipart/form-data with a charset parameter but without boundary.,raised exception or handled response; status; response body; request cleanup,backlog,,,tests/test_formparsers.py:633
optional.test_formparsers.test_missing_name_parameter_on_content_disposition,upstream_test,tests/test_formparsers.py,test_missing_name_parameter_on_content_disposition,supported,starlette.requests.Request.form.multipart,Run bare parser and Starlette Mount variants; submit a multipart part with Content-Disposition but without a name parameter.,raised exception or handled response; status; response body; request cleanup,backlog,,,tests/test_formparsers.py:661
optional.test_formparsers.test_multi_items,upstream_test,tests/test_formparsers.py,test_multi_items,supported,starlette.requests.Request.form.multipart,Submit a repeated field as a text value followed by two file parts; have the app enumerate FormData.multi_items().,ordered duplicate field entries; item value types; upload metadata and bytes,backlog,,,tests/test_formparsers.py:258
optional.test_formparsers.test_multipart_closes_tempfile_on_oserror,upstream_test,tests/test_formparsers.py,test_multipart_closes_tempfile_on_oserror,supported,starlette.requests.Request.form.multipart,Feed a multipart file upload through a Request subclass that raises OSError during form parsing; instrument temporary-file write and close operations.,propagated operating-system exception; temporary-file write and close calls; request cleanup,backlog,,,tests/test_formparsers.py:980
optional.test_formparsers.test_multipart_closes_tempfile_on_stream_error,upstream_test,tests/test_formparsers.py,test_multipart_closes_tempfile_on_stream_error,supported,starlette.requests.Request.form.multipart,Feed a multipart file part from an async stream that raises after yielding partial file bytes; instrument the spooled tempfile close state.,propagated stream exception; temporary-file close state; parser cleanup,backlog,,,tests/test_formparsers.py:955
optional.test_formparsers.test_multipart_multi_field_app_reads_body,upstream_test,tests/test_formparsers.py,test_multipart_multi_field_app_reads_body,supported,starlette.requests.Request.form.multipart,Use an app that consumes Request.body() before Request.form(); POST two text fields while forcing multipart encoding.,raw body read lifecycle; subsequent form item names and values,backlog,,,tests/test_formparsers.py:462
optional.test_formparsers.test_multipart_request_data,upstream_test,tests/test_formparsers.py,test_multipart_request_data,supported,starlette.requests.Request.form.multipart,Post a request whose multipart body contains one text field named some with a short value; exercise the Request.form consumer route.,multipart request field sequence; parsed form item names/types; response event sequence,backlog,,,tests/test_formparsers.py:151
optional.test_formparsers.test_multipart_request_files,upstream_test,tests/test_formparsers.py,test_multipart_request_files,supported,starlette.requests.Request.form.multipart,Create a small local text asset and POST it as one unnamed-content-type upload under field test; have the app read and close the uploaded file.,upload filename; upload size; upload media type; read bytes; form close behavior,backlog,,,tests/test_formparsers.py:157
optional.test_formparsers.test_multipart_request_files_with_content_type,upstream_test,tests/test_formparsers.py,test_multipart_request_files_with_content_type,supported,starlette.requests.Request.form.multipart,Create a small text asset and POST it as field test with an explicit filename and text/plain media type; read and close the uploaded file.,upload filename; upload size; upload media type; read bytes,backlog,,,tests/test_formparsers.py:175
optional.test_formparsers.test_multipart_request_large_file_rollover_in_background_thread,upstream_test,tests/test_formparsers.py,test_multipart_request_large_file_rollover_in_background_thread,supported,starlette.requests.Request.form.multipart,POST a generated file just over the configured spool threshold; instrument the temporary-file rollover thread and record the app thread identity.,response status; rollover occurrence; thread identities; upload cleanup,backlog,,,tests/test_formparsers.py:349
optional.test_formparsers.test_multipart_request_mixed_files_and_data,upstream_test,tests/test_formparsers.py,test_multipart_request_mixed_files_and_data,supported,starlette.requests.Request.form.multipart,POST a hand-authored multipart stream with a text field before a file part and another text field after it.,multipart item names and order; value/file types; upload metadata; response events,backlog,,,tests/test_formparsers.py:293
optional.test_formparsers.test_multipart_request_multiple_files,upstream_test,tests/test_formparsers.py,test_multipart_request_multiple_files,supported,starlette.requests.Request.form.multipart,"Create two local text assets and submit them as distinct multipart fields, one with an explicit filename and media type.",field order; upload metadata per field; read bytes,backlog,,,tests/test_formparsers.py:193
optional.test_formparsers.test_multipart_request_multiple_files_with_headers,upstream_test,tests/test_formparsers.py,test_multipart_request_multiple_files_with_headers,supported,starlette.requests.Request.form.multipart,"Submit one file part without a filename and another with a filename, media type, and custom part header; use an app that records part headers.",field value type; upload metadata; part header sequence and names,backlog,,,tests/test_formparsers.py:221
optional.test_formparsers.test_multipart_request_with_charset_for_filename,upstream_test,tests/test_formparsers.py,test_multipart_request_with_charset_for_filename,supported,starlette.requests.Request.form.multipart,POST a multipart file part whose filename bytes are UTF-8 and whose multipart Content-Type declares charset=utf-8.,filename decoding; file bytes; parsed part media type,backlog,,,tests/test_formparsers.py:368
optional.test_formparsers.test_multipart_request_with_encoded_value,upstream_test,tests/test_formparsers.py,test_multipart_request_with_encoded_value,supported,starlette.requests.Request.form.multipart,POST a multipart text field containing UTF-8 encoded non-ASCII bytes with an explicit charset parameter.,decoded field value; field order; response events,backlog,,,tests/test_formparsers.py:416
optional.test_formparsers.test_multipart_request_without_charset_for_filename,upstream_test,tests/test_formparsers.py,test_multipart_request_without_charset_for_filename,supported,starlette.requests.Request.form.multipart,POST a multipart file part with UTF-8 filename bytes and no charset parameter; include a file media type.,filename decoding; file bytes; parsed part media type,backlog,,,tests/test_formparsers.py:392
optional.test_formparsers.test_no_request_data,upstream_test,tests/test_formparsers.py,test_no_request_data,supported,starlette.requests.Request.form.urlencoded,POST an empty request body and have the route call Request.form().,empty form shape; response status; response events,backlog,,,tests/test_formparsers.py:438
optional.test_formparsers.test_too_many_fields_raise,upstream_test,tests/test_formparsers.py,test_too_many_fields_raise,supported,starlette.requests.Request.form.multipart,Run bare parser and Starlette Mount variants; submit 1001 multipart text fields under the default field limit.,raised exception or handled response; status; response body; parsed field count,backlog,,,tests/test_formparsers.py:689
optional.test_formparsers.test_too_many_files_and_fields_raise,upstream_test,tests/test_formparsers.py,test_too_many_files_and_fields_raise,supported,starlette.requests.Request.form.multipart,Run bare parser and Starlette Mount variants; submit a multipart mix of fields and files that exceeds the default file limit.,raised exception or handled response; status; response body; fields/files count; temporary-file cleanup,backlog,,,tests/test_formparsers.py:772
optional.test_formparsers.test_too_many_files_raise,upstream_test,tests/test_formparsers.py,test_too_many_files_raise,supported,starlette.requests.Request.form.multipart,Run bare parser and Starlette Mount variants; submit 1001 distinct multipart file parts under the default file limit.,raised exception or handled response; status; response body; parsed file count; temporary-file cleanup,backlog,,,tests/test_formparsers.py:716
optional.test_formparsers.test_too_many_files_single_field_raise,upstream_test,tests/test_formparsers.py,test_too_many_files_single_field_raise,supported,starlette.requests.Request.form.multipart,Run bare parser and Starlette Mount variants; submit more than 1000 multipart files all under one repeated field name.,raised exception or handled response; status; response body; temporary-file cleanup,backlog,,,tests/test_formparsers.py:743
optional.test_formparsers.test_urlencoded_field_exceeds_max_part_size_raise,upstream_test,tests/test_formparsers.py,test_urlencoded_field_exceeds_max_part_size_raise,supported,starlette.requests.Request.form.urlencoded,Run both parameter variants (bare ASGI parser app; Starlette Mount wrapper). POST a URL-encoded value one byte above the default 1 MiB part limit.,raised exception or handled response; status; response body; parser termination,backlog,,,tests/test_formparsers.py:499
optional.test_formparsers.test_urlencoded_field_name_exceeds_max_part_size_raise,upstream_test,tests/test_formparsers.py,test_urlencoded_field_name_exceeds_max_part_size_raise,supported,starlette.requests.Request.form.urlencoded,Run both parameter variants (bare ASGI parser app; Starlette Mount wrapper). POST a URL-encoded field name one byte above the default 1 MiB part limit.,raised exception or handled response; status; response body; parser termination,backlog,,,tests/test_formparsers.py:523
optional.test_formparsers.test_urlencoded_limits_stop_parsing_within_a_single_chunk,upstream_test,tests/test_formparsers.py,test_urlencoded_limits_stop_parsing_within_a_single_chunk,supported,starlette.requests.Request.form.urlencoded,"Supply one async input chunk containing 100000 URL-encoded fields, then a second scenario with a 50 MiB field value and a 1 KiB configured limit; close each stream after parse.",limit exception class; consumed stream chunks; partial parser state or memory bound; stream closure,backlog,,,tests/test_formparsers.py:593
optional.test_formparsers.test_urlencoded_max_fields_is_customizable,upstream_test,tests/test_formparsers.py,test_urlencoded_max_fields_is_customizable,supported,starlette.requests.Request.form.urlencoded,Run both parameter variants (bare parser app; Starlette Mount wrapper) with max_fields=1; POST two URL-encoded fields.,raised exception or handled response; status; response body; form parse result,backlog,,,tests/test_formparsers.py:550
optional.test_formparsers.test_urlencoded_max_part_size_is_customizable,upstream_test,tests/test_formparsers.py,test_urlencoded_max_part_size_is_customizable,supported,starlette.requests.Request.form.urlencoded,Run both parameter variants (bare parser app; Starlette Mount wrapper) with max_part_size=10 KiB; POST a value one byte over the configured limit.,raised exception or handled response; status; response body; parser termination,backlog,,,tests/test_formparsers.py:576
optional.test_formparsers.test_urlencoded_multi_field_app_reads_body,upstream_test,tests/test_formparsers.py,test_urlencoded_multi_field_app_reads_body,supported,starlette.requests.Request.form.urlencoded,Use an app that consumes Request.body() before Request.form(); POST two URL-encoded fields.,raw body read lifecycle; subsequent form item names and values,backlog,,,tests/test_formparsers.py:456
optional.test_formparsers.test_urlencoded_percent_encoding,upstream_test,tests/test_formparsers.py,test_urlencoded_percent_encoding,supported,starlette.requests.Request.form.urlencoded,POST a URL-encoded form field whose value contains a space encoded by the client.,decoded field value; form key order,backlog,,,tests/test_formparsers.py:444
optional.test_formparsers.test_urlencoded_percent_encoding_keys,upstream_test,tests/test_formparsers.py,test_urlencoded_percent_encoding_keys,supported,starlette.requests.Request.form.urlencoded,POST a URL-encoded form field whose key contains a space encoded by the client.,decoded field name; decoded value,backlog,,,tests/test_formparsers.py:450
optional.test_formparsers.test_urlencoded_request_data,upstream_test,tests/test_formparsers.py,test_urlencoded_request_data,supported,starlette.requests.Request.form.urlencoded,POST a standard application/x-www-form-urlencoded body with one short text field.,decoded field names and values; form ordering,backlog,,,tests/test_formparsers.py:432
optional.test_formparsers.test_urlencoded_too_many_fields_raise,upstream_test,tests/test_formparsers.py,test_urlencoded_too_many_fields_raise,supported,starlette.requests.Request.form.urlencoded,Run both parameter variants (bare ASGI parser app; Starlette Mount wrapper). POST a URL-encoded body with 1001 distinct empty fields using the default limit.,raised exception or handled response; status; response body; parser termination,backlog,,,tests/test_formparsers.py:475
optional.test_formparsers.test_user_safe_decode_helper,upstream_test,tests/test_formparsers.py,test_user_safe_decode_helper,private/internal,starlette.formparsers._user_safe_decode,,,not_applicable,,This test invokes only the underscored parser decode helper directly. Its caller-visible decoding paths are exercised through multipart filename and value requests; the helper has no independent public contract.,tests/test_formparsers.py:616;starlette/formparsers.py:40
optional.test_formparsers.test_user_safe_decode_ignores_wrong_charset,upstream_test,tests/test_formparsers.py,test_user_safe_decode_ignores_wrong_charset,private/internal,starlette.formparsers._user_safe_decode,,,not_applicable,,This test invokes only the underscored parser decode helper directly. Its caller-visible decoding paths are exercised through multipart filename and value requests; the helper has no independent public contract.,tests/test_formparsers.py:616;starlette/formparsers.py:40
optional.test_schemas.test_schema_endpoint,upstream_test,tests/test_schemas.py,test_schema_endpoint,supported,starlette.schemas.SchemaGenerator.OpenAPIResponse,Use the documented /schema route backed by SchemaGenerator.OpenAPIResponse; issue GET through the ASGI client.,response status; content type; serialized schema bytes; ASGI event sequence,backlog,,,tests/test_schemas.py:250
optional.test_schemas.test_schema_generation,upstream_test,tests/test_schemas.py,test_schema_generation,supported,starlette.schemas.SchemaGenerator.get_schema,"Build routes for function and class endpoints with YAML docstrings, regular prose before a schema block, no-doc endpoints, GET/HEAD/POST methods, an integer path converter, WebSocket route, excluded schema route, nested Mount and Host.",schema route/path keys; operation keys; endpoint inclusion; converter normalization; docstring parse outcome; generated schema structure,backlog,,,tests/test_schemas.py:133
optional.test_staticfiles.test_staticfiles,upstream_test,tests/test_staticfiles.py,test_staticfiles,supported,starlette.staticfiles.StaticFiles,Write a text asset into a temporary directory; instantiate StaticFiles with a string path and issue GET for that relative asset.,response.status; response.headers; response.body; file metadata,existing,tests/fixtures/sources/parity/static-files.yaml,,tests/test_staticfiles.py:22
optional.test_staticfiles.test_staticfiles_200_with_etag_mismatch,upstream_test,tests/test_staticfiles.py,test_staticfiles_200_with_etag_mismatch,supported,starlette.staticfiles.StaticFiles,"Create an asset, obtain its ETag, then send If-None-Match with an unrelated tag.",response.status; response headers; body bytes,backlog,,,tests/test_staticfiles.py:222
optional.test_staticfiles.test_staticfiles_200_with_etag_mismatch_and_timestamp_match,upstream_test,tests/test_staticfiles.py,test_staticfiles_200_with_etag_mismatch_and_timestamp_match,supported,starlette.staticfiles.StaticFiles,"Create an asset, obtain Last-Modified, then send a mismatched If-None-Match together with matching If-Modified-Since.",response.status; response headers; body bytes; validator precedence,existing,tests/fixtures/sources/parity/static-files.yaml,,tests/test_staticfiles.py:237
optional.test_staticfiles.test_staticfiles_304_with_etag_match,upstream_test,tests/test_staticfiles.py,test_staticfiles_304_with_etag_match,supported,starlette.staticfiles.StaticFiles,"Create an asset, GET once to capture its ETag, then repeat with If-None-Match as the exact ETag and weak/list forms.",response.status; conditional response headers; body byte count; validator matching,existing,tests/fixtures/sources/parity/static-files.yaml,,tests/test_staticfiles.py:201
optional.test_staticfiles.test_staticfiles_304_with_last_modified_compare_last_req,upstream_test,tests/test_staticfiles.py,test_staticfiles_304_with_last_modified_compare_last_req,supported,starlette.staticfiles.StaticFiles,Create an asset with a fixed older mtime; issue one GET with a later If-Modified-Since date and another with an earlier date.,response.status per request; conditional headers; body byte count; date comparison,backlog,,,tests/test_staticfiles.py:255
optional.test_staticfiles.test_staticfiles_access_file_as_dir_returns_404,upstream_test,tests/test_staticfiles.py,test_staticfiles_access_file_as_dir_returns_404,supported,starlette.staticfiles.StaticFiles.asgi-call.not-found-get;starlette.staticfiles.StaticFiles.asgi-call.file-as-directory-maps-404,Create example.txt in the configured root and call StaticFiles directly for /example.txt/foo.,HTTPException class/code/message; empty ASGI event trace,existing,tests/fixtures/sources/parity/static-files.yaml,,tests/test_staticfiles.py:452
optional.test_staticfiles.test_staticfiles_avoids_path_traversal,upstream_test,tests/test_staticfiles.py,test_staticfiles_avoids_path_traversal,supported,starlette.staticfiles.StaticFiles,Create sibling directories and files with distinct content; call get_response with paths containing parent traversal into a sibling asset and directory.,normalized request path; exception status and detail; filesystem access boundary,backlog,,,tests/test_staticfiles.py:577
optional.test_staticfiles.test_staticfiles_cache_invalidation_for_deleted_file_html_mode,upstream_test,tests/test_staticfiles.py,test_staticfiles_cache_invalidation_for_deleted_file_html_mode,supported,starlette.staticfiles.StaticFiles,"Enable HTML mode with a requested asset and 404.html sharing a fixed mtime; GET, repeat conditionally, delete the asset, and request again with the prior validator.",response.status sequence; Last-Modified; body; deleted-file and fallback lookup behavior,backlog,,,tests/test_staticfiles.py:376
optional.test_staticfiles.test_staticfiles_config_check_occurs_only_once,upstream_test,tests/test_staticfiles.py,test_staticfiles_config_check_occurs_only_once,supported,starlette.staticfiles.StaticFiles,Use a directory that fails the request-path check; issue two requests through one StaticFiles instance.,per-request exception class; config_checked transitions; lookup count,backlog,,,tests/test_staticfiles.py:154
optional.test_staticfiles.test_staticfiles_configured_with_file_instead_of_directory,upstream_test,tests/test_staticfiles.py,test_staticfiles_configured_with_file_instead_of_directory,supported,starlette.staticfiles.StaticFiles,Create a regular file and use it as StaticFiles directory with check_dir=False; issue a GET.,request exception class; message; config_checked state,backlog,,,tests/test_staticfiles.py:140
optional.test_staticfiles.test_staticfiles_configured_with_missing_directory,upstream_test,tests/test_staticfiles.py,test_staticfiles_configured_with_missing_directory,supported,starlette.staticfiles.StaticFiles,"Construct StaticFiles with check_dir=False and a nonexistent directory, then issue a GET to trigger lazy configuration checking.",request exception class; message; config_checked state; ASGI event sequence,backlog,,,tests/test_staticfiles.py:131
optional.test_staticfiles.test_staticfiles_disallows_path_traversal_with_symlinks,upstream_test,tests/test_staticfiles.py,test_staticfiles_disallows_path_traversal_with_symlinks,supported,starlette.staticfiles.StaticFiles,Place the configured root itself behind a symlink and request a parent-traversal path toward an external sibling.,normalized path; exception status and detail; resolved path policy,backlog,,,tests/test_staticfiles.py:552
optional.test_staticfiles.test_staticfiles_filename_too_long,upstream_test,tests/test_staticfiles.py,test_staticfiles_filename_too_long,supported,starlette.staticfiles.StaticFiles.asgi-call.path-limit-overflow-preempts-later-root,"When os.pathconf is available, make the candidate under an earlier root exceed the path maximum while a later package root contains the asset; request through the StaticFiles ASGI app and preserve platform skips.",HTTPException type/code/message; root precedence; empty ASGI event trace,existing,tests/fixtures/sources/parity/static-files.yaml,,tests/test_staticfiles.py:476
optional.test_staticfiles.test_staticfiles_follows_symlink_directories,upstream_test,tests/test_staticfiles.py,test_staticfiles_follows_symlink_directories,supported,starlette.staticfiles.StaticFiles,Create an external directory and file plus a symlinked directory inside the static root; enable follow_symlink and request the nested file.,response.status; response body; resolved path policy,backlog,,,tests/test_staticfiles.py:531
optional.test_staticfiles.test_staticfiles_follows_symlinks,upstream_test,tests/test_staticfiles.py,test_staticfiles_follows_symlinks,supported,starlette.staticfiles.StaticFiles,Create a file outside the configured root and a symlink to it inside the root; enable follow_symlink and request the link.,response.status; response headers; response body; resolved path policy,backlog,,,tests/test_staticfiles.py:510
optional.test_staticfiles.test_staticfiles_head_with_middleware,upstream_test,tests/test_staticfiles.py,test_staticfiles_head_with_middleware,supported,starlette.staticfiles.StaticFiles,Mount a 100-byte asset behind a no-op BaseHTTPMiddleware and issue HEAD at the mounted path.,response.status; content-length; response body suppression; middleware event order,backlog,,,tests/test_staticfiles.py:46
optional.test_staticfiles.test_staticfiles_html_normal,upstream_test,tests/test_staticfiles.py,test_staticfiles_html_normal,supported,starlette.staticfiles.StaticFiles,"Enable HTML mode with directory/index.html and 404.html assets; request slash and non-slash directory paths, the index file, and a missing asset.",response.status; redirect location; response body; selected index and 404 assets,existing,tests/fixtures/sources/parity/static-files.yaml,,tests/test_staticfiles.py:276
optional.test_staticfiles.test_staticfiles_html_only_files,upstream_test,tests/test_staticfiles.py,test_staticfiles_html_only_files,supported,starlette.staticfiles.StaticFiles,Enable HTML mode with one html file and no index or 404 page; request root and the present file.,response.status; body; propagated HTTP exception,backlog,,,tests/test_staticfiles.py:359
optional.test_staticfiles.test_staticfiles_html_without_404,upstream_test,tests/test_staticfiles.py,test_staticfiles_html_without_404,supported,starlette.staticfiles.StaticFiles,Enable HTML mode with a directory index but no 404.html; request the directory and a missing path.,response.status; redirect location; body; propagated HTTP exception,backlog,,,tests/test_staticfiles.py:334
optional.test_staticfiles.test_staticfiles_html_without_index,upstream_test,tests/test_staticfiles.py,test_staticfiles_html_without_index,supported,starlette.staticfiles.StaticFiles,Enable HTML mode with 404.html but a directory without index.html; request slash/non-slash directory paths and a missing file.,response.status; redirect location; fallback asset selection; response body,backlog,,,tests/test_staticfiles.py:309
optional.test_staticfiles.test_staticfiles_instantiated_with_missing_directory,upstream_test,tests/test_staticfiles.py,test_staticfiles_instantiated_with_missing_directory,supported,starlette.staticfiles.StaticFiles,Construct StaticFiles with its default directory check enabled and a path that does not exist.,constructor exception class; message; initialization state,backlog,,,tests/test_staticfiles.py:124
optional.test_staticfiles.test_staticfiles_never_read_file_for_head_method,upstream_test,tests/test_staticfiles.py,test_staticfiles_never_read_file_for_head_method,supported,starlette.staticfiles.StaticFiles,Create a text asset and send HEAD directly to StaticFiles.,response.status; content-length; body byte count; file read behavior,backlog,,,tests/test_staticfiles.py:188
optional.test_staticfiles.test_staticfiles_null_byte_in_path,upstream_test,tests/test_staticfiles.py,test_staticfiles_null_byte_in_path,supported,starlette.staticfiles.StaticFiles.asgi-call.null-byte-path-maps-404,Pass the TestClient-decoded NUL path and matching percent-encoded raw path to StaticFiles directly.,HTTPException class/code/message; empty ASGI event trace,existing,tests/fixtures/sources/parity/static-files.yaml,,tests/test_staticfiles.py:466
optional.test_staticfiles.test_staticfiles_post,upstream_test,tests/test_staticfiles.py,test_staticfiles_post,supported,starlette.staticfiles.StaticFiles,Create an input-defined asset and invoke StaticFiles directly with POST.,raised HTTPException class; status code; detail; empty partial ASGI event trace,existing,tests/fixtures/sources/parity/static-files.yaml,,tests/test_staticfiles.py:82
optional.test_staticfiles.test_staticfiles_prevents_breaking_out_of_directory,upstream_test,tests/test_staticfiles.py,test_staticfiles_prevents_breaking_out_of_directory,supported,starlette.staticfiles.StaticFiles,Create a sibling asset outside an empty configured root; derive a path from an HTTP scope containing /../example.txt and call the static app lookup path.,normalized request path; exception status and detail; filesystem access boundary,backlog,,,tests/test_staticfiles.py:168
optional.test_staticfiles.test_staticfiles_rejects_absolute_paths,upstream_test,tests/test_staticfiles.py,test_staticfiles_rejects_absolute_paths,supported,starlette.staticfiles.StaticFiles,Create an input-defined static root and pass an absolute Unix path to lookup_path.,resolved path; stat-result presence; path containment,existing,tests/fixtures/sources/parity/static-files-lookup.yaml,,tests/test_staticfiles.py:610
optional.test_staticfiles.test_staticfiles_rejects_absolute_windows_paths,upstream_test,tests/test_staticfiles.py,test_staticfiles_rejects_absolute_windows_paths,supported,starlette.staticfiles.StaticFiles,Create a static root and call lookup_path with a UNC-style absolute Windows path.,resolved path; stat-result presence; path containment,existing,tests/fixtures/sources/parity/static-files-lookup.yaml,,tests/test_staticfiles.py:620
optional.test_staticfiles.test_staticfiles_relative_directory_symlinks,upstream_test,tests/test_staticfiles.py,test_staticfiles_relative_directory_symlinks,supported,starlette.staticfiles.StaticFiles,Use a relative package test static directory with follow_symlink enabled and GET its bundled asset.,response.status; response body; relative path resolution,backlog,,,tests/test_staticfiles.py:649
optional.test_staticfiles.test_staticfiles_self_symlinks,upstream_test,tests/test_staticfiles.py,test_staticfiles_self_symlinks,supported,starlette.staticfiles.StaticFiles,Create a root with an index file and a symlink to that same root; configure StaticFiles to follow symlinks and request the index.,response.status; response body; canonical root handling,backlog,,,tests/test_staticfiles.py:630
optional.test_staticfiles.test_staticfiles_unhandled_os_error_returns_500,upstream_test,tests/test_staticfiles.py,test_staticfiles_unhandled_os_error_returns_500,supported,starlette.staticfiles.StaticFiles,"Mount StaticFiles with an existing asset, replace lookup_path with a function that raises TimeoutError, and use a client that captures server exceptions.",response.status; response body; exception propagation/capture mode,backlog,,,tests/test_staticfiles.py:487
optional.test_staticfiles.test_staticfiles_with_directory_returns_404,upstream_test,tests/test_staticfiles.py,test_staticfiles_with_directory_returns_404,supported,starlette.staticfiles.StaticFiles,Mount a directory that contains a file without enabling HTML mode; request the directory root path.,response.status; response headers; response body,backlog,,,tests/test_staticfiles.py:96
optional.test_staticfiles.test_staticfiles_with_invalid_dir_permissions_returns_401,upstream_test,tests/test_staticfiles.py,test_staticfiles_with_invalid_dir_permissions_returns_401,supported,starlette.staticfiles.StaticFiles.asgi-call.permission-denied-maps-401,Create an existing input asset below a permission-restricted configured root and call the StaticFiles ASGI app; restore permissions afterward.,HTTPException type/code/message; empty ASGI event trace,existing,tests/fixtures/sources/parity/static-files.yaml,,tests/test_staticfiles.py:413
optional.test_staticfiles.test_staticfiles_with_missing_dir_returns_404,upstream_test,tests/test_staticfiles.py,test_staticfiles_with_missing_dir_returns_404,supported,starlette.staticfiles.StaticFiles.asgi-call.not-found-get;starlette.staticfiles.StaticFiles.asgi-call.missing-subdirectory-maps-404,Create example.txt in the configured root and call StaticFiles directly for /foo/example.txt.,HTTPException class/code/message; empty ASGI event trace,existing,tests/fixtures/sources/parity/static-files.yaml,,tests/test_staticfiles.py:438
optional.test_staticfiles.test_staticfiles_with_missing_file_returns_404,upstream_test,tests/test_staticfiles.py,test_staticfiles_with_missing_file_returns_404,supported,starlette.staticfiles.StaticFiles,Create a root with one asset and invoke StaticFiles directly for a missing path.,raised HTTPException class; status code; detail; empty partial ASGI event trace,existing,tests/fixtures/sources/parity/static-files.yaml,,tests/test_staticfiles.py:110
optional.test_staticfiles.test_staticfiles_with_package,upstream_test,tests/test_staticfiles.py,test_staticfiles_with_package,supported,starlette.staticfiles.StaticFiles,"Serve the test package static asset once with the default package directory and once with an explicit (package, subdirectory) tuple.",resolved static roots; response status; content type; response body,existing,tests/fixtures/sources/parity/static-files.yaml,,tests/test_staticfiles.py:68
optional.test_staticfiles.test_staticfiles_with_pathlib,upstream_test,tests/test_staticfiles.py,test_staticfiles_with_pathlib,supported,starlette.staticfiles.StaticFiles,Write a text asset and pass its pathlib.Path directory to StaticFiles; issue GET for the asset.,response.status; response.headers; response.body; file metadata,backlog,,,tests/test_staticfiles.py:34
optional.test_templates.test_calls_context_processors,upstream_test,tests/test_templates.py,test_calls_context_processors,supported,starlette.templating.Jinja2Templates,Create a template using a processor-provided username; register a synchronous request context processor and render through a route.,response.status; HTML body; template metadata; merged context keys,backlog,,,tests/test_templates.py:49
optional.test_templates.test_template_with_middleware,upstream_test,tests/test_templates.py,test_template_with_middleware,supported,starlette.templating.Jinja2Templates,Render a url_for template through an app with pass-through BaseHTTPMiddleware and a named route.,response.status; HTML body; template metadata; request context; middleware event order,backlog,,,tests/test_templates.py:77
optional.test_templates.test_templates,upstream_test,tests/test_templates.py,test_templates,supported,starlette.templating.Jinja2Templates,Create a directory template that invokes url_for for a named route; render it through TemplateResponse with request in context.,response.status; HTML body; response.template metadata; response.context keys; generated URL,backlog,,,tests/test_templates.py:19
optional.test_templates.test_templates_autoescape,upstream_test,tests/test_templates.py,test_templates_autoescape,supported,starlette.templating.Jinja2Templates,Create an HTML template containing a variable and render a script-like string through a directory-backed Jinja2Templates environment.,rendered HTML bytes; autoescape configuration; template lookup,backlog,,,tests/test_templates.py:37
optional.test_templates.test_templates_require_directory_or_environment,upstream_test,tests/test_templates.py,test_templates_require_directory_or_environment,supported,starlette.templating.Jinja2Templates,Construct Jinja2Templates with neither directory nor environment.,constructor exception class; exception message; initialization outcome,backlog,,,tests/test_templates.py:138
optional.test_templates.test_templates_require_directory_or_environment_not_both,upstream_test,tests/test_templates.py,test_templates_require_directory_or_environment_not_both,supported,starlette.templating.Jinja2Templates,Construct Jinja2Templates with both a directory and a Jinja2 Environment.,constructor exception class; exception message; initialization outcome,backlog,,,tests/test_templates.py:143
optional.test_templates.test_templates_with_directories,upstream_test,tests/test_templates.py,test_templates_with_directories,supported,starlette.templating.Jinja2Templates,Configure Jinja2Templates with two template directories and render one named template from each through distinct routes.,template search order; response URLs; rendered HTML; context keys,backlog,,,tests/test_templates.py:103
optional.test_templates.test_templates_with_directory,upstream_test,tests/test_templates.py,test_templates_with_directory,supported,starlette.templating.Jinja2Templates,Create an HTML file and render it directly with a directory-backed Jinja2Templates instance.,template lookup result; rendered text; environment autoescape configuration,backlog,,,tests/test_templates.py:148
optional.test_templates.test_templates_with_environment,upstream_test,tests/test_templates.py,test_templates_with_environment,supported,starlette.templating.Jinja2Templates,"Create a preconfigured Jinja2 Environment with FileSystemLoader, pass it into Jinja2Templates, and render through a named route.",response.status; rendered HTML; template metadata; context keys; supplied environment usage,backlog,,,tests/test_templates.py:158
optional.test_testclient.test_client,upstream_test,tests/test_testclient.py,test_client,supported,starlette.testclient.TestClient,Use default TestClient client-address settings; have an app return the ASGI client field and issue GET.,ASGI scope client address; response body; server address,backlog,,,tests/test_testclient.py:319
optional.test_testclient.test_client_custom_client,upstream_test,tests/test_testclient.py,test_client_custom_client,supported,starlette.testclient.TestClient,Configure a custom TestClient client tuple and have an app return the scope client field.,ASGI scope client address; response body; server address,backlog,,,tests/test_testclient.py:332
optional.test_testclient.test_debug_info_in_response_extensions,upstream_test,tests/test_testclient.py,test_debug_info_in_response_extensions,supported,starlette.testclient.TestClient,Supply an app that emits http.response.debug with a structured info payload before an HTTP response; retrieve the response extension mapping.,response extension names; debug info structure; response body; event order,backlog,,,tests/test_testclient.py:233
optional.test_testclient.test_debug_info_in_response_extensions_with_template,upstream_test,tests/test_testclient.py,test_debug_info_in_response_extensions_with_template,supported,starlette.testclient.TestClient,Render a template response with a request context while the TestClient supplies http.response.debug; retrieve extension and convenience attributes.,response extension names; template metadata; context mapping; response body,backlog,,,tests/test_testclient.py:251
optional.test_testclient.test_domain_restricted_cookies,upstream_test,tests/test_testclient.py,test_domain_restricted_cookies,supported,starlette.testclient.TestClient,"Run cookie-jar domain cases testserver, testserver.local, localhost, and example.com; accept the documented xfail condition on Python versions below 3.11 for the testserver case.",cookie jar domain matching; request Cookie header; response status; interpreter version and xfail/skip metadata,backlog,,,tests/test_testclient.py:374
optional.test_testclient.test_error_on_startup,upstream_test,tests/test_testclient.py,test_error_on_startup,supported,starlette.testclient.TestClient,Build an app whose lifespan startup raises RuntimeError and enter the TestClient context manager.,raised exception type and propagation point; lifespan events; portal cleanup,backlog,,,tests/test_testclient.py:167
optional.test_testclient.test_exception_in_middleware,upstream_test,tests/test_testclient.py,test_exception_in_middleware,supported,starlette.testclient.TestClient,Use a middleware that raises a custom exception on an HTTP request and invoke through the client factory.,raised exception class; exception propagation; middleware and response event trace,backlog,,,tests/test_testclient.py:180
optional.test_testclient.test_forward_follow_redirects,upstream_test,tests/test_testclient.py,test_forward_follow_redirects,supported,starlette.testclient.TestClient,Use an endpoint that returns a redirect to /ok and request with the client default follow_redirects behavior.,redirect history; final URL; final response status/body,backlog,,,tests/test_testclient.py:400
optional.test_testclient.test_forward_nofollow_redirects,upstream_test,tests/test_testclient.py,test_forward_nofollow_redirects,supported,starlette.testclient.TestClient,Use an endpoint that redirects to /ok and request with follow_redirects disabled for that call.,redirect response status; Location header; redirect history; response body,backlog,,,tests/test_testclient.py:413
optional.test_testclient.test_merge_url,upstream_test,tests/test_testclient.py,test_merge_url,supported,starlette.testclient.TestClient,Set a base URL with a path prefix and request a relative path through a route that returns the ASGI request path.,merged request URL; ASGI scope path; response body,backlog,,,tests/test_testclient.py:433
optional.test_testclient.test_query_params,upstream_test,tests/test_testclient.py,test_query_params,supported,starlette.testclient.TestClient,"Run the parameter cases for an ISO timestamp with offset, España, and voilà as query values; have the route read the query mapping.",decoded query key/value pairs; request URL encoding; response body,backlog,,,tests/test_testclient.py:346
optional.test_testclient.test_raw_path_with_querystring,upstream_test,tests/test_testclient.py,test_raw_path_with_querystring,supported,starlette.testclient.TestClient,Request a path with query params from a raw ASGI app that reports scope.raw_path.,scope raw_path bytes; scope query_string; response body,backlog,,,tests/test_testclient.py:443
optional.test_testclient.test_testclient_asgi2,upstream_test,tests/test_testclient.py,test_testclient_asgi2,supported,starlette.testclient.TestClient,Supply a legacy two-call ASGI app and make one GET request; the app emits a start and body message.,ASGI scope; emitted event order; client status/headers/body; adapter behavior,backlog,,,tests/test_testclient.py:198
optional.test_testclient.test_testclient_asgi3,upstream_test,tests/test_testclient.py,test_testclient_asgi3,supported,starlette.testclient.TestClient,Supply a three-argument ASGI app and make one GET request; the app emits a start and body message.,ASGI scope; emitted event order; client status/headers/body,backlog,,,tests/test_testclient.py:217
optional.test_testclient.test_testclient_headers_behavior,upstream_test,tests/test_testclient.py,test_testclient_headers_behavior,supported,starlette.testclient.TestClient,"Construct clients with defaults, a custom User-Agent, and an Authentication header; inspect each client default-header mapping.",client header names and values; default header preservation,backlog,,,tests/test_testclient.py:70
optional.test_testclient.test_timeout_deprecation,upstream_test,tests/test_testclient.py,test_timeout_deprecation,supported,starlette.testclient.TestClient;starlette.testclient.TestClient.request.timeout,Pass an explicit timeout to TestClient.get for a simple route while capturing runtime warnings.,warning category; exact warning message; warning filename/line and stacklevel call site; request status/body,backlog,,,tests/test_testclient.py:467-472;starlette/testclient.py:430-453
optional.test_testclient.test_use_testclient_as_contextmanager,upstream_test,tests/test_testclient.py,test_use_testclient_as_contextmanager,supported,starlette.testclient.TestClient,"Run the client in context-manager mode; compare task identity and a ContextVar across repeated requests, and send one endpoint that creates a child task.",startup/shutdown trace; persistent portal/task identity; context variable isolation; request response,backlog,,,tests/test_testclient.py:89
optional.test_testclient.test_use_testclient_in_endpoint,upstream_test,tests/test_testclient.py,test_use_testclient_in_endpoint,supported,starlette.testclient.TestClient,Create an outer app endpoint that constructs a TestClient for a second in-process Starlette app and calls its root route.,nested request status; nested response body; outer response body; loop/thread cleanup,backlog,,,tests/test_testclient.py:50
optional.test_testclient.test_websocket_blocking_receive,upstream_test,tests/test_testclient.py,test_websocket_blocking_receive,supported,starlette.testclient.TestClient,Open a WebSocket session whose app waits for one client JSON message before responding; send and receive through synchronous session methods.,handshake scope; message order; receive blocking/wakeup; close and task cleanup,backlog,,,tests/test_testclient.py:272
optional.test_testclient.test_websocket_not_block_on_close,upstream_test,tests/test_testclient.py,test_websocket_not_block_on_close,supported,starlette.testclient.TestClient,Open and close a WebSocket whose accepted application then waits forever; ensure session teardown cancels the app task.,handshake events; disconnect code/reason; cancellation completion; portal cleanup,backlog,,,tests/test_testclient.py:297
optional.test_testclient.test_websocket_raw_path_without_params,upstream_test,tests/test_testclient.py,test_websocket_raw_path_without_params,supported,starlette.testclient.TestClient,Open a WebSocket URL with query params; have the app report raw_path bytes in a binary frame.,WebSocket raw_path bytes; query string; received frame type/body,backlog,,,tests/test_testclient.py:453
optional.test_testclient.test_with_duplicate_headers,upstream_test,tests/test_testclient.py,test_with_duplicate_headers,supported,starlette.testclient.TestClient,Send two values for the same request header and have the endpoint enumerate that header from Request.headers.,raw header values; header order; response body,backlog,,,tests/test_testclient.py:423
python.minimum-and-ci-matrix,python_version,pyproject.toml,requires-python floor and upstream CI test matrix,n/a,python.floor.3.10; python.ci.3.10-3.14,"Build/install the package and run the same API smoke cases in isolated Python 3.10, 3.11, 3.12, 3.13, and 3.14 environments; preserve which CI jobs run lint versus build/test.",declared requires-python; interpreter version; dependency resolution; import and runtime outcome; job steps enabled,backlog,,,pyproject.toml:12;pyproject.toml:25;pyproject.toml:30;.github/workflows/main.yml:18;.github/workflows/main.yml:36;.github/workflows/main.yml:40
python.testclient-domain-cookie-floor,python_version,tests/test_testclient.py,Cookie domain handling xfail below Python 3.11,supported,starlette.testclient.TestClient.cookies; python.cookie-jar.domain,Run the domain-restriction cases on Python 3.10 and 3.11+; preserve the test’s xfail marker only for the testserver domain below 3.11.,interpreter version; cookie jar domain matching; request Cookie header; xfail/skip classification,backlog,,,tests/test_testclient.py:374;tests/test_testclient.py:380
python.typing-extensions-marker,python_version,pyproject.toml,Conditional typing_extensions dependency and runtime import branches,n/a,python.typing-extensions.python<3.13,"Resolve/install across Python 3.10-3.12 and 3.13-3.14; inspect whether TypeIs, TypeVar, and Self resolve from typing_extensions or stdlib paths.",environment markers; resolved typing_extensions package; selected import branch; module import outcome,backlog,,,pyproject.toml:35;starlette/_utils.py:13;starlette/requests.py:33;starlette/testclient.py:29
request-response.optional.multipart,optional_feature,pyproject.toml,python-multipart full extra,supported,starlette.requests.Request.form;starlette.datastructures.UploadFile,"Run multipart form input with python-multipart installed and absent, preserving dependency environment metadata.",installed distribution/extra set;form parse result;import or exception type/message,backlog,,,pyproject.toml:40-44;docs/requests.md:112-170;starlette/requests.py:313-323
request-response.python-version-matrix,python_version,pyproject.toml,"Supported CPython range, typing defaults, and cookie partitioned behavior",supported,starlette.applications.Starlette;starlette.concurrency.run_in_threadpool;starlette.datastructures.URL;starlette.config.Config;starlette.exceptions.HTTPException;starlette.requests.Request;starlette.responses.Response.set_cookie;typing_extensions.TypeVar,"Run representative ASGI/lifespan, sync-offload, URL/config/exception parsing, type-metadata, and cookie inputs under each supported CPython version 3.10 through 3.14, including typing behavior before and after Python 3.13 and partitioned-cookie behavior.",runtime.python_version; import/build status; ASGI/lifespan and sync-callable traces; URL/config/exception observations; type annotation metadata; cookie headers and errors,backlog,,,"pyproject.toml:12-36;.github/workflows/main.yml:18-20;starlette/_utils.py:13-27;starlette/requests.py:4-9,77;starlette/responses.py:89-132;docs/responses.md:30-45"
request-response.support.README,test_support,tests/test_responses.py,README,private/internal,starlette.responses.FileResponse,Constant bytes used by readme_file to create FileResponse test asset.,asset source bytes;owning fixture use,not_applicable,,This test-only constant is input data for the readme_file fixture and has no independent Starlette consumer behavior.,tests/test_responses.py:698
request-response.support.TestClientFactory,test_support,tests/types.py,TestClientFactory,private/internal,starlette.testclient.TestClient,Test-only protocol/runtime alias that types the test_client_factory helper arguments.,type-checking protocol declaration;runtime alias/import behavior,not_applicable,,This annotation helper defines upstream test harness typing and is not part of Starlette runtime consumer behavior.,tests/types.py:10-27
request-response.support.file_response_client,test_support,tests/test_responses.py,file_response_client,private/internal,starlette.requests.Request;starlette.responses.Response,TestClient bound to FileResponse and temporary asset for owning file/range cases.,fixture setup fields;backend or file inputs;owning test invocation,not_applicable,,Helper configures test execution or supplies a test asset/client; it has no independent Starlette consumer behavior.,tests/test_responses.py:716
request-response.support.readme_file,test_support,tests/test_responses.py,readme_file,private/internal,starlette.requests.Request;starlette.responses.Response,Temporary file asset created for owning FileResponse cases.,fixture setup fields;backend or file inputs;owning test invocation,not_applicable,,Helper configures test execution or supplies a test asset/client; it has no independent Starlette consumer behavior.,tests/test_responses.py:710
request-response.support.test_client_factory,test_support,tests/conftest.py,test_client_factory,private/internal,starlette.requests.Request;starlette.responses.Response,AnyIO backend name/options used by owning tests when constructing TestClient.,fixture setup fields;backend or file inputs;owning test invocation,not_applicable,,Helper configures test execution or supplies a test asset/client; it has no independent Starlette consumer behavior.,tests/conftest.py:12
request.api.path-param-types,api_behavior,starlette/requests.py,Request path_params with built-in converters and CPython integer digit limit,supported,starlette.request.path-param-string;starlette.request.path-param-int;starlette.request.path-param-float;starlette.request.path-param-uuid;starlette.request.path-param-path;starlette.request.path-param-int-digit-limit;starlette.request.query-params-getlist-scalar;starlette.request.headers-case-insensitive;starlette.request.cookies;starlette.request.json-chunked-body;starlette.routing.request-scope-values;starlette.asgi.request-dispatch-events,"Run Request-style endpoint observations for str, int, float, uuid, and path values plus a 5001-digit int parameter against CPython 3.12's default conversion limit.",request.path_params; request_observations.path_param; route_scope.path_params; response_status; exception_type_and_observable_payload,existing,tests/fixtures/sources/parity/request-path-param-types.yaml,,starlette/requests.py:214-287;starlette/routing.py:102-123;tests/fixtures/sources/parity/request-path-param-types.yaml
request.test.test_chunked_encoding,upstream_test,tests/test_requests.py,test_chunked_encoding,supported,starlette.requests.Request.body;starlette.requests.Request.stream,POST body delivered as multiple chunks without relying on Content-Length; read via body().,"request fields;receive/send ASGI event trace;response status, headers, and bytes;raised exception type/message",backlog,,,tests/test_requests.py:488
request.test.test_cookie_lenient_parsing,upstream_test,tests/test_requests.py,test_cookie_lenient_parsing,supported,starlette.requests.Request.cookies,Cookie header containing a structured JSON-like cookie value alongside normal cookie pairs.,"request fields;receive/send ASGI event trace;response status, headers, and bytes;raised exception type/message",backlog,,,tests/test_requests.py:359
request.test.test_cookies_edge_cases,upstream_test,tests/test_requests.py,test_cookies_edge_cases,supported,starlette.requests.Request.cookies,"Parameterized Cookie strings covering semicolon delimiters, quotes, embedded equals, punctuation, brackets, duplicates, and domain token.","request fields;receive/send ASGI event trace;response status, headers, and bytes;raised exception type/message",backlog,,,tests/test_requests.py:415
request.test.test_cookies_invalid,upstream_test,tests/test_requests.py,test_cookies_invalid,supported,starlette.requests.Request.cookies,"Parameterized malformed browser Cookie strings with unnamed segments, spaces, punctuation, and empty names/values.","request fields;receive/send ASGI event trace;response status, headers, and bytes;raised exception type/message",backlog,,,tests/test_requests.py:454
request.test.test_multiple_cookie_headers,upstream_test,tests/test_requests.py,test_multiple_cookie_headers,supported,starlette.requests.Request.cookies,One request scope with multiple raw Cookie header fields.,"request fields;receive/send ASGI event trace;response status, headers, and bytes;raised exception type/message",backlog,,,tests/test_requests.py:475
request.test.test_request_body,upstream_test,tests/test_requests.py,test_request_body,supported,starlette.requests.Request.body;starlette.requests.Request.stream,"Receive empty, JSON-encoded, and plain-text request bodies; call body().","request fields;receive/send ASGI event trace;response status, headers, and bytes;raised exception type/message",backlog,,,tests/test_requests.py:82
request.test.test_request_body_then_stream,upstream_test,tests/test_requests.py,test_request_body_then_stream,supported,starlette.requests.Request.body;starlette.requests.Request.stream,POST a body; call body() before iterating stream() on the same request.,"request fields;receive/send ASGI event trace;response status, headers, and bytes;raised exception type/message",backlog,,,tests/test_requests.py:148
request.test.test_request_client,upstream_test,tests/test_requests.py,test_request_client,supported,starlette.requests.Request,"Construct scopes with client address tuple, explicit null, and omitted client field.","request fields;receive/send ASGI event trace;response status, headers, and bytes;raised exception type/message",backlog,,,tests/test_requests.py:76
request.test.test_request_cookies,upstream_test,tests/test_requests.py,test_request_cookies,supported,starlette.requests.Request.cookies,Sequential requests to endpoint that reads a cookie then sets one when absent.,"request fields;receive/send ASGI event trace;response status, headers, and bytes;raised exception type/message",backlog,,,tests/test_requests.py:340
request.test.test_request_disconnect,upstream_test,tests/test_requests.py,test_request_disconnect,supported,starlette.requests.Request,Request body receive channel yields http.disconnect before a request body message.,"request fields;receive/send ASGI event trace;response status, headers, and bytes;raised exception type/message",backlog,,,tests/test_requests.py:241
request.test.test_request_form_context_manager,upstream_test,tests/test_requests.py,test_request_form_context_manager,supported,starlette.requests.Request.form;starlette.datastructures.FormData,POST URL-encoded fields; enter form() using its async context-manager interface.,"request fields;receive/send ASGI event trace;response status, headers, and bytes;raised exception type/message",backlog,,,tests/test_requests.py:135
request.test.test_request_form_urlencoded,upstream_test,tests/test_requests.py,test_request_form_urlencoded,supported,starlette.requests.Request.form;starlette.datastructures.FormData,POST URL-encoded fields including escaped characters; parse with await request.form().,"request fields;receive/send ASGI event trace;response status, headers, and bytes;raised exception type/message",backlog,,,tests/test_requests.py:122
request.test.test_request_headers,upstream_test,tests/test_requests.py,test_request_headers,supported,starlette.requests.Request,Mixed-case/repeated HTTP header input; endpoint enumerates request header mapping.,"request fields;receive/send ASGI event trace;response status, headers, and bytes;raised exception type/message",backlog,,,tests/test_requests.py:48
request.test.test_request_is_disconnected,upstream_test,tests/test_requests.py,test_request_is_disconnected,supported,starlette.requests.Request.is_disconnected,Read request body; check disconnect state before and after response delivery.,body bytes;disconnect state before and after response delivery;ordered response events;receive call count,existing,tests/fixtures/sources/parity/request-runtime.yaml,,tests/test_requests.py:269
request.test.test_request_json,upstream_test,tests/test_requests.py,test_request_json,supported,starlette.requests.Request,POST JSON request body and call json().,"request fields;receive/send ASGI event trace;response status, headers, and bytes;raised exception type/message",backlog,,,tests/test_requests.py:183
request.test.test_request_query_params,upstream_test,tests/test_requests.py,test_request_query_params,supported,starlette.requests.Request,HTTP query string with multiple key/value pairs; endpoint converts the immutable multi-dict to a mapping.,"request fields;receive/send ASGI event trace;response status, headers, and bytes;raised exception type/message",backlog,,,tests/test_requests.py:32
request.test.test_request_raw_path,upstream_test,tests/test_requests.py,test_request_raw_path,supported,starlette.requests.Request,Request path containing percent-encoded slash; inspect decoded path and raw_path bytes.,"request fields;receive/send ASGI event trace;response status, headers, and bytes;raised exception type/message",backlog,,,tests/test_requests.py:206
request.test.test_request_rcv,upstream_test,tests/test_requests.py,test_request_rcv,supported,starlette.requests.Request,Parameterized request-receive message layouts; consume via request body/stream APIs.,"request fields;receive/send ASGI event trace;response status, headers, and bytes;raised exception type/message",backlog,,,tests/test_requests.py:581
request.test.test_request_scope_interface,upstream_test,tests/test_requests.py,test_request_scope_interface,supported,starlette.requests.Request,"Construct Request from minimal HTTP scope; exercise keyed lookup, conversion, iteration, and length.","request fields;receive/send ASGI event trace;response status, headers, and bytes;raised exception type/message",backlog,,,tests/test_requests.py:195
request.test.test_request_send_push_promise,upstream_test,tests/test_requests.py,test_request_send_push_promise,supported,starlette.request.send-push-promise.extension-event,"Enable http.response.push extension, provide send channel, invoke push for a resource path, and include one copied plus one ignored header.",send event path;copied header names/values;send callback outcome,existing,tests/fixtures/sources/parity/request-runtime.yaml,,tests/test_requests.py:505;starlette/requests.py:342-348;tests/fixtures/sources/parity/request-runtime.yaml
request.test.test_request_send_push_promise_without_push_extension,upstream_test,tests/test_requests.py,test_request_send_push_promise_without_push_extension,supported,starlette.request.send-push-promise.without-extension,"Omit http.response.push extension, provide Request, and invoke push for a resource path.",send callback invocation count;exception outcome,existing,tests/fixtures/sources/parity/request-runtime.yaml,,tests/test_requests.py:521-539;starlette/requests.py:342-348;tests/fixtures/sources/parity/request-runtime.yaml
request.test.test_request_send_push_promise_without_setting_send,upstream_test,tests/test_requests.py,test_request_send_push_promise_without_setting_send,supported,starlette.request.send-push-promise.missing-send,"Enable push extension but construct Request without send channel, then invoke push.",exception type/message;send callback invocation count,existing,tests/fixtures/sources/parity/request-runtime.yaml,,"tests/test_requests.py:541-558;starlette/requests.py:210-223,348;tests/fixtures/sources/parity/request-runtime.yaml"
request.test.test_request_state,upstream_test,tests/test_requests.py,test_request_state,supported,starlette.requests.Request.state,Endpoint sets and reads a request-local state attribute.,"request fields;receive/send ASGI event trace;response status, headers, and bytes;raised exception type/message",backlog,,,tests/test_requests.py:328
request.test.test_request_state_object,upstream_test,tests/test_requests.py,test_request_state_object,supported,starlette.datastructures.State,"Initialize State mapping; exercise attribute and mapping get/set/delete, iteration, length, and absent-key access.","request fields;receive/send ASGI event trace;response status, headers, and bytes;raised exception type/message",backlog,,,tests/test_requests.py:292
request.test.test_request_stream,upstream_test,tests/test_requests.py,test_request_stream,supported,starlette.requests.Request.body;starlette.requests.Request.stream,Receive empty and multi-message request bodies; exhaust stream() once.,"request fields;receive/send ASGI event trace;response status, headers, and bytes;raised exception type/message",backlog,,,tests/test_requests.py:101
request.test.test_request_stream_called_twice,upstream_test,tests/test_requests.py,test_request_stream_called_twice,supported,starlette.requests.Request.body;starlette.requests.Request.stream,Exhaust request stream and invoke stream API a second time.,"request fields;receive/send ASGI event trace;response status, headers, and bytes;raised exception type/message",backlog,,,tests/test_requests.py:595
request.test.test_request_stream_then_body,upstream_test,tests/test_requests.py,test_request_stream_then_body,supported,starlette.requests.Request.body;starlette.requests.Request.stream,POST a body; exhaust stream() before calling body() on the same request.,"request fields;receive/send ASGI event trace;response status, headers, and bytes;raised exception type/message",backlog,,,tests/test_requests.py:164
request.test.test_request_url,upstream_test,tests/test_requests.py,test_request_url,supported,starlette.requests.Request,HTTP scopes with path/query and both relative and absolute request targets; endpoint reads method and URL string/components.,"request fields;receive/send ASGI event trace;response status, headers, and bytes;raised exception type/message",backlog,,,tests/test_requests.py:17
request.test.test_request_url_outside_starlette_context,upstream_test,tests/test_requests.py,test_request_url_outside_starlette_context,supported,starlette.requests.Request,Construct Request with root_path and query data outside app routing context; resolve a named URL.,"request fields;receive/send ASGI event trace;response status, headers, and bytes;raised exception type/message",backlog,,,tests/test_requests.py:633
request.test.test_request_url_starlette_context,upstream_test,tests/test_requests.py,test_request_url_starlette_context,supported,starlette.requests.Request,Resolve named route URL from within endpoint request context using route parameters.,"request fields;receive/send ASGI event trace;response status, headers, and bytes;raised exception type/message",backlog,,,tests/test_requests.py:646
request.test.test_request_without_setting_receive,upstream_test,tests/test_requests.py,test_request_without_setting_receive,supported,starlette.requests.Request,Construct Request without receive then call a body-reading method.,"request fields;receive/send ASGI event trace;response status, headers, and bytes;raised exception type/message",backlog,,,tests/test_requests.py:219
response.redirect-response.case-insensitive-location-replacement,api_behavior,starlette/responses.py,RedirectResponse case-insensitive Location replacement,supported,starlette.responses.RedirectResponse.asgi-call.case-insensitive-location-replacement,"Construct a 308 RedirectResponse with mixed-case Location and ordered surrounding headers, plus caller-supplied Content-Length; observe replacement and preserved event order.",asgi-call.response_status;ordered_repeated_headers;response_bytes;asgi_event_order;asgi_events,existing,tests/fixtures/sources/parity/redirect-response.yaml,,starlette/responses.py:204-214;starlette/datastructures.py:578-599;tests/fixtures/sources/parity/redirect-response.yaml
response.test.test_bytes_response,upstream_test,tests/test_responses.py,test_bytes_response,supported,starlette.responses.Response.asgi-call.bytes-content,"Construct Response(b""xxxxx"", media_type=""image/png"") and invoke it through direct HTTP ASGI.",asgi-call.response_status;ordered_repeated_headers;response_bytes;asgi_event_order;asgi_events,existing,tests/fixtures/sources/parity/responses-basic.yaml,,tests/test_responses.py:36-44;starlette/responses.py:29-80;tests/fixtures/sources/parity/responses-basic.yaml
response.test.test_delete_cookie,upstream_test,tests/test_responses.py,test_delete_cookie,supported,starlette.responses.Response.asgi-call.cookie-mutations,"Sequential requests set a cookie, then delete it after the next request returns it.",Set-Cookie header fields/order;response status/body;exception type;runtime Python version,existing,tests/fixtures/sources/parity/responses-basic.yaml,,tests/test_responses.py:498;tests/fixtures/sources/parity/responses-basic.yaml
response.test.test_empty_204_response,upstream_test,tests/test_responses.py,test_empty_204_response,supported,starlette.responses.Response.asgi-call.empty-204-response,Construct Response(status_code=204) with default None content and invoke it through direct HTTP ASGI.,asgi-call.response_status;ordered_repeated_headers;response_bytes;asgi_event_order;asgi_events,existing,tests/fixtures/sources/parity/responses-basic.yaml,,tests/test_responses.py:540-545;starlette/responses.py:29-80;tests/fixtures/sources/parity/responses-basic.yaml
response.test.test_empty_response,upstream_test,tests/test_responses.py,test_empty_response,supported,starlette.responses.Response.asgi-call.empty-response,Construct Response() with default None content and invoke it through direct HTTP ASGI.,asgi-call.response_status;ordered_repeated_headers;response_bytes;asgi_event_order;asgi_events,existing,tests/fixtures/sources/parity/responses-basic.yaml,,tests/test_responses.py:531-537;starlette/responses.py:29-80;tests/fixtures/sources/parity/responses-basic.yaml
response.test.test_expires_on_set_cookie,upstream_test,tests/test_responses.py,test_expires_on_set_cookie,supported,starlette.responses.Response.asgi-call.set-cookie-attributes;starlette.responses.Response.asgi-call.cookie-expiration-inputs,"Parameter family: expires as aware datetime, HTTP-date string, and integer seconds; control clock.",Set-Cookie header fields/order;response status/body;exception type;runtime Python version,existing,tests/fixtures/sources/parity/responses-basic.yaml,,tests/test_responses.py:478;tests/fixtures/sources/parity/responses-basic.yaml
response.test.test_file_response,upstream_test,tests/test_responses.py,test_file_response,supported,starlette.responses.FileResponse,"Serve temporary file with chosen filename, media type inferred from name, and background task.",response status;ordered headers;Content-Range/Content-Disposition/metadata;body bytes/chunks;ASGI event order;raised exception type and fields,backlog,,,tests/test_responses.py:213
response.test.test_file_response_default_media_type,upstream_test,tests/test_responses.py,test_file_response_default_media_type,supported,starlette.responses.FileResponse,Serve file with unknown extension and no explicit media type.,response status;ordered headers;Content-Range/Content-Disposition/metadata;body bytes/chunks;ASGI event order;raised exception type and fields,backlog,,,tests/test_responses.py:293
response.test.test_file_response_head,upstream_test,tests/test_responses.py,test_file_response_head,supported,starlette.responses.FileResponse.asgi-call.head,Serve temporary file with HEAD request and no Range header.,response status;ordered headers;Content-Range/Content-Disposition/metadata;body bytes/chunks;ASGI event order;raised exception type and fields,existing,tests/fixtures/sources/parity/file-response.yaml,,tests/test_responses.py:730;starlette/responses.py:460-528;tests/fixtures/sources/parity/file-response.yaml
response.test.test_file_response_insert_ranges,upstream_test,tests/test_responses.py,test_file_response_insert_ranges,supported,starlette.responses.FileResponse,Provide unsorted range intervals for range insertion/ordering.,response status;ordered headers;Content-Range/Content-Disposition/metadata;body bytes/chunks;ASGI event order;raised exception type and fields,backlog,,,tests/test_responses.py:903
response.test.test_file_response_inverted_single_byte_range,upstream_test,tests/test_responses.py,test_file_response_inverted_single_byte_range,supported,starlette.responses.FileResponse.asgi-call.range-inverted-single-byte,Submit inverted single-byte range against temporary file.,response status;ordered headers;Content-Range/Content-Disposition/metadata;body bytes/chunks;ASGI event order;raised exception type and fields,existing,tests/fixtures/sources/parity/file-response.yaml,,tests/test_responses.py:836;starlette/responses.py:460-528;tests/fixtures/sources/parity/file-response.yaml
response.test.test_file_response_known_size,upstream_test,tests/test_responses.py,test_file_response_known_size,supported,starlette.responses.FileResponse,Serve temporary file with known size available before send.,response status;ordered headers;Content-Range/Content-Disposition/metadata;body bytes/chunks;ASGI event order;raised exception type and fields,backlog,,,tests/test_responses.py:563
response.test.test_file_response_merge_ranges,upstream_test,tests/test_responses.py,test_file_response_merge_ranges,supported,starlette.responses.FileResponse.asgi-call.range-overlap-merge,Provide overlapping/adjacent range intervals to multipart range generation.,response status;ordered headers;Content-Range/Content-Disposition/metadata;body bytes/chunks;ASGI event order;raised exception type and fields,existing,tests/fixtures/sources/parity/file-response.yaml,,tests/test_responses.py:849;starlette/responses.py:460-528;tests/fixtures/sources/parity/file-response.yaml
response.test.test_file_response_multi_small_chunk_size,upstream_test,tests/test_responses.py,test_file_response_multi_small_chunk_size,supported,starlette.responses.FileResponse.asgi-call.range-multipart-small-chunks,Stream file with small configured chunk size and exercise multiple ranges.,response status;ordered headers;Content-Range/Content-Disposition/metadata;body bytes/chunks;ASGI event order;raised exception type and fields,existing,tests/fixtures/sources/parity/file-response.yaml,,tests/test_responses.py:993;starlette/responses.py:460-528;tests/fixtures/sources/parity/file-response.yaml
response.test.test_file_response_multiple_calls,upstream_test,tests/test_responses.py,test_file_response_multiple_calls,supported,starlette.responses.FileResponse,Invoke one FileResponse object repeatedly for independent requests.,response status;ordered headers;Content-Range/Content-Disposition/metadata;body bytes/chunks;ASGI event order;raised exception type and fields,backlog,,,tests/test_responses.py:981
response.test.test_file_response_on_head_method,upstream_test,tests/test_responses.py,test_file_response_on_head_method,supported,starlette.responses.FileResponse,Invoke FileResponse directly using HTTP HEAD scope and temporary file.,response status;ordered headers;Content-Range/Content-Disposition/metadata;body bytes/chunks;ASGI event order;raised exception type and fields,backlog,,,tests/test_responses.py:253
response.test.test_file_response_only_support_bytes_range,upstream_test,tests/test_responses.py,test_file_response_only_support_bytes_range,supported,starlette.responses.FileResponse.asgi-call.malformed-range-400,Submit Range header with unsupported unit.,response status;ordered headers;Content-Range/Content-Disposition/metadata;body bytes/chunks;ASGI event order;raised exception type and fields,existing,tests/fixtures/sources/parity/file-response.yaml,,tests/test_responses.py:818;starlette/responses.py:460-528;tests/fixtures/sources/parity/file-response.yaml
response.test.test_file_response_range,upstream_test,tests/test_responses.py,test_file_response_range,supported,starlette.responses.FileResponse.asgi-call.range-206,Serve temporary file with one byte-range request.,response status;ordered headers;Content-Range/Content-Disposition/metadata;body bytes/chunks;ASGI event order;raised exception type and fields,existing,tests/fixtures/sources/parity/file-response.yaml,,tests/test_responses.py:739;starlette/responses.py:460-528;tests/fixtures/sources/parity/file-response.yaml
response.test.test_file_response_range_416,upstream_test,tests/test_responses.py,test_file_response_range_416,supported,starlette.responses.FileResponse.asgi-call.unsatisfiable-range-416,Submit byte-range start beyond file extent.,response status;ordered headers;Content-Range/Content-Disposition/metadata;body bytes/chunks;ASGI event order;raised exception type and fields,existing,tests/fixtures/sources/parity/file-response.yaml,,tests/test_responses.py:812;starlette/responses.py:460-528;tests/fixtures/sources/parity/file-response.yaml
response.test.test_file_response_range_count_limit,upstream_test,tests/test_responses.py,test_file_response_range_count_limit,supported,starlette.responses.FileResponse.asgi-call.range-count-limit,Submit byte-range request at supported range count threshold.,response status;ordered headers;Content-Range/Content-Disposition/metadata;body bytes/chunks;ASGI event order;raised exception type and fields,existing,tests/fixtures/sources/parity/file-response.yaml,,tests/test_responses.py:785;starlette/responses.py:460-528;tests/fixtures/sources/parity/file-response.yaml
response.test.test_file_response_range_count_limit_exceeded,upstream_test,tests/test_responses.py,test_file_response_range_count_limit_exceeded,supported,starlette.responses.FileResponse.asgi-call.range-count-limit-exceeded,Submit byte-range request above supported range-count threshold.,response status;ordered headers;Content-Range/Content-Disposition/metadata;body bytes/chunks;ASGI event order;raised exception type and fields,existing,tests/fixtures/sources/parity/file-response.yaml,,tests/test_responses.py:793;starlette/responses.py:460-528;tests/fixtures/sources/parity/file-response.yaml
response.test.test_file_response_range_empty_start_and_end,upstream_test,tests/test_responses.py,test_file_response_range_empty_start_and_end,supported,starlette.responses.FileResponse.asgi-call.range-empty-parts,Submit byte range with both endpoints empty.,response status;ordered headers;Content-Range/Content-Disposition/metadata;body bytes/chunks;ASGI event order;raised exception type and fields,existing,tests/fixtures/sources/parity/file-response.yaml,,tests/test_responses.py:949;starlette/responses.py:460-528;tests/fixtures/sources/parity/file-response.yaml
response.test.test_file_response_range_head,upstream_test,tests/test_responses.py,test_file_response_range_head,supported,starlette.responses.FileResponse.asgi-call.range-head-206,Serve temporary file with HEAD and byte-range request.,response status;ordered headers;Content-Range/Content-Disposition/metadata;body bytes/chunks;ASGI event order;raised exception type and fields,existing,tests/fixtures/sources/parity/file-response.yaml,,tests/test_responses.py:748;starlette/responses.py:430-455;tests/fixtures/sources/parity/file-response.yaml
response.test.test_file_response_range_head_max,upstream_test,tests/test_responses.py,test_file_response_range_head_max,supported,starlette.responses.FileResponse.asgi-call.range-head-max,Submit maximal HEAD byte range against temporary file.,response status;ordered headers;Content-Range/Content-Disposition/metadata;body bytes/chunks;ASGI event order;raised exception type and fields,existing,tests/fixtures/sources/parity/file-response.yaml,,tests/test_responses.py:807;starlette/responses.py:430-455;tests/fixtures/sources/parity/file-response.yaml
response.test.test_file_response_range_ignore_non_numeric,upstream_test,tests/test_responses.py,test_file_response_range_ignore_non_numeric,supported,starlette.responses.FileResponse.asgi-call.range-non-numeric-ignored,Submit range set containing non-numeric endpoint text.,response status;ordered headers;Content-Range/Content-Disposition/metadata;body bytes/chunks;ASGI event order;raised exception type and fields,existing,tests/fixtures/sources/parity/file-response.yaml,,tests/test_responses.py:955;starlette/responses.py:460-528;tests/fixtures/sources/parity/file-response.yaml
response.test.test_file_response_range_invalid,upstream_test,tests/test_responses.py,test_file_response_range_invalid,supported,starlette.responses.FileResponse.asgi-call.range-missing-equals,Submit malformed or unsatisfiable byte-range input.,response status;ordered headers;Content-Range/Content-Disposition/metadata;body bytes/chunks;ASGI event order;raised exception type and fields,existing,tests/fixtures/sources/parity/file-response.yaml,,tests/test_responses.py:802;starlette/responses.py:460-528;tests/fixtures/sources/parity/file-response.yaml
response.test.test_file_response_range_multi,upstream_test,tests/test_responses.py,test_file_response_range_multi,supported,starlette.responses.FileResponse.asgi-call.range-multipart-small-chunks,Serve temporary file with several disjoint byte ranges.,response status;ordered headers;Content-Range/Content-Disposition/metadata;body bytes/chunks;ASGI event order;raised exception type and fields,existing,tests/fixtures/sources/parity/file-response.yaml,,tests/test_responses.py:757;starlette/responses.py:460-528;tests/fixtures/sources/parity/file-response.yaml
response.test.test_file_response_range_multi_head,upstream_test,tests/test_responses.py,test_file_response_range_multi_head,supported,starlette.responses.FileResponse.asgi-call.range-head-multipart,Serve temporary file with HEAD and multiple byte ranges.,response status;ordered headers;Content-Range/Content-Disposition/metadata;body bytes/chunks;ASGI event order;raised exception type and fields,existing,tests/fixtures/sources/parity/file-response.yaml,,tests/test_responses.py:765;starlette/responses.py:430-455;tests/fixtures/sources/parity/file-response.yaml
response.test.test_file_response_range_must_be_requested,upstream_test,tests/test_responses.py,test_file_response_range_must_be_requested,supported,starlette.responses.FileResponse.asgi-call.range-empty-header,Exercise range handling through request Range header input.,response status;ordered headers;Content-Range/Content-Disposition/metadata;body bytes/chunks;ASGI event order;raised exception type and fields,existing,tests/fixtures/sources/parity/file-response.yaml,,tests/test_responses.py:824;starlette/responses.py:460-528;tests/fixtures/sources/parity/file-response.yaml
response.test.test_file_response_range_without_dash,upstream_test,tests/test_responses.py,test_file_response_range_without_dash,supported,starlette.responses.FileResponse.asgi-call.range-without-dash,Submit bytes range value lacking a range separator.,response status;ordered headers;Content-Range/Content-Disposition/metadata;body bytes/chunks;ASGI event order;raised exception type and fields,existing,tests/fixtures/sources/parity/file-response.yaml,,tests/test_responses.py:943;starlette/responses.py:460-528;tests/fixtures/sources/parity/file-response.yaml
response.test.test_file_response_set_media_type,upstream_test,tests/test_responses.py,test_file_response_set_media_type,supported,starlette.responses.FileResponse,Serve file with extension and explicit media type override.,response status;ordered headers;Content-Range/Content-Disposition/metadata;body bytes/chunks;ASGI event order;raised exception type and fields,backlog,,,tests/test_responses.py:281
response.test.test_file_response_single_byte_range,upstream_test,tests/test_responses.py,test_file_response_single_byte_range,supported,starlette.responses.FileResponse.asgi-call.range-single-byte,Submit byte range selecting a single file byte.,response status;ordered headers;Content-Range/Content-Disposition/metadata;body bytes/chunks;ASGI event order;raised exception type and fields,existing,tests/fixtures/sources/parity/file-response.yaml,,tests/test_responses.py:842;starlette/responses.py:460-528;tests/fixtures/sources/parity/file-response.yaml
response.test.test_file_response_start_must_be_less_than_end,upstream_test,tests/test_responses.py,test_file_response_start_must_be_less_than_end,supported,starlette.responses.FileResponse.asgi-call.range-start-after-end,Submit byte range with start endpoint not before end endpoint.,response status;ordered headers;Content-Range/Content-Disposition/metadata;body bytes/chunks;ASGI event order;raised exception type and fields,existing,tests/fixtures/sources/parity/file-response.yaml,,tests/test_responses.py:830;starlette/responses.py:460-528;tests/fixtures/sources/parity/file-response.yaml
response.test.test_file_response_suffix_range,upstream_test,tests/test_responses.py,test_file_response_suffix_range,supported,starlette.responses.FileResponse.asgi-call.range-suffix,Submit suffix byte-range form against non-empty file.,response status;ordered headers;Content-Range/Content-Disposition/metadata;body bytes/chunks;ASGI event order;raised exception type and fields,existing,tests/fixtures/sources/parity/file-response.yaml,,tests/test_responses.py:961;starlette/responses.py:460-528;tests/fixtures/sources/parity/file-response.yaml
response.test.test_file_response_suffix_range_larger_than_file,upstream_test,tests/test_responses.py,test_file_response_suffix_range_larger_than_file,supported,starlette.responses.FileResponse.asgi-call.range-suffix-larger-than-file,Submit suffix range length larger than complete file.,response status;ordered headers;Content-Range/Content-Disposition/metadata;body bytes/chunks;ASGI event order;raised exception type and fields,existing,tests/fixtures/sources/parity/file-response.yaml,,tests/test_responses.py:971;starlette/responses.py:460-528;tests/fixtures/sources/parity/file-response.yaml
response.test.test_file_response_with_chinese_filename,upstream_test,tests/test_responses.py,test_file_response_with_chinese_filename,supported,starlette.responses.FileResponse,Serve temporary file with non-ASCII download filename.,response status;ordered headers;Content-Range/Content-Disposition/metadata;body bytes/chunks;ASGI event order;raised exception type and fields,backlog,,,tests/test_responses.py:322
response.test.test_file_response_with_directory_raises_error,upstream_test,tests/test_responses.py,test_file_response_with_directory_raises_error,supported,starlette.responses.FileResponse,Invoke FileResponse for a directory path.,response status;ordered headers;Content-Range/Content-Disposition/metadata;body bytes/chunks;ASGI event order;raised exception type and fields,backlog,,,tests/test_responses.py:305
response.test.test_file_response_with_inline_disposition,upstream_test,tests/test_responses.py,test_file_response_with_inline_disposition,supported,starlette.responses.FileResponse,Serve temporary file with filename and inline disposition mode.,response status;ordered headers;Content-Range/Content-Disposition/metadata;body bytes/chunks;ASGI event order;raised exception type and fields,backlog,,,tests/test_responses.py:336
response.test.test_file_response_with_missing_file_raises_error,upstream_test,tests/test_responses.py,test_file_response_with_missing_file_raises_error,supported,starlette.responses.FileResponse,Invoke FileResponse for a nonexistent file path.,response status;ordered headers;Content-Range/Content-Disposition/metadata;body bytes/chunks;ASGI event order;raised exception type and fields,backlog,,,tests/test_responses.py:313
response.test.test_file_response_with_pathsend,upstream_test,tests/test_responses.py,test_file_response_with_pathsend,supported,starlette.responses.FileResponse.asgi-call.pathsend,Declare the http.response.pathsend extension for a direct GET and capture FileResponse's ASGI output.,response status;ordered headers;metadata;ASGI event order;pathsend path with only the per-run temporary parent normalized,existing,tests/fixtures/sources/parity/file-response.yaml,,tests/test_responses.py:367-395;starlette/responses.py:341-399;tests/fixtures/manifest.yaml;tests/fixtures/sources/parity/file-response.yaml
response.test.test_file_response_with_range_header,upstream_test,tests/test_responses.py,test_file_response_with_range_header,supported,starlette.responses.FileResponse.asgi-call.if-range-match,Serve temporary file with byte Range plus matching If-Range validator.,response status;ordered headers;Content-Range/Content-Disposition/metadata;body bytes/chunks;ASGI event order;raised exception type and fields,existing,tests/fixtures/sources/parity/file-response.yaml,,tests/test_responses.py:350;starlette/responses.py:460-528;tests/fixtures/sources/parity/file-response.yaml
response.test.test_file_response_without_range,upstream_test,tests/test_responses.py,test_file_response_without_range,supported,starlette.responses.FileResponse.asgi-call.get,Serve temporary file without Range header.,response status;ordered headers;Content-Range/Content-Disposition/metadata;body bytes/chunks;ASGI event order;raised exception type and fields,existing,tests/fixtures/sources/parity/file-response.yaml,,tests/test_responses.py:721;tests/fixtures/sources/parity/file-response.yaml;starlette/responses.py:460-528
response.test.test_head_method,upstream_test,tests/test_responses.py,test_head_method,supported,starlette.responses.Response,Invoke text response through HTTP HEAD request.,response status;ordered/repeated headers;reason phrase;response body bytes;ASGI event order;exception type,backlog,,,tests/test_responses.py:524
response.test.test_json_none_response,upstream_test,tests/test_responses.py,test_json_none_response,supported,starlette.responses.JSONResponse.asgi-call.none-content,Construct JSONResponse(None) with its default media type and invoke it through direct HTTP ASGI.,asgi-call.response_status;ordered_repeated_headers;response_bytes;asgi_event_order;asgi_events,existing,tests/fixtures/sources/parity/responses-basic.yaml,,tests/test_responses.py:46-53;starlette/responses.py:181-201;tests/fixtures/sources/parity/responses-basic.yaml
response.test.test_non_empty_response,upstream_test,tests/test_responses.py,test_non_empty_response,supported,starlette.responses.Response.asgi-call.non-empty-response,"Construct Response(content=""hi"") without an explicit media type and invoke it through direct HTTP ASGI.",asgi-call.response_status;ordered_repeated_headers;response_bytes;asgi_event_order;asgi_events,existing,tests/fixtures/sources/parity/responses-basic.yaml,,tests/test_responses.py:547-551;starlette/responses.py:29-80;tests/fixtures/sources/parity/responses-basic.yaml
response.test.test_populate_headers,upstream_test,tests/test_responses.py,test_populate_headers,supported,starlette.responses.Response.asgi-call.populate-headers,"Construct Response(content=""hi"", headers={}, media_type=""text/html"") and invoke it through direct HTTP ASGI.",asgi-call.response_status;ordered_repeated_headers;response_bytes;asgi_event_order;asgi_events,existing,tests/fixtures/sources/parity/responses-basic.yaml,,tests/test_responses.py:515-520;starlette/responses.py:29-80;tests/fixtures/sources/parity/responses-basic.yaml
response.test.test_quoting_redirect_response,upstream_test,tests/test_responses.py,test_quoting_redirect_response,supported,starlette.responses.RedirectResponse.asgi-call.quoted-unicode-location;starlette.responses.RedirectResponse.asgi-call.cookie-mutations,Construct a public RedirectResponse for `/I ♥ Starlette/` and capture its live quoted Location header and ASGI events.,asgi-call.response_status;ordered_repeated_headers;response_bytes;asgi_event_order;asgi_events,existing,tests/fixtures/sources/parity/redirect-response.yaml,,tests/test_responses.py:71-82;starlette/responses.py:204-214;tests/fixtures/sources/parity/redirect-response.yaml
response.test.test_redirect_response,upstream_test,tests/test_responses.py,test_redirect_response,supported,starlette.responses.RedirectResponse.asgi-call.default-relative-location,Construct a public RedirectResponse for `/` with the default 307 status and capture the live ASGI response.,asgi-call.response_status;ordered_repeated_headers;response_bytes;asgi_event_order;asgi_events,existing,tests/fixtures/sources/parity/redirect-response.yaml,,tests/test_responses.py:57-68;tests/fixtures/sources/parity/redirect-response.yaml
response.test.test_redirect_response_content_length_header,upstream_test,tests/test_responses.py,test_redirect_response_content_length_header,supported,starlette.responses.RedirectResponse.asgi-call.default-content-length,"Construct a default RedirectResponse without Content-Length and compare the live empty body, generated content-length header, and ASGI events.",asgi-call.response_status;ordered_repeated_headers;response_bytes;asgi_event_order;asgi_events,existing,tests/fixtures/sources/parity/redirect-response.yaml,,tests/test_responses.py:85-96;starlette/responses.py:55-82;tests/fixtures/sources/parity/redirect-response.yaml
response.test.test_response_do_not_add_redundant_charset,upstream_test,tests/test_responses.py,test_response_do_not_add_redundant_charset,supported,starlette.responses.Response.asgi-call.response-do-not-add-redundant-charset,Construct an empty Response with a text/plain media type that already includes charset=utf-8.,asgi-call.response_status;ordered_repeated_headers;response_bytes;asgi_event_order;asgi_events,existing,tests/fixtures/sources/parity/responses-basic.yaml,,tests/test_responses.py:554-560;starlette/responses.py:29-80;tests/fixtures/sources/parity/responses-basic.yaml
response.test.test_response_headers,upstream_test,tests/test_responses.py,test_response_headers,supported,starlette.responses.Response.asgi-call.mutable-header-assignment,Construct Response with x-header-1=123 and x-header-2=456; assign x-header-2=789 through response.headers before invoking direct HTTP ASGI.,response_status;ordered_repeated_headers;response_bytes;asgi_event_order;asgi_events,existing,tests/fixtures/sources/parity/responses-basic.yaml,,tests/test_responses.py:188-199;starlette/responses.py:29-80;starlette/datastructures.py:577-603;tests/fixtures/sources/parity/responses-basic.yaml
response.test.test_response_memoryview,upstream_test,tests/test_responses.py,test_response_memoryview,supported,starlette.responses.Response.asgi-call.memoryview-content,Construct Response from a memoryview payload and invoke it through direct HTTP ASGI.,response status;ordered/repeated headers;response body bytes;ASGI event order;exception type,existing,tests/fixtures/sources/parity/responses-basic.yaml,,tests/test_responses.py:590-595;starlette/responses.py:29-80;tests/fixtures/sources/parity/responses-basic.yaml
response.test.test_response_phrase,upstream_test,tests/test_responses.py,test_response_phrase,supported,starlette.responses.Response,Send response with standard status and another with unknown numeric status.,response status;ordered/repeated headers;reason phrase;response body bytes;ASGI event order;exception type,backlog,,,tests/test_responses.py:201
response.test.test_set_cookie,upstream_test,tests/test_responses.py,test_set_cookie,supported,starlette.responses.Response.asgi-call.set-cookie-attributes;starlette.responses.Response.asgi-call.cookie-mutations,"Set cookie with age, expires, path, domain, secure, HttpOnly, SameSite, and version-gated partitioned options.",Set-Cookie header fields/order;response status/body;exception type;runtime Python version,existing,tests/fixtures/sources/parity/responses-basic.yaml,,tests/test_responses.py:398;tests/fixtures/sources/parity/responses-basic.yaml
response.test.test_set_cookie_path_none,upstream_test,tests/test_responses.py,test_set_cookie_path_none,supported,starlette.responses.Response.asgi-call.set-cookie-attributes,Set cookie while explicitly passing path=None.,Set-Cookie header fields/order;response status/body;exception type;runtime Python version,existing,tests/fixtures/sources/parity/responses-basic.yaml,,tests/test_responses.py:446;tests/fixtures/sources/parity/responses-basic.yaml
response.test.test_set_cookie_raises_for_invalid_python_version,upstream_test,tests/test_responses.py,test_set_cookie_raises_for_invalid_python_version,supported,starlette.responses.Response.asgi-call.partitioned-cookie-version-error,"On Python below 3.14, set partitioned=True and record failure; this test is version-gated.",Set-Cookie header fields/order;response status/body;exception type;runtime Python version,existing,tests/fixtures/sources/parity/responses-basic.yaml,,tests/test_responses.py:431;tests/fixtures/sources/parity/responses-basic.yaml
response.test.test_set_cookie_samesite_none,upstream_test,tests/test_responses.py,test_set_cookie_samesite_none,supported,starlette.responses.Response.asgi-call.set-cookie-attributes,Set cookie while explicitly passing samesite=None.,Set-Cookie header fields/order;response status/body;exception type;runtime Python version,existing,tests/fixtures/sources/parity/responses-basic.yaml,,tests/test_responses.py:458;tests/fixtures/sources/parity/responses-basic.yaml
response.test.test_streaming_response,upstream_test,tests/test_responses.py,test_streaming_response,supported,starlette.responses.StreamingResponse.asgi-call.async-generator-background,"Construct StreamingResponse from a finite async generator yielding 1, comma-space, 2, comma-space, 3, comma-space, 4, comma-space, 5 text chunks and run an async background values recorder for 6, comma-space, 7, comma-space, 8, comma-space, 9; capture the live ordered trace of generator yields, ASGI send callbacks, and background-recorder execution.",response_status;ordered_repeated_headers;response_bytes;asgi_event_order;asgi_events;execution_trace,existing,tests/fixtures/sources/parity/streaming-response.yaml,,tests/test_responses.py:101-126;starlette/responses.py:222-255;starlette/responses.py:282-283;starlette/background.py:12-23;tests/fixtures/sources/parity/streaming-response.yaml
response.test.test_streaming_response_custom_iterable,upstream_test,tests/test_responses.py,test_streaming_response_custom_iterable,supported,starlette.responses.StreamingResponse.asgi-call.custom-async-iterable,Construct StreamingResponse from the upstream custom async-iterable shape whose async __aiter__ yields five input text chunks; capture exact ASGI events through normal exhaustion.,response status;ordered headers;body chunks;ASGI event order;exception type,existing,tests/fixtures/sources/parity/streaming-response.yaml,,tests/test_responses.py:154-168;starlette/responses.py:222-271;tests/fixtures/sources/parity/streaming-response.yaml
response.test.test_streaming_response_custom_iterator,upstream_test,tests/test_responses.py,test_streaming_response_custom_iterator,supported,starlette.responses.StreamingResponse.asgi-call.async-iterator,Feed the custom async-iterator form five input text chunks and capture every direct ASGI event through normal exhaustion.,asgi-call.response_status;ordered_repeated_headers;response_bytes;asgi_event_order;asgi_events,existing,tests/fixtures/sources/parity/streaming-response.yaml,,tests/test_responses.py:129-151;starlette/responses.py:222-271;tests/fixtures/sources/parity/streaming-response.yaml
response.test.test_streaming_response_known_size,upstream_test,tests/test_responses.py,test_streaming_response_known_size,supported,starlette.responses.StreamingResponse.asgi-call.known-size-content-length,"Construct StreamingResponse(content=iter([""hello"", ""world""]), headers={""content-length"": ""10""}) and observe every direct ASGI body event plus preserved headers.",asgi-call.response_status;ordered_repeated_headers;response_bytes;asgi_event_order;asgi_events,existing,tests/fixtures/sources/parity/streaming-response.yaml,,tests/test_responses.py:583-588;starlette/responses.py:222-270;tests/fixtures/sources/parity/streaming-response.yaml
response.test.test_streaming_response_memoryview,upstream_test,tests/test_responses.py,test_streaming_response_memoryview,supported,starlette.responses.StreamingResponse.asgi-call.memoryview-chunks,"Stream two input-defined memoryview chunks and capture exact body bytes, chunk boundaries, headers, and ASGI event order.",response status;ordered headers;body chunks;ASGI event order;exception type,existing,tests/fixtures/sources/parity/streaming-response.yaml,,tests/test_responses.py:597-602;starlette/responses.py:222-271;tests/fixtures/sources/parity/streaming-response.yaml
response.test.test_streaming_response_on_client_disconnects,upstream_test,tests/test_responses.py,test_streaming_response_on_client_disconnects,supported,starlette.responses.StreamingResponse,Use ASGI spec 2.4; send raises OSError after first body chunk.,response headers;body chunk sequence;ASGI event order;disconnect/background trace;exception type,backlog,,,tests/test_responses.py:636
response.test.test_streaming_response_runs_background_on_websocket_scope,upstream_test,tests/test_responses.py,test_streaming_response_runs_background_on_websocket_scope,supported,starlette.responses.StreamingResponse,Invoke streaming response on WebSocket scope with one async chunk and background callable.,response headers;body chunk sequence;ASGI event order;disconnect/background trace;exception type,backlog,,,tests/test_responses.py:669
response.test.test_streaming_response_stops_if_receiving_http_disconnect,upstream_test,tests/test_responses.py,test_streaming_response_stops_if_receiving_http_disconnect,supported,starlette.responses.StreamingResponse.asgi-call.pre-asgi24-disconnect-cancellation,"Use a repeating async generator yielding input bytes after an event-loop checkpoint. Hold receive until sent body bytes reach the input threshold, then return http.disconnect; drive cancellation/finally markers and background-recorder values from input.",response_status;ordered_repeated_headers;response_bytes;asgi_event_order;asgi_events;execution_trace,existing,tests/fixtures/sources/parity/streaming-response.yaml,,tests/test_responses.py:605-632;starlette/responses.py:242-283;starlette/background.py:12-23;tests/fixtures/sources/parity/streaming-response.yaml
response.test.test_streaming_response_unknown_size,upstream_test,tests/test_responses.py,test_streaming_response_unknown_size,supported,starlette.responses.StreamingResponse.asgi-call.unknown-size-content,"Construct StreamingResponse(content=iter([""hello"", ""world""])) without media type or headers; capture each direct ASGI body event and response headers.",asgi-call.response_status;ordered_repeated_headers;response_bytes;asgi_event_order;asgi_events,existing,tests/fixtures/sources/parity/streaming-response.yaml,,tests/test_responses.py:574-581;starlette/responses.py:222-270;tests/fixtures/sources/parity/streaming-response.yaml
response.test.test_sync_streaming_response,upstream_test,tests/test_responses.py,test_sync_streaming_response,supported,starlette.responses.StreamingResponse.asgi-call.text-chunks;starlette.responses.StreamingResponse.asgi-call.cookie-mutations,Use the five values and separators from the upstream synchronous stream as finite iterator input; preserve each body event and text media type without claiming generator lifecycle or background-task behavior.,asgi-call.response_status;ordered_repeated_headers;response_bytes;asgi_event_order;asgi_events,existing,tests/fixtures/sources/parity/streaming-response.yaml,,tests/test_responses.py:171-185;starlette/responses.py:222-270;tests/fixtures/sources/parity/streaming-response.yaml
response.test.test_text_response,upstream_test,tests/test_responses.py,test_text_response,supported,starlette.responses.Response.asgi-call.text-content,"Construct Response(""hello, world"", media_type=""text/plain"") and invoke it through direct HTTP ASGI.",asgi-call.response_status;ordered_repeated_headers;response_bytes;asgi_event_order;asgi_events,existing,tests/fixtures/sources/parity/responses-basic.yaml,,tests/test_responses.py:26-34;starlette/responses.py:29-80;tests/fixtures/sources/parity/responses-basic.yaml
routing.api.mount-route-dispatch,api_behavior,starlette/routing.py,"Mount nested paths, scope composition, and inner misses",supported,starlette.routing.Mount.route-dispatch.scope-extension;starlette.routing.Mount.route-dispatch.miss;starlette.routing.Mount.route-dispatch.child-not-found;starlette.routing.Mount.route-dispatch.child-method-not-allowed;starlette.routing.Mount.route-dispatch.inherited-path-parameter-collision;starlette.routing.Mount.route-dispatch.nested-scope-composition;starlette.routing.Mount.route-dispatch.nested-mount-miss,"Exercise flat and recursively nested Mounts with typed path parameters, scope overrides, accumulated root_path, retained app_root_path, successful leaf responses, outer and inner misses, and child 404/405 outcomes.",response_status; response_bytes; mount_scope.root_path; mount_scope.app_root_path; mount_scope.path_params,existing,tests/fixtures/sources/parity/mount-route-dispatch.yaml,,starlette/routing.py:362-424; starlette/routing.py:633-720; tests/fixtures/sources/parity/mount-route-dispatch.yaml
routing.api.router-converter-dispatch,api_behavior,starlette/routing.py,Router built-in converter matching and ordered route selection,supported,starlette.routing.Router.route-dispatch.string-converter-match;starlette.routing.Router.route-dispatch.int-converter-match;starlette.routing.Router.route-dispatch.float-converter-match;starlette.routing.Router.route-dispatch.uuid-converter-match;starlette.routing.Router.route-dispatch.path-converter-match;starlette.routing.Router.route-dispatch.converter-miss;starlette.routing.Router.route-dispatch.static-parameter-order;starlette.routing.Router.route-dispatch.root-path-match;starlette.routing.Router.route-dispatch.root-path-prefix-boundary;starlette.routing.Router.route-dispatch.custom-converter-override,"Dispatch built-in str, int, float, uuid, and path converters; exercise invalid converter paths, both static/parameter declaration orders, root_path matching and prefix boundaries, and a Python-registered override of str.",response_status; response_bytes; route_index; route_scope.path_params,existing,tests/fixtures/sources/parity/router-converter-dispatch.yaml,,starlette/routing.py:102-123;starlette/routing.py:576-619;starlette/convertors.py:15-77;tests/fixtures/sources/parity/router-converter-dispatch.yaml
routing.api.router-slash-redirect,api_behavior,starlette/routing.py,Router slash redirect matching and response,supported,starlette.routing.Router.route-dispatch.redirect-slash-append-root-path-query;starlette.routing.Router.route-dispatch.redirect-rstrip-repeated-slashes;starlette.routing.Router.route-dispatch.redirect-candidate-partial-method-match;starlette.routing.Router.route-dispatch.redirect-disabled;starlette.routing.Router.route-dispatch.redirect-no-counterpart,"Exercise slash append and rstrip candidates, root_path and query preservation, partial method matches, disabled redirects, and missing counterparts.",response_status; response_headers; response_bytes; asgi_event_order,existing,tests/fixtures/sources/parity/router-slash-redirect.yaml,,starlette/routing.py:666-720;tests/test_routing.py:test_router;tests/fixtures/sources/parity/router-slash-redirect.yaml
routing.api.websocket-route-dispatch,api_behavior,starlette/routing.py,"WebSocketRoute root-path match, Router miss, and standalone HTTP-scope dispatch",supported,starlette.routing.WebSocketRoute.route-dispatch.matched-root-path;starlette.routing.WebSocketRoute.route-dispatch.router-miss-close;starlette.routing.WebSocketRoute.route-dispatch.http-scope-404,"Construct WebSocketRoute(/rooms/{room:str}) and an application; dispatch a root_path-prefixed matching WebSocket scope, an unmatched WebSocket scope, and a matching HTTP scope directly to the standalone route.",route_scope; asgi_events; response_status; response_bytes,existing,tests/fixtures/sources/parity/websocket-route-dispatch.yaml,,starlette/routing.py:167-189;starlette/routing.py:297-353;starlette/routing.py:616-625;starlette/routing.py:672-729;tests/fixtures/sources/parity/websocket-route-dispatch.yaml
routing.doc-body-size,documentation,docs/routing.md,max_body_size on route/router/mount,supported,starlette.routing.Route; starlette.routing.Router; starlette.routing.Mount,"Configure outer and nested request-body limits; send request bodies at and around limits, including multipart bytes and chunked input.",response_status; response_headers; response_bytes; asgi_event_order,backlog,,,docs/routing.md:296-325
routing.doc-custom-convertor,documentation,docs/routing.md,custom datetime convertor,supported,starlette.convertors.Convertor; starlette.convertors.register_url_convertor; starlette.routing.Route,"Define a regex-based convertor with convert/to-string operations, register it, request its parameter, and reverse-generate from a typed value.",scope.path_params; response_status; generated_url_path,backlog,,,docs/routing.md:58-83
routing.doc-float,documentation,docs/routing.md,float convertor,supported,starlette.routing.Route; starlette.convertors.FloatConvertor,Register a float parameter and request decimal and malformed segment shapes.,scope.path_params; response_status,backlog,,,docs/routing.md:42-55
routing.doc-host-matching,documentation,docs/routing.md,host routing and request port treatment,supported,starlette.routing.Host,Configure host-based routes and request the same paths with matching host names and varied host ports.,response_status; selected_endpoint; request.headers.host,backlog,,,docs/routing.md:211-238
routing.doc-host-reverse,documentation,docs/routing.md,host and subdomain reverse lookup,supported,starlette.routing.Host; starlette.routing.Router,Configure a subdomain host pattern with nested route and mount; reverse-generate using host and path values.,generated_absolute_url; generated_url_host; generated_url_path,backlog,,,docs/routing.md:240-254
routing.doc-http-methods,documentation,docs/routing.md,default and explicit HTTP methods,supported,starlette.routing.Route,Create a route with default methods and another with an explicit method collection; send matching and nonmatching methods.,response_status; response_headers.allow; selected_endpoint,backlog,,,docs/routing.md:94-103
routing.doc-int,documentation,docs/routing.md,int convertor,supported,starlette.routing.Route; starlette.convertors.IntegerConvertor,Register an int parameter and request digit and non-digit path segments.,scope.path_params; response_status,backlog,,,docs/routing.md:42-55
routing.doc-lifespan,documentation,docs/lifespan.md,lifespan context startup and teardown,supported,starlette.routing.Router.lifespan,"Supply async-context-manager lifespan, send startup, issue a request, then send shutdown.",lifespan.events; response_status; lifecycle_and_cleanup_effects,backlog,,,docs/lifespan.md:2-30
routing.doc-lifespan-state,documentation,docs/lifespan.md,shallow-copy lifespan state,supported,starlette.routing.Router.lifespan,Yield immutable and mutable values in lifespan state and make repeated HTTP and WebSocket requests that mutate request-visible state.,lifespan.events; request.state_observations; websocket.state_observations; lifecycle_and_cleanup_effects,backlog,,,docs/lifespan.md:35-74; docs/lifespan.md:117-129
routing.doc-lifespan-state-mapping-access,documentation,docs/lifespan.md,mapping-style request and WebSocket state access,supported,starlette.routing.Router.lifespan; starlette.websockets.WebSocket,Yield a typed state mapping during lifespan; access a member through dictionary syntax from an HTTP handler and a WebSocket endpoint.,request.state_observations; websocket.state_observations; lifecycle_and_cleanup_effects,backlog,,,docs/lifespan.md:76-114; docs/lifespan.md:117-129
routing.doc-lifespan-test-context,documentation,docs/lifespan.md,TestClient context manager runs lifespan,supported,starlette.routing.Router.lifespan,Run an app with lifespan inside the TestClient context manager; issue an HTTP request between enter and exit.,lifespan.events; response_status; lifecycle_and_cleanup_effects,backlog,,,docs/lifespan.md:142-158
routing.doc-low-level-router,documentation,docs/routing.md,Router as lightweight ASGI app,supported,starlette.routing.Router,Invoke Router directly with HTTP scope and nested route definitions.,response_status; response_bytes; asgi_event_order,backlog,,,docs/routing.md:279-294
routing.doc-mount-app,documentation,docs/routing.md,mount ASGI subapplication,supported,starlette.routing.Mount,Mount an ASGI app under a prefix and request a path beneath that prefix.,response_status; response_bytes; scope.root_path,backlog,,,docs/routing.md:132-147
routing.doc-mount-routes,documentation,docs/routing.md,mount route lists,supported,starlette.routing.Mount; starlette.routing.Route,Mount nested route lists under common prefixes and request root and nested paths.,response_status; selected_endpoint; scope.path_params,backlog,,,docs/routing.md:104-130
routing.doc-path,documentation,docs/routing.md,path convertor,supported,starlette.routing.Route; starlette.convertors.PathConvertor,Register a path parameter and request a value containing additional slash-separated components.,scope.path_params; response_status,backlog,,,docs/routing.md:42-55
routing.doc-path-params,documentation,docs/routing.md,request path_params mapping,supported,starlette.routing.Route,Route a request with a named path value to a handler that reads request.path_params.,request.path_params; response_status,backlog,,,docs/routing.md:85-92
routing.doc-reverse-mount-prefix,documentation,docs/routing.md,reverse lookup through named mounts,supported,starlette.routing.Mount; starlette.routing.Route,Create a named mount with named children and reverse-generate through the mount prefix.,generated_url_path; generated_absolute_url,backlog,,,docs/routing.md:176-190
routing.doc-reverse-name,documentation,docs/routing.md,reverse lookup by route name,supported,starlette.routing.Router; starlette.routing.Route,Name a route and generate its URL from a request and from the application router.,generated_url_path; generated_absolute_url; generated_url_protocol,backlog,,,docs/routing.md:149-174; docs/routing.md:204-209
routing.doc-reverse-params,documentation,docs/routing.md,reverse URL path parameters,supported,starlette.routing.Route; starlette.routing.Router,Generate a named route URL by supplying its path parameter values.,generated_url_path; generated_absolute_url,backlog,,,docs/routing.md:165-174
routing.doc-reverse-static-path,documentation,docs/routing.md,reverse lookup for mounted app path,supported,starlette.routing.Mount,Mount a named ASGI app and generate a URL with the mount path argument.,generated_url_path; generated_absolute_url,backlog,,,docs/routing.md:192-202
routing.doc-route-priority,documentation,docs/routing.md,route order priority,supported,starlette.routing.Router; starlette.routing.Route,Arrange overlapping fixed and parameter routes in both orders and request the overlapping path.,selected_endpoint; response_status,backlog,,,docs/routing.md:256-277
routing.doc-router-path-only,documentation,docs/routing.md,router reverse lookup without Request,supported,starlette.routing.Router.url_path_for,Generate a URL path directly from the router when no Request exists.,generated_url_path; generated_url_protocol,backlog,,,docs/routing.md:204-209
routing.doc-uuid,documentation,docs/routing.md,uuid convertor,supported,starlette.routing.Route; starlette.convertors.UUIDConvertor,Register a UUID parameter and request accepted UUID spellings and an invalid segment.,scope.path_params; response_status,backlog,,,docs/routing.md:42-50
routing.doc-websocket-route,documentation,docs/routing.md,WebSocketRoute endpoint and path parameters,supported,starlette.routing.WebSocketRoute; starlette.websockets.WebSocket,Configure function and ASGI-class WebSocket endpoints with fixed and parameterized paths; connect to each.,websocket.connection_outcome; websocket.messages; websocket.close_code; scope.path_params,backlog,,,docs/routing.md:327-364
routing.doc.basic,documentation,docs/routing.md,HTTP route endpoint forms,supported,starlette.routing.Route,Create a route list with sync/async request handlers and an ASGI class endpoint; issue HTTP requests to their configured paths.,response_status; response_bytes; selected_endpoint,backlog,,,docs/routing.md:1-31
routing.doc.default-string,documentation,docs/routing.md,default string path capture,supported,starlette.routing.Route,Register an untyped path parameter and request a segment that ends at the next slash.,scope.path_params; response_status,backlog,,,docs/routing.md:33-40
routing.test_add_route_to_app_after_mount,upstream_test,tests/test_routing.py,test_add_route_to_app_after_mount,uncertain,starlette.routing.Mount; starlette.routing.Router.add_route,"Construct the app, route, or WebSocket scope for this behavior family and supply these request/event inputs in order: get('/http/inner').",response_status; response_bytes; generated_url_path; response_url; scope.path; scope.root_path,backlog,,,tests/test_routing.py:903; tests/conftest.py:test_client_factory
routing.test_base_route_middleware.mounted_app_with_middleware,upstream_test,tests/test_routing.py,test_base_route_middleware[mounted_app_with_middleware],supported,starlette.routing.Route; starlette.routing.Mount,Construct the selected middleware fixture mounted_app_with_middleware and issue HTTP requests to the unrelated path and the middleware-wrapped path.,response_status; response_bytes; response_headers; asgi_event_order,backlog,,,tests/test_routing.py:875; tests/conftest.py:test_client_factory
routing.test_base_route_middleware.mounted_routes_with_middleware,upstream_test,tests/test_routing.py,test_base_route_middleware[mounted_routes_with_middleware],supported,starlette.routing.Route; starlette.routing.Mount,Construct the selected middleware fixture mounted_routes_with_middleware and issue HTTP requests to the unrelated path and the middleware-wrapped path.,response_status; response_bytes; response_headers; asgi_event_order,backlog,,,tests/test_routing.py:875; tests/conftest.py:test_client_factory
routing.test_base_route_middleware.route_with_middleware,upstream_test,tests/test_routing.py,test_base_route_middleware[route_with_middleware],supported,starlette.routing.Route; starlette.routing.Mount,Construct the selected middleware fixture route_with_middleware and issue HTTP requests to the unrelated path and the middleware-wrapped path.,response_status; response_bytes; response_headers; asgi_event_order,backlog,,,tests/test_routing.py:875; tests/conftest.py:test_client_factory
routing.test_duplicated_param_names,upstream_test,tests/test_routing.py,test_duplicated_param_names,uncertain,starlette.routing.Route,Construct route templates with one repeated path parameter and with two repeated parameter names.,exception_type_and_observable_payload,backlog,,,tests/test_routing.py:754-777; starlette/routing.py:93-108
routing.test_exception_on_mounted_apps,upstream_test,tests/test_routing.py,test_exception_on_mounted_apps,supported,starlette.routing.Mount; starlette.routing.Route,"Construct the app, route, or WebSocket scope for this behavior family and supply these request/event inputs in order: get('/sub/').",response_status; response_bytes; generated_url_path; response_url; scope.path; scope.root_path; exception_type_and_observable_payload,backlog,,,tests/test_routing.py:921; tests/conftest.py:test_client_factory
routing.test_host_named_repr,upstream_test,tests/test_routing.py,test_host_named_repr,uncertain,starlette.routing.Host,"Construct the app, route, or WebSocket scope described by this upstream behavior family. Exercise its direct constructor, lookup, lifecycle, or ASGI callable input sequence.",route.representation; route.name,backlog,,,tests/test_routing.py:1080
routing.test_host_repr,upstream_test,tests/test_routing.py,test_host_repr,uncertain,starlette.routing.Host,"Construct the app, route, or WebSocket scope described by this upstream behavior family. Exercise its direct constructor, lookup, lifecycle, or ASGI callable input sequence.",route.representation,backlog,,,tests/test_routing.py:1067
routing.test_host_reverse_urls,upstream_test,tests/test_routing.py,test_host_reverse_urls,supported,starlette.routing.Router; starlette.routing.Host; starlette.routing.NoMatchFound,"Construct the app, route, or WebSocket scope described by this upstream behavior family. Exercise its direct constructor, lookup, lifecycle, or ASGI callable input sequence.",response_status; response_bytes; generated_url_path; response_url; scope.path; scope.root_path,backlog,,,tests/test_routing.py:479
routing.test_host_routing,upstream_test,tests/test_routing.py,test_host_routing,supported,starlette.routing.Router; starlette.routing.Host,"Construct the app, route, or WebSocket scope for this behavior family and supply these request/event inputs in order: get('/users'), get('/').",response_status; response_bytes; generated_url_path; response_url; scope.path; scope.root_path,backlog,,,tests/test_routing.py:439; tests/conftest.py:test_client_factory
routing.test_lifespan_state_async_cm,upstream_test,tests/test_routing.py,test_lifespan_state_async_cm,supported,starlette.routing.Router.lifespan,"Construct the app, route, or WebSocket scope for this behavior family and supply these request/event inputs in order: get('/').",response_status; response_bytes; lifespan.events; lifecycle_and_cleanup_effects; exception_type_and_observable_payload,backlog,,,tests/test_routing.py:645; tests/conftest.py:test_client_factory
routing.test_lifespan_state_unsupported,upstream_test,tests/test_routing.py,test_lifespan_state_unsupported,supported,starlette.routing.Router.lifespan,"Construct the app, route, or WebSocket scope described by this upstream behavior family. Exercise its direct constructor, lookup, lifecycle, or ASGI callable input sequence.",response_status; response_bytes; lifespan.events; lifecycle_and_cleanup_effects; exception_type_and_observable_payload,backlog,,,tests/test_routing.py:626; tests/conftest.py:test_client_factory
routing.test_mount_asgi_app_with_middleware_url_path_for,upstream_test,tests/test_routing.py,test_mount_asgi_app_with_middleware_url_path_for,uncertain,starlette.routing.Mount; starlette.routing.NoMatchFound,Mount a Route ASGI app with middleware and attempt a reverse lookup for its internal named route.,exception_type_and_observable_payload,backlog,,,tests/test_routing.py:895-901; starlette/routing.py:427-452; docs/routing.md:192-202
routing.test_mount_at_root,upstream_test,tests/test_routing.py,test_mount_at_root,supported,starlette.routing.Router; starlette.routing.Mount,"Construct the app, route, or WebSocket scope for this behavior family and supply these request/event inputs in order: get('/').",response_status; response_bytes; generated_url_path; response_url; scope.path; scope.root_path,backlog,,,tests/test_routing.py:404; tests/conftest.py:test_client_factory
routing.test_mount_named_repr,upstream_test,tests/test_routing.py,test_mount_named_repr,uncertain,starlette.routing.Mount,"Construct the app, route, or WebSocket scope described by this upstream behavior family. Exercise its direct constructor, lookup, lifecycle, or ASGI callable input sequence.",route.representation; route.name,backlog,,,tests/test_routing.py:1055
routing.test_mount_repr,upstream_test,tests/test_routing.py,test_mount_repr,uncertain,starlette.routing.Mount,"Construct the app, route, or WebSocket scope described by this upstream behavior family. Exercise its direct constructor, lookup, lifecycle, or ASGI callable input sequence.",route.representation,backlog,,,tests/test_routing.py:1044
routing.test_mount_routes_with_middleware_url_path_for,upstream_test,tests/test_routing.py,test_mount_routes_with_middleware_url_path_for,supported,starlette.routing.Mount; starlette.routing.Route,"Construct the app, route, or WebSocket scope described by this upstream behavior family. Exercise its direct constructor, lookup, lifecycle, or ASGI callable input sequence.",response_status; response_bytes; generated_url_path; response_url; scope.path; scope.root_path; response_headers; asgi_event_order,backlog,,,tests/test_routing.py:890
routing.test_mount_urls,upstream_test,tests/test_routing.py,test_mount_urls,supported,starlette.routing.Router; starlette.routing.Mount,"Construct the app, route, or WebSocket scope for this behavior family and supply these request/event inputs in order: get('/users'), get('/users/'), get('/users/a'), get('/usersa').",response_status; response_bytes; generated_url_path; response_url; scope.path; scope.root_path,backlog,,,tests/test_routing.py:376; tests/conftest.py:test_client_factory
routing.test_mounted_middleware_does_not_catch_exception,upstream_test,tests/test_routing.py,test_mounted_middleware_does_not_catch_exception,supported,starlette.routing.Mount; starlette.routing.Route,"Construct the app, route, or WebSocket scope for this behavior family and supply these request/event inputs in order: get('/home'), get('/err'), get('/mount/home'), get('/mount/err').",response_status; response_bytes; generated_url_path; response_url; scope.path; scope.root_path; response_headers; asgi_event_order; exception_type_and_observable_payload,backlog,,,tests/test_routing.py:936; tests/conftest.py:test_client_factory
routing.test_partial_async_endpoint,upstream_test,tests/test_routing.py,test_partial_async_endpoint,supported,starlette.routing.Route,"Construct the app, route, or WebSocket scope for this behavior family and supply these request/event inputs in order: get('/partial'), get('/partial/cls').",response_status; response_bytes,backlog,,,tests/test_routing.py:730; tests/conftest.py:test_client_factory
routing.test_partial_async_ws_endpoint,upstream_test,tests/test_routing.py,test_partial_async_ws_endpoint,supported,starlette.routing.WebSocketRoute; starlette.websockets.WebSocket,"Construct the app, route, or WebSocket scope for this behavior family and supply these request/event inputs in order: websocket_connect('/partial/ws'), websocket_connect('/partial/ws/cls').",response_status; response_bytes,backlog,,,tests/test_routing.py:741; tests/conftest.py:test_client_factory
routing.test_paths_with_root_path,upstream_test,tests/test_routing.py,test_paths_with_root_path,supported,starlette.routing.Router; starlette.routing.Mount; starlette.routing.Route,"Construct the app, route, or WebSocket scope for this behavior family and supply these request/event inputs in order: get('/root/path'), get('/root/asgipath/'), get('/root/sub/path'), post('/root/root-queue/path').",response_status; response_bytes; generated_url_path; response_url; scope.path; scope.root_path,backlog,,,tests/test_routing.py:1146; tests/conftest.py:test_client_factory
routing.test_protocol_switch,upstream_test,tests/test_routing.py,test_protocol_switch,supported,starlette.routing.Router; starlette.routing.Route; starlette.routing.WebSocketRoute,"Construct the app, route, or WebSocket scope for this behavior family and supply these request/event inputs in order: get('/'), websocket_connect('/'), websocket_connect('/404').",response_status; response_bytes,backlog,,,tests/test_routing.py:358; tests/conftest.py:test_client_factory
routing.test_raise_on_shutdown,upstream_test,tests/test_routing.py,test_raise_on_shutdown,supported,starlette.routing.Router.lifespan,"Construct the app, route, or WebSocket scope described by this upstream behavior family. Exercise its direct constructor, lookup, lifecycle, or ASGI callable input sequence.",response_status; response_bytes; lifespan.events; lifecycle_and_cleanup_effects; exception_type_and_observable_payload,backlog,,,tests/test_routing.py:717; tests/conftest.py:test_client_factory
routing.test_raise_on_startup,upstream_test,tests/test_routing.py,test_raise_on_startup,supported,starlette.routing.Router.lifespan,"Construct the app, route, or WebSocket scope described by this upstream behavior family. Exercise its direct constructor, lookup, lifecycle, or ASGI callable input sequence.",response_status; response_bytes; lifespan.events; lifecycle_and_cleanup_effects; exception_type_and_observable_payload,backlog,,,tests/test_routing.py:693; tests/conftest.py:test_client_factory
routing.test_reverse_mount_urls.missing-route-or-params,upstream_test,tests/test_routing.py,test_reverse_mount_urls[unknown-route-and-parameters],uncertain,starlette.routing.Router; starlette.routing.Mount; starlette.routing.Route; starlette.routing.NoMatchFound,Attempt reverse lookup for a named mount using extra parameters and then with no required path argument.,exception_type_and_observable_payload,backlog,,,tests/test_routing.py:395-402; starlette/routing.py:30-38
routing.test_reverse_mount_urls.success,upstream_test,tests/test_routing.py,test_reverse_mount_urls[successful-nested-lookups],supported,starlette.routing.Router; starlette.routing.Mount; starlette.routing.Route; starlette.routing.NoMatchFound,Construct named mount and nested route structures; reverse-generate the mount path and child route paths with path parameters.,generated_url_path; generated_url_protocol,backlog,,,tests/test_routing.py:386-402; docs/routing.md:176-190
routing.test_route_converters,upstream_test,tests/test_routing.py,test_route_converters,supported,starlette.routing.Route; starlette.convertors.Convertor; starlette.convertors.register_url_convertor,"Construct the app, route, or WebSocket scope for this behavior family and supply these request/event inputs in order: get('/int/5'), get('/path-with-parentheses(7)'), get('/float/25.5'), get('/path/some/example'), get('/uuid/ec38df32-ceda-4cfa-9b4a-1aeb94ad551a').",response_status; response_bytes; scope.path_params,backlog,,,tests/test_routing.py:226; tests/conftest.py:test_client_factory
routing.test_route_name.classmethod,upstream_test,tests/test_routing.py,test_route_name[classmethod],uncertain,starlette.routing.Route,Construct Route with the selected endpoint shape: class-method endpoint.,response_status; response_bytes; route.name,backlog,,,tests/test_routing.py:795
routing.test_route_name.function,upstream_test,tests/test_routing.py,test_route_name[function],uncertain,starlette.routing.Route,Construct Route with the selected endpoint shape: function endpoint.,response_status; response_bytes; route.name,backlog,,,tests/test_routing.py:795
routing.test_route_name.lambda,upstream_test,tests/test_routing.py,test_route_name[lambda],uncertain,starlette.routing.Route,Construct Route with the selected endpoint shape: lambda endpoint.,response_status; response_bytes; route.name,backlog,,,tests/test_routing.py:795
routing.test_route_name.method,upstream_test,tests/test_routing.py,test_route_name[method],uncertain,starlette.routing.Route,Construct Route with the selected endpoint shape: bound instance-method endpoint.,response_status; response_bytes; route.name,backlog,,,tests/test_routing.py:795
routing.test_route_name.object,upstream_test,tests/test_routing.py,test_route_name[object],uncertain,starlette.routing.Route,Construct Route with the selected endpoint shape: callable-object endpoint.,response_status; response_bytes; route.name,backlog,,,tests/test_routing.py:795
routing.test_route_name.staticmethod,upstream_test,tests/test_routing.py,test_route_name[staticmethod],uncertain,starlette.routing.Route,Construct Route with the selected endpoint shape: static-method endpoint.,response_status; response_bytes; route.name,backlog,,,tests/test_routing.py:795
routing.test_route_repr,upstream_test,tests/test_routing.py,test_route_repr,uncertain,starlette.routing.Route,"Construct the app, route, or WebSocket scope described by this upstream behavior family. Exercise its direct constructor, lookup, lifecycle, or ASGI callable input sequence.",route.representation,backlog,,,tests/test_routing.py:1029
routing.test_route_repr_without_methods,upstream_test,tests/test_routing.py,test_route_repr_without_methods,uncertain,starlette.routing.Route,"Construct the app, route, or WebSocket scope described by this upstream behavior family. Exercise its direct constructor, lookup, lifecycle, or ASGI callable input sequence.",route.representation,backlog,,,tests/test_routing.py:1034
routing.test_router,upstream_test,tests/test_routing.py,test_router,supported,starlette.routing.Router; starlette.routing.Route; starlette.routing.Mount,"Construct the app, route, or WebSocket scope for this behavior family and supply these request/event inputs in order: get('/'), post('/'), get('/foo'), get('/users'), get('/users/tomchristie'), get('/users/me'), get('/users/tomchristie/'), put('/users/tomchristie:disable'), get('/users/nomatch'), get('/static/123').",response_status; response_bytes,backlog,,,tests/test_routing.py:181; tests/conftest.py:test_client_factory
routing.test_router_add_route,upstream_test,tests/test_routing.py,test_router_add_route,uncertain,starlette.routing.Router.add_route,"Construct the app, route, or WebSocket scope for this behavior family and supply these request/event inputs in order: get('/func').",response_status; response_bytes,backlog,,,tests/test_routing.py:295; tests/conftest.py:test_client_factory
routing.test_router_add_websocket_route,upstream_test,tests/test_routing.py,test_router_add_websocket_route,uncertain,starlette.routing.Router.add_websocket_route; starlette.routing.WebSocketRoute,"Construct the app, route, or WebSocket scope for this behavior family and supply these request/event inputs in order: websocket_connect('/ws'), websocket_connect('/ws/test').",websocket.messages; websocket.close_code,backlog,,,tests/test_routing.py:307; tests/conftest.py:test_client_factory
routing.test_router_duplicate_path,upstream_test,tests/test_routing.py,test_router_duplicate_path,supported,starlette.routing.Router; starlette.routing.Route,"Construct the app, route, or WebSocket scope for this behavior family and supply these request/event inputs in order: post('/func').",response_status; response_bytes,backlog,,,tests/test_routing.py:301; tests/conftest.py:test_client_factory
routing.test_router_middleware,upstream_test,tests/test_routing.py,test_router_middleware,supported,starlette.routing.Router,"Construct the app, route, or WebSocket scope for this behavior family and supply these request/event inputs in order: get('/').",response_status; response_bytes; response_headers; asgi_event_order,backlog,,,tests/test_routing.py:317; tests/conftest.py:test_client_factory
routing.test_standalone_route_does_not_match,upstream_test,tests/test_routing.py,test_standalone_route_does_not_match,supported,starlette.routing.Route,"Construct the app, route, or WebSocket scope for this behavior family and supply these request/event inputs in order: get('/invalid').",response_status; response_bytes; exception_type_and_observable_payload,backlog,,,tests/test_routing.py:590; tests/conftest.py:test_client_factory
routing.test_standalone_route_matches,upstream_test,tests/test_routing.py,test_standalone_route_matches,supported,starlette.routing.Route,"Construct Route(""/"", PlainTextResponse(...)) as the ASGI application itself (without a Starlette wrapper), then send an HTTP GET scope for /.",response_status; ordered_repeated_headers; response_bytes; ASGI event order; exception_type_and_observable_payload,backlog,,,tests/test_routing.py:580; tests/conftest.py:test_client_factory
routing.test_standalone_ws_route_does_not_match,upstream_test,tests/test_routing.py,test_standalone_ws_route_does_not_match,supported,starlette.routing.WebSocketRoute; starlette.websockets.WebSocketDisconnect,"Construct the app, route, or WebSocket scope for this behavior family and supply these request/event inputs in order: websocket_connect('/invalid').",response_status; response_bytes; exception_type_and_observable_payload,backlog,,,tests/test_routing.py:616; tests/conftest.py:test_client_factory
routing.test_standalone_ws_route_matches,upstream_test,tests/test_routing.py,test_standalone_ws_route_matches,supported,starlette.routing.WebSocketRoute; starlette.websockets.WebSocket,"Construct the app, route, or WebSocket scope for this behavior family and supply these request/event inputs in order: websocket_connect('/').",response_status; response_bytes; exception_type_and_observable_payload,backlog,,,tests/test_routing.py:606; tests/conftest.py:test_client_factory
routing.test_subdomain_reverse_urls,upstream_test,tests/test_routing.py,test_subdomain_reverse_urls,supported,starlette.routing.Router; starlette.routing.Host,"Construct the app, route, or WebSocket scope described by this upstream behavior family. Exercise its direct constructor, lookup, lifecycle, or ASGI callable input sequence.",response_status; response_bytes; generated_url_path; response_url; scope.path; scope.root_path; scope.path_params,backlog,,,tests/test_routing.py:512
routing.test_subdomain_routing,upstream_test,tests/test_routing.py,test_subdomain_routing,supported,starlette.routing.Router; starlette.routing.Host,"Construct the app, route, or WebSocket scope for this behavior family and supply these request/event inputs in order: get('/').",response_status; response_bytes; scope.path_params,backlog,,,tests/test_routing.py:504; tests/conftest.py:test_client_factory
routing.test_url_for,upstream_test,tests/test_routing.py,test_url_for,supported,starlette.routing.Router; starlette.routing.Route; starlette.routing.WebSocketRoute,"Construct the app, route, or WebSocket scope described by this upstream behavior family. Exercise its direct constructor, lookup, lifecycle, or ASGI callable input sequence.",response_status; response_bytes; generated_url_path; response_url; scope.path; scope.root_path,backlog,,,tests/test_routing.py:275
routing.test_url_for_with_double_mount,upstream_test,tests/test_routing.py,test_url_for_with_double_mount,supported,starlette.routing.Router; starlette.routing.Mount,"Construct the app, route, or WebSocket scope described by this upstream behavior family. Exercise its direct constructor, lookup, lifecycle, or ASGI callable input sequence.",response_status; response_bytes; generated_url_path; response_url; scope.path; scope.root_path,backlog,,,tests/test_routing.py:564
routing.test_url_for_with_root_path,upstream_test,tests/test_routing.py,test_url_for_with_root_path,supported,starlette.routing.Router; starlette.routing.Mount; starlette.routing.Route,"Construct the app, route, or WebSocket scope for this behavior family and supply these request/event inputs in order: get('/sub_path/'), get('/sub_path/submount/').",response_status; response_bytes; generated_url_path; response_url; scope.path; scope.root_path,backlog,,,tests/test_routing.py:540; tests/conftest.py:test_client_factory
routing.test_url_for_with_root_path_ending_with_slash,upstream_test,tests/test_routing.py,test_url_for_with_root_path_ending_with_slash,supported,starlette.routing.Router; starlette.routing.Route,"Construct the app, route, or WebSocket scope for this behavior family and supply these request/event inputs in order: get('/sub_path/').",response_status; response_bytes; generated_url_path; response_url; scope.path; scope.root_path,backlog,,,tests/test_routing.py:570; tests/conftest.py:test_client_factory
routing.test_url_path_for.invalid-string-values,upstream_test,tests/test_routing.py,test_url_path_for[slash-and-empty-string-values],uncertain,starlette.routing.Router; starlette.routing.Route; starlette.routing.NoMatchFound,Invoke reverse lookup on a default string parameter with a slash-containing value and with an empty value.,exception_type_and_observable_payload,backlog,,,tests/test_routing.py:270-273; starlette/convertors.py:26-31
routing.test_url_path_for.success,upstream_test,tests/test_routing.py,test_url_path_for[successful-lookups],supported,starlette.routing.Router; starlette.routing.Route; starlette.routing.NoMatchFound,"Construct named HTTP and WebSocket routes; invoke reverse lookups for the root, a parameterized user route, and a WebSocket route.",generated_url_path; generated_url_protocol,backlog,,,tests/test_routing.py:261; docs/routing.md:149-209; docs/routing.md:327-333
routing.test_url_path_for.unmatched-name,upstream_test,tests/test_routing.py,test_url_path_for[unmatched-name-and-params],uncertain,starlette.routing.Router; starlette.routing.Route; starlette.routing.NoMatchFound,Invoke reverse lookup with an unknown route name both without parameters and with extra parameter names.,exception_type_and_observable_payload,backlog,,,tests/test_routing.py:265-268; starlette/routing.py:30-38
routing.test_websocket_route_middleware,upstream_test,tests/test_routing.py,test_websocket_route_middleware,supported,starlette.routing.WebSocketRoute; starlette.websockets.WebSocket,"Construct the app, route, or WebSocket scope for this behavior family and supply these request/event inputs in order: send_text('Hello, world!'), websocket_connect('/ws').",websocket.messages; websocket.close_code,backlog,,,tests/test_routing.py:991; tests/conftest.py:test_client_factory
routing.test_websocket_route_repr,upstream_test,tests/test_routing.py,test_websocket_route_repr,uncertain,starlette.routing.WebSocketRoute,"Construct the app, route, or WebSocket scope described by this upstream behavior family. Exercise its direct constructor, lookup, lifecycle, or ASGI callable input sequence.",websocket.messages; websocket.close_code,backlog,,,tests/test_routing.py:1039
support.convertor-registry-reset,test_support,tests/test_convertors.py,refresh_convertor_types,private/internal,starlette.convertors.register_url_convertor,Snapshot and restore the custom convertor registry around the convertor test module.,lifecycle_and_cleanup_effects,not_applicable,,This fixture isolates global registry mutation between tests and has no independent request-level behavior.,tests/test_convertors.py:14-21
support.endpoints-client,test_support,tests/test_endpoints.py,client,private/internal,starlette.endpoints.HTTPEndpoint,Create the module-level endpoint router client through the shared TestClientFactory.,environment_identity.python_backend,not_applicable,,This fixture wraps the shared endpoint app and does not add an independent endpoint behavior.,tests/test_endpoints.py:20-28; tests/conftest.py:14-27
support.routing-client,test_support,tests/test_routing.py,client,private/internal,starlette.routing.Router,Create the module-level routing app client through the shared TestClientFactory.,environment_identity.python_backend,not_applicable,,The fixture wraps the shared route table; individual route behaviors are already listed by their test functions.,tests/test_routing.py:176-179; tests/conftest.py:14-27
support.test-client-factory,test_support,tests/conftest.py,test_client_factory,private/internal,,Instantiate TestClient with each AnyIO backend name and backend options; apply it to the per-test ASGI stimuli.,environment_identity.python_backend,not_applicable,,Shared harness setup only; backend selection is run metadata and has no independent routing behavior.,tests/conftest.py:14-27; tests/types.py:10-27
test-support.tests-package-marker,test_support,tests/__init__.py,test package marker,n/a,,,,not_applicable,,This package marker contains no independent runtime behavior or helper; it exists only for Python test package organization.,tests/__init__.py
websockets.api-doc-constructor-defaults,api_behavior,docs/websockets.md,"WebSocket(scope, receive=None, send=None) documentation/source discrepancy",uncertain,starlette.websockets.WebSocket,"Attempt construction from a WebSocket scope with only scope, then with explicit receive and send callables.",constructor_success_or_exception; exception_type_and_observable_payload,backlog,,,docs/websockets.md:5-17; starlette/websockets.py:26-31
websockets.api.raw-protocol-sequence,api_behavior,starlette/websockets.py,WebSocket.receive and WebSocket.send ordered ASGI callback tape,supported,starlette.websocket.protocol.handshake-text-close;starlette.websocket.protocol.disconnect;starlette.websocket.protocol.invalid-transition;starlette.websocket.protocol.receive-after-disconnect;starlette.websocket.protocol.binary-exchange;starlette.websocket.protocol.send-oserror-disconnect,"Construct WebSocket from a WebSocket scope and supply ordered receive() and send(message) actions for handshake/text/close, binary exchange, disconnect, receive after disconnect, send before acceptance, and a connected send callback that raises OSError. The observed tape records callback messages chronologically and retains the attempted send whose callback raises.",ordered receive/send callback tape; direction; canonical message,existing,tests/fixtures/sources/parity/websocket-protocol.yaml,,starlette/websockets.py:13-89;tests/fixtures/sources/parity/websocket-protocol.yaml
websockets.api.state-sequence,api_behavior,starlette/websockets.py,WebSocket.receive and WebSocket.send projected outcomes and protocol states,supported,starlette.websocket.state.handshake-text-close;starlette.websocket.state.disconnect;starlette.websocket.state.invalid-transition;starlette.websocket.state.receive-after-disconnect;starlette.websocket.state.binary-exchange;starlette.websocket.state.send-oserror-disconnect,"Repeat the six ordered receive/send stimuli from the protocol-sequence inputs, projecting each action to its outcome and optional error message while observing both final state enums; payload bytes and Python exception metadata are outside this projection.",action_results[*].action_id; action_results[*].outcome; action_results[*].error_message; client_state; application_state,existing,tests/fixtures/sources/parity/websocket-state-sequence.yaml,,starlette/websockets.py:13-89;starlette-rs/src/websocket.rs:52-219;tests/fixtures/sources/parity/websocket-state-sequence.yaml
websockets.doc-accept,documentation,docs/websockets.md,accept subprotocol and headers,supported,starlette.websockets.WebSocket.accept,Offer protocols and accept with a selected protocol plus optional response headers.,websocket.accept_subprotocol; websocket.accept_headers; asgi_event_order,backlog,,,docs/websockets.md:52-55
websockets.doc-close,documentation,docs/websockets.md,close code and reason,supported,starlette.websockets.WebSocket.close; starlette.websockets.WebSocketDisconnect,Accept and close with a chosen code and reason; observe the peer disconnect.,websocket.disconnect_code; websocket.disconnect_reason; exception_type_and_observable_payload,backlog,,,docs/websockets.md:99-102
websockets.doc-default-denial,documentation,docs/websockets.md,close before accept,supported,starlette.websockets.WebSocket.close,Receive a connection and close before acceptance.,websocket.connection_outcome; websocket.denial_status; websocket.close_code,backlog,,,docs/websockets.md:113-117
websockets.doc-denial-extension,optional_feature,docs/websockets.md,WebSocket Denial Response extension,supported,starlette.websockets.WebSocket.send_denial_response,"Expose the denial-response extension in scope, receive connect, and submit a response through WebSocket denial handling.",websocket.denial_status; websocket.denial_headers; websocket.denial_body; asgi_event_order,backlog,,,docs/websockets.md:118-125
websockets.doc-headers,documentation,docs/websockets.md,WebSocket header mapping,supported,starlette.websockets.WebSocket,Supply repeated and differently-cased handshake headers and read them through the header mapping.,websocket.headers; ordered_repeated_headers,backlog,,,docs/websockets.md:34-38
websockets.doc-http-exception,documentation,docs/websockets.md,HTTPException for WebSocket authorization denial,supported,starlette.websockets.WebSocket; starlette.routing.WebSocketRoute,Check offered subprotocols and raise an HTTP exception before acceptance for the unauthorized branch; accept the authorized branch.,websocket.connection_outcome; websocket.denial_status; websocket.accept_subprotocol; websocket.messages,backlog,,,docs/websockets.md:127-158
websockets.doc-iterators,documentation,docs/websockets.md,WebSocket async iterators,supported,starlette.websockets.WebSocket,"Accept, iterate text/bytes/JSON messages, and then deliver a disconnect event.",websocket.messages; websocket.close_code; lifecycle_and_cleanup_effects,backlog,,,docs/websockets.md:76-98
websockets.doc-json-modes,documentation,docs/websockets.md,JSON text and binary modes,supported,starlette.websockets.WebSocket,Send and receive JSON in text frames by default and binary frames with the mode argument.,websocket.messages; websocket.frame_type; response_json_value,backlog,,,docs/websockets.md:60-74
websockets.doc-path-params,documentation,docs/websockets.md,WebSocket path parameters,supported,starlette.websockets.WebSocket,Route a WebSocket path with a named parameter and inspect path_params in the endpoint.,websocket.path_params,backlog,,,docs/websockets.md:46-50
websockets.doc-query,documentation,docs/websockets.md,WebSocket query parameter mapping,supported,starlette.websockets.WebSocket,Supply a query string with multiple values and inspect the parsed mapping.,websocket.query_params,backlog,,,docs/websockets.md:40-44
websockets.doc-raw,documentation,docs/websockets.md,generic message methods and state tracking,supported,starlette.websockets.WebSocket.send; starlette.websockets.WebSocket.receive,Exchange generic ASGI WebSocket messages with valid and invalid state transitions.,asgi_event_order; websocket.client_state; websocket.application_state; exception_type_and_observable_payload,backlog,,,docs/websockets.md:103-111
websockets.doc-scope,documentation,docs/websockets.md,WebSocket scope mapping,supported,starlette.websockets.WebSocket,Construct WebSocket from ASGI scope and access scope entries through its mapping interface.,websocket.scope_mapping; websocket.mapping_keys,backlog,,,docs/websockets.md:20-23
websockets.doc-text-bytes,documentation,docs/websockets.md,send and receive text/binary,supported,starlette.websockets.WebSocket,Accept and send/receive text and binary frames using typed helper methods.,websocket.messages; websocket.close_code,backlog,,,docs/websockets.md:56-71
websockets.doc-url,documentation,docs/websockets.md,WebSocket URL fields,supported,starlette.websockets.WebSocket,"Supply scope scheme, server, path, and query data; observe URL string and components.",websocket.url; websocket.url.path; websocket.url.port; websocket.url.scheme,backlog,,,docs/websockets.md:25-32
websockets.test-scope-equality-hash,upstream_test,tests/test_websockets.py,test_websocket_scope_interface[equality-and-hash],uncertain,starlette.websockets.WebSocket,Construct two WebSocket objects from equivalent scopes and inspect object equality and set membership.,websocket.object_equality; websocket.hashability; websocket.set_membership,backlog,,,tests/test_websockets.py:510
websockets.test-scope-mapping,upstream_test,tests/test_websockets.py,test_websocket_scope_interface,supported,starlette.websockets.WebSocket,"Construct the app, route, or WebSocket scope described by this upstream behavior family. Exercise its direct constructor, lookup, lifecycle, or ASGI callable input sequence.",websocket.scope_mapping; websocket.mapping_keys; websocket.mapping_length,backlog,,,tests/test_websockets.py:510; docs/websockets.md:20-23
websockets.test_additional_headers,upstream_test,tests/test_websockets.py,test_additional_headers,supported,starlette.websockets.WebSocket,"Construct the app, route, or WebSocket scope for this behavior family and supply these request/event inputs in order: websocket_connect('/').",websocket.messages; websocket.close_code; websocket.accept_headers,backlog,,,tests/test_websockets.py:451; tests/conftest.py:test_client_factory
websockets.test_application_close,upstream_test,tests/test_websockets.py,test_application_close,supported,starlette.websockets.WebSocket; starlette.websockets.WebSocketDisconnect,"Construct the app, route, or WebSocket scope for this behavior family and supply these request/event inputs in order: websocket_connect('/'). The application close call supplies status.WS_1001_GOING_AWAY before or after acceptance, as selected by this case.",websocket.messages; websocket.close_code; websocket.disconnect_code; websocket.disconnect_reason,backlog,,,tests/test_websockets.py:283; tests/conftest.py:test_client_factory
websockets.test_client_close,upstream_test,tests/test_websockets.py,test_client_close,supported,starlette.websockets.WebSocket; starlette.websockets.WebSocketDisconnect,"Construct the app, route, or WebSocket scope for this behavior family and supply these request/event inputs in order: websocket_connect('/'), close(code=status.WS_1001_GOING_AWAY, reason='Going Away').",websocket.messages; websocket.close_code; websocket.disconnect_code; websocket.disconnect_reason,backlog,,,tests/test_websockets.py:241; tests/conftest.py:test_client_factory
websockets.test_client_disconnect_on_send,upstream_test,tests/test_websockets.py,test_client_disconnect_on_send,supported,starlette.websockets.WebSocket; starlette.websockets.WebSocketDisconnect,"Construct the app, route, or WebSocket scope for this behavior family and supply these request/event inputs in order: send_text('Hello, world!').",websocket.messages; websocket.close_code; websocket.disconnect_code; websocket.disconnect_reason,backlog,,,tests/test_websockets.py:263
websockets.test_duplicate_close,upstream_test,tests/test_websockets.py,test_duplicate_close,supported,starlette.websockets.WebSocket; starlette.websockets.WebSocketDisconnect,"Construct the app, route, or WebSocket scope for this behavior family and supply these request/event inputs in order: websocket_connect('/').",websocket.messages; websocket.close_code; websocket.disconnect_code; websocket.disconnect_reason; exception_type_and_observable_payload,backlog,,,tests/test_websockets.py:483; tests/conftest.py:test_client_factory
websockets.test_duplicate_disconnect,upstream_test,tests/test_websockets.py,test_duplicate_disconnect,supported,starlette.websockets.WebSocket; starlette.websockets.WebSocketDisconnect,"Construct the app, route, or WebSocket scope for this behavior family and supply these request/event inputs in order: websocket_connect('/').",websocket.messages; websocket.close_code; websocket.disconnect_code; websocket.disconnect_reason; exception_type_and_observable_payload,backlog,,,tests/test_websockets.py:496; tests/conftest.py:test_client_factory
websockets.test_no_additional_headers,upstream_test,tests/test_websockets.py,test_no_additional_headers,supported,starlette.websockets.WebSocket,"Construct the app, route, or WebSocket scope for this behavior family and supply these request/event inputs in order: websocket_connect('/').",websocket.messages; websocket.close_code; websocket.accept_headers,backlog,,,tests/test_websockets.py:462; tests/conftest.py:test_client_factory
websockets.test_receive_before_accept,upstream_test,tests/test_websockets.py,test_receive_before_accept,uncertain,starlette.websockets.WebSocket.receive; starlette.websockets.WebSocketState,"Construct the app, route, or WebSocket scope for this behavior family and supply these request/event inputs in order: websocket_connect('/'), send({'type': 'websocket.send'}).",websocket.messages; websocket.close_code; exception_type_and_observable_payload,backlog,,,tests/test_websockets.py:631; tests/conftest.py:test_client_factory
websockets.test_receive_bytes_before_accept,upstream_test,tests/test_websockets.py,test_receive_bytes_before_accept,supported,starlette.websockets.WebSocket,"Construct the app, route, or WebSocket scope for this behavior family and supply these request/event inputs in order: websocket_connect('/').",websocket.messages; websocket.close_code; exception_type_and_observable_payload,backlog,,,tests/test_websockets.py:586; tests/conftest.py:test_client_factory
websockets.test_receive_json_before_accept,upstream_test,tests/test_websockets.py,test_receive_json_before_accept,supported,starlette.websockets.WebSocket,"Construct the app, route, or WebSocket scope for this behavior family and supply these request/event inputs in order: websocket_connect('/').",websocket.messages; websocket.close_code; exception_type_and_observable_payload,backlog,,,tests/test_websockets.py:597; tests/conftest.py:test_client_factory
websockets.test_receive_json_invalid_mode,upstream_test,tests/test_websockets.py,test_receive_json_invalid_mode,supported,starlette.websockets.WebSocket,"Construct the app, route, or WebSocket scope for this behavior family and supply these request/event inputs in order: websocket_connect('/').",websocket.messages; websocket.close_code; exception_type_and_observable_payload,backlog,,,tests/test_websockets.py:563; tests/conftest.py:test_client_factory
websockets.test_receive_text_before_accept,upstream_test,tests/test_websockets.py,test_receive_text_before_accept,supported,starlette.websockets.WebSocket,"Construct the app, route, or WebSocket scope for this behavior family and supply these request/event inputs in order: websocket_connect('/').",websocket.messages; websocket.close_code; exception_type_and_observable_payload,backlog,,,tests/test_websockets.py:575; tests/conftest.py:test_client_factory
websockets.test_receive_wrong_message_type,upstream_test,tests/test_websockets.py,test_receive_wrong_message_type,supported,starlette.websockets.WebSocket,"Construct the app, route, or WebSocket scope for this behavior family and supply these request/event inputs in order: websocket_connect('/'), send({'type': 'websocket.connect'}).",websocket.messages; websocket.close_code; exception_type_and_observable_payload,backlog,,,tests/test_websockets.py:644; tests/conftest.py:test_client_factory
websockets.test_rejected_connection,upstream_test,tests/test_websockets.py,test_rejected_connection,supported,starlette.websockets.WebSocket,"Construct the app, route, or WebSocket scope for this behavior family and supply these request/event inputs in order: websocket_connect('/'). The application close call supplies status.WS_1001_GOING_AWAY before or after acceptance, as selected by this case.",websocket.messages; websocket.close_code,backlog,,,tests/test_websockets.py:296; tests/conftest.py:test_client_factory
websockets.test_send_before_accept,upstream_test,tests/test_websockets.py,test_send_before_accept,supported,starlette.websockets.WebSocket,"Construct the app, route, or WebSocket scope for this behavior family and supply these request/event inputs in order: send({'type': 'websocket.send'}), websocket_connect('/').",websocket.messages; websocket.close_code; exception_type_and_observable_payload,backlog,,,tests/test_websockets.py:608; tests/conftest.py:test_client_factory
websockets.test_send_denial_response,upstream_test,tests/test_websockets.py,test_send_denial_response,supported,starlette.websockets.WebSocket.send_denial_response,"Construct the app, route, or WebSocket scope for this behavior family and supply these request/event inputs in order: websocket_connect('/').",websocket.messages; websocket.close_code; websocket.denial_status; websocket.denial_headers; websocket.denial_body,backlog,,,tests/test_websockets.py:310; tests/conftest.py:test_client_factory
websockets.test_send_denial_response_with_file_response,upstream_test,tests/test_websockets.py,test_send_denial_response_with_file_response,supported,starlette.websockets.WebSocket.send_denial_response,"Construct the app, route, or WebSocket scope for this behavior family and supply these request/event inputs in order: websocket_connect('/').",websocket.messages; websocket.close_code; websocket.denial_status; websocket.denial_headers; websocket.denial_body,backlog,,,tests/test_websockets.py:346; tests/conftest.py:test_client_factory
websockets.test_send_denial_response_with_streaming_response,upstream_test,tests/test_websockets.py,test_send_denial_response_with_streaming_response,supported,starlette.websockets.WebSocket.send_denial_response,"Construct the app, route, or WebSocket scope for this behavior family and supply these request/event inputs in order: websocket_connect('/').",websocket.messages; websocket.close_code; websocket.denial_status; websocket.denial_headers; websocket.denial_body,backlog,,,tests/test_websockets.py:326; tests/conftest.py:test_client_factory
websockets.test_send_json_invalid_mode,upstream_test,tests/test_websockets.py,test_send_json_invalid_mode,supported,starlette.websockets.WebSocket,"Construct the app, route, or WebSocket scope for this behavior family and supply these request/event inputs in order: send_json({}, mode='invalid'), websocket_connect('/').",websocket.messages; websocket.close_code; exception_type_and_observable_payload,backlog,,,tests/test_websockets.py:551; tests/conftest.py:test_client_factory
websockets.test_send_response_duplicate_start,upstream_test,tests/test_websockets.py,test_send_response_duplicate_start,supported,starlette.websockets.WebSocket.send_denial_response,"Construct the app, route, or WebSocket scope for this behavior family and supply these request/event inputs in order: websocket_connect('/').",websocket.messages; websocket.close_code; websocket.denial_status; websocket.denial_headers; websocket.denial_body; exception_type_and_observable_payload,backlog,,,tests/test_websockets.py:409; tests/conftest.py:test_client_factory
websockets.test_send_response_multi,upstream_test,tests/test_websockets.py,test_send_response_multi,supported,starlette.websockets.WebSocket.send_denial_response,"Construct the app, route, or WebSocket scope for this behavior family and supply these request/event inputs in order: send({'type': 'websocket.http.response.start', 'status': 404, 'headers': [(b'content-type', b'text/plain'), (b'foo', b'bar')]}), send({'type': 'websocket.http.response.body', 'body': b'hard', 'more_body': True}), send({'type': 'websocket.http.response.body', 'body': b'body'}), websocket_connect('/').",websocket.messages; websocket.close_code; websocket.denial_status; websocket.denial_headers; websocket.denial_body,backlog,,,tests/test_websockets.py:364; tests/conftest.py:test_client_factory
websockets.test_send_response_unsupported,upstream_test,tests/test_websockets.py,test_send_response_unsupported,supported,starlette.websockets.WebSocket.send_denial_response,"Construct the app, route, or WebSocket scope for this behavior family and supply these request/event inputs in order: websocket_connect('/').",websocket.messages; websocket.close_code; websocket.url; websocket.denial_status; websocket.denial_headers; websocket.denial_body; exception_type_and_observable_payload,backlog,,,tests/test_websockets.py:388; tests/conftest.py:test_client_factory
websockets.test_send_wrong_message_type,upstream_test,tests/test_websockets.py,test_send_wrong_message_type,supported,starlette.websockets.WebSocket,"Construct the app, route, or WebSocket scope for this behavior family and supply these request/event inputs in order: send({'type': 'websocket.accept'}), websocket_connect('/').",websocket.messages; websocket.close_code; exception_type_and_observable_payload,backlog,,,tests/test_websockets.py:619; tests/conftest.py:test_client_factory
websockets.test_subprotocol,upstream_test,tests/test_websockets.py,test_subprotocol,supported,starlette.websockets.WebSocket,"Construct the app, route, or WebSocket scope for this behavior family and supply these request/event inputs in order: websocket_connect('/', subprotocols=['soap', 'wamp']).",websocket.messages; websocket.close_code; websocket.accept_subprotocol,backlog,,,tests/test_websockets.py:439; tests/conftest.py:test_client_factory
websockets.test_websocket_binary_json,upstream_test,tests/test_websockets.py,test_websocket_binary_json,supported,starlette.websockets.WebSocket,"Construct the app, route, or WebSocket scope for this behavior family and supply these request/event inputs in order: send_json(mode='binary'), websocket_connect('/123?a=abc'), send_json({'test': 'data'}, mode='binary').",websocket.messages; websocket.close_code,backlog,,,tests/test_websockets.py:31; tests/conftest.py:test_client_factory
websockets.test_websocket_close_reason,upstream_test,tests/test_websockets.py,test_websocket_close_reason,supported,starlette.websockets.WebSocket; starlette.websockets.WebSocketDisconnect,"Construct the app, route, or WebSocket scope for this behavior family and supply these request/event inputs in order: close(code=status.WS_1001_GOING_AWAY, reason='Going Away'), websocket_connect('/').",websocket.messages; websocket.close_code; websocket.disconnect_code; websocket.disconnect_reason,backlog,,,tests/test_websockets.py:537; tests/conftest.py:test_client_factory
websockets.test_websocket_concurrency_pattern,upstream_test,tests/test_websockets.py,test_websocket_concurrency_pattern,supported,starlette.websockets.WebSocket,"Construct the app, route, or WebSocket scope for this behavior family and supply these request/event inputs in order: websocket_connect('/'), send_json({'hello': 'world'}).",websocket.messages; websocket.close_code,backlog,,,tests/test_websockets.py:211; tests/conftest.py:test_client_factory
websockets.test_websocket_ensure_unicode_on_send_json,upstream_test,tests/test_websockets.py,test_websocket_ensure_unicode_on_send_json,supported,starlette.websockets.WebSocket,"Construct the app, route, or WebSocket scope for this behavior family and supply these request/event inputs in order: send_json(mode='text'), websocket_connect('/123?a=abc'), send_json({'test': '数据'}, mode='text').",websocket.messages; websocket.close_code,backlog,,,tests/test_websockets.py:46; tests/conftest.py:test_client_factory
websockets.test_websocket_exception,upstream_test,tests/test_websockets.py,test_websocket_exception,supported,starlette.websockets.WebSocket,"Construct the app, route, or WebSocket scope for this behavior family and supply these request/event inputs in order: websocket_connect('/123?a=abc').",websocket.messages; websocket.close_code; exception_type_and_observable_payload,backlog,,,tests/test_websockets.py:473; tests/conftest.py:test_client_factory
websockets.test_websocket_headers,upstream_test,tests/test_websockets.py,test_websocket_headers,supported,starlette.websockets.WebSocket,"Construct the app, route, or WebSocket scope for this behavior family and supply these request/event inputs in order: websocket_connect('/'). Record whether brotli or brotlicffi is loaded because the upstream test is conditionally skipped when either is present.",websocket.messages; websocket.close_code; websocket.accept_headers,backlog,,,tests/test_websockets.py:82; tests/conftest.py:test_client_factory
websockets.test_websocket_iter_bytes,upstream_test,tests/test_websockets.py,test_websocket_iter_bytes,supported,starlette.websockets.WebSocket,"Construct the app, route, or WebSocket scope for this behavior family and supply these request/event inputs in order: websocket_connect('/'), send_bytes(b'Hello, world!').",websocket.messages; websocket.close_code,backlog,,,tests/test_websockets.py:183; tests/conftest.py:test_client_factory
websockets.test_websocket_iter_json,upstream_test,tests/test_websockets.py,test_websocket_iter_json,supported,starlette.websockets.WebSocket,"Construct the app, route, or WebSocket scope for this behavior family and supply these request/event inputs in order: websocket_connect('/'), send_json({'hello': 'world'}).",websocket.messages; websocket.close_code,backlog,,,tests/test_websockets.py:197; tests/conftest.py:test_client_factory
websockets.test_websocket_iter_text,upstream_test,tests/test_websockets.py,test_websocket_iter_text,supported,starlette.websockets.WebSocket,"Construct the app, route, or WebSocket scope for this behavior family and supply these request/event inputs in order: websocket_connect('/'), send_text('Hello, world!').",websocket.messages; websocket.close_code,backlog,,,tests/test_websockets.py:169; tests/conftest.py:test_client_factory
websockets.test_websocket_port,upstream_test,tests/test_websockets.py,test_websocket_port,supported,starlette.websockets.WebSocket,"Construct the app, route, or WebSocket scope for this behavior family and supply these request/event inputs in order: websocket_connect('ws://example.com:123/123?a=abc').",websocket.messages; websocket.close_code; websocket.url,backlog,,,tests/test_websockets.py:105; tests/conftest.py:test_client_factory
websockets.test_websocket_query_params,upstream_test,tests/test_websockets.py,test_websocket_query_params,supported,starlette.websockets.WebSocket,"Construct the app, route, or WebSocket scope for this behavior family and supply these request/event inputs in order: websocket_connect('/?a=abc&b=456').",websocket.messages; websocket.close_code; websocket.query_params,backlog,,,tests/test_websockets.py:64; tests/conftest.py:test_client_factory
websockets.test_websocket_send_and_receive_bytes,upstream_test,tests/test_websockets.py,test_websocket_send_and_receive_bytes,supported,starlette.websockets.WebSocket,"Construct the app, route, or WebSocket scope for this behavior family and supply these request/event inputs in order: websocket_connect('/'), send_bytes(b'Hello, world!').",websocket.messages; websocket.close_code,backlog,,,tests/test_websockets.py:135; tests/conftest.py:test_client_factory
websockets.test_websocket_send_and_receive_json,upstream_test,tests/test_websockets.py,test_websocket_send_and_receive_json,supported,starlette.websockets.WebSocket,"Construct the app, route, or WebSocket scope for this behavior family and supply these request/event inputs in order: websocket_connect('/'), send_json({'hello': 'world'}).",websocket.messages; websocket.close_code,backlog,,,tests/test_websockets.py:152; tests/conftest.py:test_client_factory
websockets.test_websocket_send_and_receive_text,upstream_test,tests/test_websockets.py,test_websocket_send_and_receive_text,supported,starlette.websockets.WebSocket,"Construct the app, route, or WebSocket scope for this behavior family and supply these request/event inputs in order: websocket_connect('/'), send_text('Hello, world!').",websocket.messages; websocket.close_code,backlog,,,tests/test_websockets.py:118; tests/conftest.py:test_client_factory
websockets.test_websocket_url,upstream_test,tests/test_websockets.py,test_websocket_url,supported,starlette.websockets.WebSocket,"Construct the app, route, or WebSocket scope for this behavior family and supply these request/event inputs in order: websocket_connect('/123?a=abc').",websocket.messages; websocket.close_code; websocket.url,backlog,,,tests/test_websockets.py:18; tests/conftest.py:test_client_factory
