backlog_id,source_kind,source_path,source_item,api_disposition,requirement_ids,stimulus_summary,observation_selectors,fixture_status,fixture_path,exclusion_reason,evidence_refs
asgi-core.concurrency.contextvars-sync-endpoint,upstream_test,tests/test_concurrency.py,test_accessing_context_from_threaded_sync_endpoint,supported,starlette.concurrency.run_in_threadpool;starlette.applications.Starlette,"Set a ContextVar in the caller context, invoke a synchronous endpoint through a Starlette request, and read that variable in the endpoint.",response bytes; context value observed in endpoint; caller/worker thread identities; exception type,backlog,,,tests/test_concurrency.py:33-46; starlette/concurrency.py:32-34; starlette/routing.py:50-56
asgi-core.docs.app-state-attributes,documentation,docs/applications.md,Storing state on the app instance,supported,starlette.applications.Starlette,"Assign arbitrary state to app.state, then have an endpoint read app state during a request.",app.state attributes; request.app identity; response fields; ASGI event order,backlog,,,docs/applications.md:57-66; starlette/applications.py:55-60
asgi-core.docs.debug-errors,documentation,docs/applications.md,Starlette(debug=True) application option,supported,starlette.applications.Starlette,Construct an app with debug enabled and an endpoint that raises an exception; invoke it through the application interface.,response status; headers/body; debug traceback fields; exception type,backlog,,,docs/applications.md:46-55; starlette/applications.py:25-26; tests/test_applications.py:test_app_debug
asgi-core.docs.lifespan-request-gate,documentation,docs/lifespan.md,Request service waits for startup and shutdown waits for connections and background tasks,supported,starlette.applications.Starlette;starlette.types.Lifespan;starlette.background.BackgroundTask,"Begin lifespan startup, hold its setup before yielding, keep an HTTP connection and a response background task active, then release setup/task/connection and send shutdown.",lifespan and HTTP event trace; connection open/close trace; background task start/finish trace; request completion timing; teardown timing,backlog,,,docs/lifespan.md:27-33; starlette/routing.py:639-664; starlette/responses.py:190-203
asgi-core.docs.lifespan-startup-shutdown,documentation,docs/lifespan.md,Lifespan context startup and shutdown,supported,starlette.applications.Starlette;starlette.types.Lifespan,"Register an async context-manager lifespan handler with startup resource acquisition, a yield point, and teardown; send lifespan startup and shutdown events.",lifespan receive/send event order; startup/teardown callback trace; exception type and payload,backlog,,,"docs/lifespan.md:2-25; starlette/applications.py:29,57; starlette/routing.py:639-664"
asgi-core.docs.lifespan-state-mapping-access,documentation,docs/lifespan.md,Mapping-style Request.state access and generic annotation,supported,starlette.requests.Request;starlette.applications.Starlette,Create a stateful app and invoke an endpoint that accesses a lifespan-provided value by mapping key; run a static type/API acceptance check for the generic state annotation.,request.state mapping lookup; type-check diagnostics; resolved endpoint annotation,backlog,,,docs/lifespan.md:76-115; starlette/types.py:20-22
asgi-core.docs.lifespan-task-group,documentation,docs/lifespan.md,Managing asynchronous tasks in lifespan with an AnyIO task group,supported,starlette.applications.Starlette;starlette.types.Lifespan,"Enter a lifespan handler that opens an AnyIO task group, starts a child task waiting on a controllable event, then exit the lifespan context and release any gates needed for teardown.",lifespan startup/shutdown trace; child task start/cancel/finalizer trace; task-group exception type/group; ASGI lifespan event order,backlog,,,docs/lifespan.md:27-33; starlette/routing.py:639-664; starlette/_utils.py:82-93
asgi-core.docs.threadpool-limiter-adjustment,documentation,docs/threadpool.md,Changing default thread limiter token count,supported,starlette.concurrency.run_in_threadpool,"Read the current default thread limiter, change its total token count, and submit concurrent blocking Starlette sync operations.",limiter total_tokens before/after; active worker count; task completion trace,backlog,,,docs/threadpool.md:21-32
asgi-core.docs.threadpool-limiter-default,documentation,docs/threadpool.md,Default thread pool token limit and shared capacity,supported,starlette.concurrency.run_in_threadpool,Submit more than one blocking Starlette sync operation concurrently alongside another AnyIO consumer using the current default thread limiter.,limiter total_tokens; active worker count over time; queue/wait durations; task completion trace,backlog,,,docs/threadpool.md:16-20; starlette/concurrency.py:32-34
asgi-core.docs.threadpool-sync-endpoint,documentation,docs/threadpool.md,Synchronous endpoint executes in thread pool,supported,starlette.concurrency.run_in_threadpool;starlette.applications.Starlette,Run a synchronous endpoint that blocks on a controllable event while an asynchronous task on the serving loop continues.,endpoint thread identity; event-loop task progress; response event order; exception type,backlog,,,docs/threadpool.md:3-14; starlette/concurrency.py:32-34; tests/test_concurrency.py:test_accessing_context_from_threaded_sync_endpoint
asgi-core.docs.threadpool-uploads,documentation,docs/threadpool.md,UploadFile file operations execute in thread pool,supported,starlette.datastructures.UploadFile;starlette.concurrency.run_in_threadpool,"Receive a multipart upload and perform UploadFile read, write, seek, and close operations while an asynchronous task records event-loop progress.",uploaded bytes; operation order; worker thread identity; event-loop task trace; exception type,backlog,,,"docs/threadpool.md:6-7,11-14; starlette/datastructures.py:457-476"
crosscut.removed-api-surface,api_behavior,docs/release-notes.md,Removed public names and signatures from Starlette 1.0 and earlier breaking releases,n/a,starlette.applications.Starlette;starlette.routing.Router;starlette.routing.iscoroutinefunction_or_partial;starlette.templating.Jinja2Templates;starlette.templating.Jinja2Templates.get_env;starlette.responses.FileResponse;starlette.responses.UJSONResponse;starlette.testclient.TestClient;starlette.testclient.TestClient.async_backend;starlette.middleware.exceptions.ExceptionMiddleware;starlette.middleware.wsgi.WSGIMiddleware;starlette.status,Inspect lifecycle callback/decorator names and Router lifecycle methods; legacy Jinja2Templates signatures and get_env(); FileResponse.method; UJSONResponse; TestClient.allow_redirects and async_backend; WSGIMiddleware(workers=...); GraphQLApp; the ExceptionMiddleware import proxy; routing.iscoroutinefunction_or_partial(); and removed WebSocket status aliases across their former import paths.,module attribute presence; constructor and method signatures; import-path resolution; replacement API availability,backlog,,,docs/release-notes.md:173-196;docs/release-notes.md:413-432;docs/release-notes.md:953-984;docs/release-notes.md:969-977;docs/release-notes.md:1013-1020;docs/release-notes.md:1034-1041
data-auth-errors.api.state-container,api_behavior,starlette/datastructures.py,State application/request state container,supported,starlette.datastructures.State;starlette.requests.Request.state;starlette.applications.Starlette.state,"Initialize application lifespan state, expose it through application/request state, then exercise attribute and mapping-style read, write, delete, iteration, and length operations.",state values; key iteration; length; missing-key and missing-attribute exception selectors; lifespan-to-request propagation,backlog,,,starlette/datastructures.py:664-704;starlette/applications.py:56-56;docs/requests.md:176-179;docs/lifespan.md:76-120;docs/release-notes.md:226-256
data-auth-errors.auth.custom-error,upstream_test,tests/test_authentication.py,test_custom_on_error,supported,starlette.authentication.AuthenticationError,Configure custom auth-error callback; issue valid and malformed Basic credential requests.,response status; content type; JSON keys; error text selector,backlog,,,tests/test_authentication.py::test_custom_on_error;docs/authentication.md:175-195
data-auth-errors.auth.invalid-decorator,upstream_test,tests/test_authentication.py,test_invalid_decorator_usage,supported,starlette.authentication.requires,Apply requires to a function accepting neither request nor websocket.,exception class; message; decorator-construction stage,backlog,,,tests/test_authentication.py::test_invalid_decorator_usage;starlette/authentication.py:25-42;docs/authentication.md:82-92
data-auth-errors.auth.redirect,upstream_test,tests/test_authentication.py,test_authentication_redirect,supported,starlette.authentication.requires,Access sync and async protected endpoints with named redirect target; request without and with credentials.,response status; redirect location and URL; next query value; body fields,backlog,,,tests/test_authentication.py::test_authentication_redirect;starlette/authentication.py:60-96;docs/authentication.md:105-159
data-auth-errors.auth.required-invalid-credentials,upstream_test,tests/test_authentication.py,test_authentication_required,supported,starlette.authentication.AuthenticationError,Send malformed Basic Authorization input to a protected HTTP endpoint.,response status/body; authentication-error handler selectors,backlog,,,tests/test_authentication.py::test_authentication_required;starlette/authentication.py:101-103;docs/authentication.md:20-36
data-auth-errors.auth.required-routes,upstream_test,tests/test_authentication.py,test_authentication_required,supported,starlette.authentication.requires,"Configure protected async, sync, class-based, and decorator-wrapped endpoints; issue requests with and without the required scope.",response status/body fields; route and endpoint form,backlog,,,tests/test_authentication.py::test_authentication_required;starlette/authentication.py:25-96;docs/authentication.md:80-120
data-auth-errors.auth.user-interface,upstream_test,tests/test_authentication.py,test_user_interface,supported,starlette.authentication.AuthenticationBackend;starlette.authentication.AuthCredentials;starlette.authentication.BaseUser;starlette.authentication.SimpleUser;starlette.authentication.UnauthenticatedUser,Mount an authentication backend on an HTTP route; issue requests without credentials and with valid Basic credentials.,response status; auth flag; display name; auth scopes,backlog,,,tests/test_authentication.py::test_user_interface;starlette/authentication.py:101-149;docs/authentication.md:1-78
data-auth-errors.auth.websocket-required,upstream_test,tests/test_authentication.py,test_websocket_authentication_required,supported,starlette.authentication.requires;starlette.authentication.AuthCredentials;starlette.authentication.SimpleUser,"Connect to plain and wrapped WebSocket routes without credentials, with malformed credentials, and with valid Basic credentials.",accept/close events; close code; user fields; JSON fields,backlog,,,tests/test_authentication.py::test_websocket_authentication_required;starlette/authentication.py:43-58;docs/authentication.md:118-120
data-auth-errors.config.encoding,upstream_test,tests/test_config.py,test_config_with_encoding,supported,starlette.config.Config,Create an env file with non-ASCII text and read it with an explicit encoding.,decoded string; decoding exception selectors for incompatible encoding,backlog,,,tests/test_config.py::test_config_with_encoding;starlette/config.py:49-64;starlette/config.py:111-121;docs/config.md:123-133
data-auth-errors.config.environ,upstream_test,tests/test_config.py,test_environ,uncertain,starlette.config.environ;starlette.config.Environ;starlette.config.EnvironError,"Use a controlled process environment with unique keys and Environ() backed by its default os.environ mapping; set/delete keys before reads, then attempt writes/deletes after reads; iterate and obtain length.",mapping operations; iteration keys; length; exception class/message,backlog,,,tests/test_config.py::test_environ;starlette/config.py:14-44;docs/config.md:85-103
data-auth-errors.config.missing-file-warning,upstream_test,tests/test_config.py,test_missing_env_file_raises,supported,starlette.config.Config,Construct Config with a nonexistent env-file path while capturing warnings.,warning category/message/source location; Config state,backlog,,,tests/test_config.py::test_missing_env_file_raises;starlette/config.py:49-64
data-auth-errors.config.precedence-casts,upstream_test,tests/test_config.py,test_config,supported,starlette.config.Config;starlette.datastructures.Secret;starlette.datastructures.URL,"Provide an env file with multiple keys, comments, and blank lines plus an explicit environment mapping; request casts, defaults, and missing keys.",chosen source; parsed values; cast types; missing-key error; Secret repr/string/truth; URL components,backlog,,,tests/test_config.py::test_config;starlette/config.py:49-140;docs/config.md:7-59
data-auth-errors.config.prefix,upstream_test,tests/test_config.py,test_config_with_env_prefix,supported,starlette.config.Config,Construct Config with an environment mapping and prefix; request a prefixed key and an unprefixed-only key.,lookup result; missing-key exception/message,backlog,,,tests/test_config.py::test_config_with_env_prefix;starlette/config.py:49-109;docs/config.md:105-121
data-auth-errors.config.types-cast-errors,upstream_test,tests/test_config.py,test_config_types,supported,starlette.config.Config.__call__,Call Config with integer casts whose supplied/default values are not convertible.,exception class; cast name/value context selectors,backlog,,,tests/test_config.py::test_config_types;starlette/config.py:123-140
data-auth-errors.doc.auth.basic-backend,documentation,docs/authentication.md,Basic authentication backend and middleware,supported,starlette.authentication.AuthenticationBackend;starlette.authentication.AuthCredentials;starlette.authentication.AuthenticationError;starlette.authentication.SimpleUser,"Exercise backend inputs with absent, valid, wrong-scheme, malformed, and non-ASCII credentials; mount it on HTTP and access auth/user state.",backend inputs; credential scopes; exception path; response status/body; user state,backlog,,,docs/authentication.md:1-53
data-auth-errors.doc.auth.class-endpoint,documentation,docs/authentication.md,Class-based endpoints,supported,starlette.authentication.requires,Decorate an HTTP endpoint class method and issue requests with and without required credentials.,response status; method invocation; user/auth fields,backlog,,,docs/authentication.md:161-173
data-auth-errors.doc.auth.credentials,documentation,docs/authentication.md,AuthCredentials,supported,starlette.authentication.AuthCredentials.scopes,Construct credentials with absent and multiple scopes and expose them as connection auth state.,credential scope sequence; request.auth selector,backlog,,,docs/authentication.md:69-78
data-auth-errors.doc.auth.custom-error,documentation,docs/authentication.md,Custom authentication error responses,supported,starlette.authentication.AuthenticationError,Configure a custom authentication error callback; submit malformed credentials.,callback invocation; response status; content type; body keys,backlog,,,docs/authentication.md:175-195
data-auth-errors.doc.auth.custom-status,documentation,docs/authentication.md,Permissions: customized status code,supported,starlette.authentication.requires,Decorate an HTTP endpoint with a non-default denial status and request it without required scopes.,response status; headers/body; endpoint invocation,backlog,,,docs/authentication.md:105-120
data-auth-errors.doc.auth.redirect-next,documentation,docs/authentication.md,Permissions: redirect and next URL,supported,starlette.authentication.requires;starlette.responses.RedirectResponse,Decorate a route with a named redirect target; request protected URL without credentials and then access the redirect target with its continuation value.,response status; redirect location; next query selector; destination URL,backlog,,,docs/authentication.md:122-159
data-auth-errors.doc.auth.required-scopes,documentation,docs/authentication.md,Permissions: required scopes and default denial,supported,starlette.authentication.requires,"Decorate sync and async HTTP endpoints with one and multiple scopes; issue requests with no, partial, and complete credentials.",response status; endpoint invocation; response content selectors,backlog,,,docs/authentication.md:80-105
data-auth-errors.doc.auth.users,documentation,docs/authentication.md,Users,supported,starlette.authentication.BaseUser;starlette.authentication.SimpleUser;starlette.authentication.UnauthenticatedUser,Install authentication middleware and access built-in authenticated/unauthenticated users and a custom BaseUser.,authentication flag; display name; selected request user type,backlog,,,docs/authentication.md:55-67
data-auth-errors.doc.auth.websocket-denial,documentation,docs/authentication.md,Permissions: WebSocket denial status,supported,starlette.authentication.requires,Decorate WebSocket endpoint with custom denial status; connect without the required scope.,handshake status if exposed; accept/close events; close code,backlog,,,docs/authentication.md:118-120
data-auth-errors.doc.config.encoding,documentation,docs/config.md,Custom encoding for environment files,supported,starlette.config.Config,Create env files with non-ASCII values and set file encoding explicitly.,decoded value; decoding exception selectors for incompatible encoding,backlog,,,docs/config.md:123-133;starlette/config.py:49-64
data-auth-errors.doc.config.env-file,documentation,docs/config.md,Environment-file example and parsing,supported,starlette.config.Config,"Read an env file with comments, blank lines, embedded equals, and quoted or whitespace-padded values.",parsed keys/values; warning selector for absent file,backlog,,,docs/config.md:4-33;starlette/config.py:111-121
data-auth-errors.doc.config.environ,documentation,docs/config.md,Reading or modifying the environment,supported,starlette.config.environ,"Set/read/delete environment entries through environ, then attempt changes to keys already read by Config.",mapping state; mutation error; iteration/length; access order,backlog,,,docs/config.md:85-103;starlette/config.py:14-44
data-auth-errors.doc.config.precedence,documentation,docs/config.md,Configuration precedence,supported,starlette.config.Config,"Supply a key through environment, env file, and default; request an absent key with and without a default.",selected source; cast result; missing-key exception,backlog,,,docs/config.md:1-43
data-auth-errors.doc.config.prefix,documentation,docs/config.md,Reading prefixed environment variables,supported,starlette.config.Config,Construct Config with prefix and provide prefixed/unprefixed keys; request each logical lookup.,lookup value; missing-key exception/message,backlog,,,docs/config.md:105-121
data-auth-errors.doc.exceptions.handled-vs-error,documentation,docs/exceptions.md,Errors and handled exceptions,supported,starlette.exceptions.HTTPException;starlette.middleware.errors.ServerErrorMiddleware,"Exercise HTTPException and unrelated application errors before/after response start, including a background-task error.",classification; middleware traversal; response-start state; client response; bubbled exception,backlog,,,docs/exceptions.md:76-114
data-auth-errors.doc.exceptions.headers,documentation,docs/exceptions.md,HTTPException headers,supported,starlette.exceptions.HTTPException.headers,Raise HTTPException with headers and configure handler to pass them into a response.,exception mapping; response headers; status/body,backlog,,,docs/exceptions.md:53-63
data-auth-errors.doc.exceptions.websocket-contract,documentation,docs/exceptions.md,WebSocketException contract,supported,starlette.exceptions.WebSocketException,Construct WebSocketException with omitted and supplied reasons and raise in a WebSocket endpoint.,code/reason; string form; close/handshake events,backlog,,,docs/exceptions.md:143-149;starlette/exceptions.py:23-33
data-auth-errors.doc.exceptions.websocket-handler,documentation,docs/exceptions.md,WebSocketException handling,supported,starlette.exceptions.WebSocketException,Register a WebSocketException handler and raise from a WebSocket endpoint with code/reason inputs.,handler invocation; close event; code/reason selectors,backlog,,,docs/exceptions.md:65-74;docs/exceptions.md:143-149
data-auth-errors.ds.test_formdata,upstream_test,tests/test_datastructures.py,test_formdata,supported,starlette.datastructures.FormData,"Construct FormData from repeated text fields and an UploadFile, then from a mapping, pair sequence, and existing FormData.",membership/lookup; duplicate list; mapping views; length; equality; repr,backlog,,,tests/test_datastructures.py::test_formdata;starlette/datastructures.py:482-498;docs/requests.md:135-162
data-auth-errors.ds.test_multidict,upstream_test,tests/test_datastructures.py,test_multidict,uncertain,starlette.datastructures.MultiDict,"Construct repeated-key MultiDict; exercise mapping reads, duplicate access, mutation, deletion, pop variants, clear, setlist, setdefault, append, and update inputs.",mapping views; duplicate order; mutator effects; equality; repr; exceptions,backlog,,,tests/test_datastructures.py::test_multidict;starlette/datastructures.py:253-375;docs/release-notes.md:1157-1158
data-auth-errors.ds.test_upload_file_input,upstream_test,tests/test_datastructures.py,test_upload_file_file_input,supported,starlette.datastructures.UploadFile,"Construct UploadFile over an in-memory byte stream with an initial size; read, append bytes, seek, and read again.",read bytes; file position; size; metadata,backlog,,,tests/test_datastructures.py::test_upload_file_file_input;starlette/datastructures.py:410-479;docs/requests.md:138-154
data-auth-errors.ds.test_upload_file_repr,upstream_test,tests/test_datastructures.py,test_upload_file_repr,supported,starlette.datastructures.UploadFile.__repr__,"Construct UploadFile with filename, in-memory file, explicit size, and default headers; request repr().",representation; size; headers,backlog,,,tests/test_datastructures.py::test_upload_file_repr;starlette/datastructures.py:415-479;docs/release-notes.md:650-650
data-auth-errors.ds.test_upload_file_repr_headers,upstream_test,tests/test_datastructures.py,test_upload_file_repr_headers,supported,starlette.datastructures.UploadFile.__repr__,Construct UploadFile with explicit headers and no size; request repr().,representation; size; selected header values,backlog,,,tests/test_datastructures.py::test_upload_file_repr_headers;starlette/datastructures.py:415-479;docs/requests.md:138-144
data-auth-errors.ds.test_upload_file_without_size,upstream_test,tests/test_datastructures.py,test_upload_file_without_size,supported,starlette.datastructures.UploadFile,"Construct UploadFile over an in-memory stream without a size; read, append, seek, and reread.",read bytes; size presence; file position,backlog,,,tests/test_datastructures.py::test_upload_file_without_size;starlette/datastructures.py:410-479;docs/requests.md:138-154
data-auth-errors.ds.test_uploadfile_rolling,upstream_test,tests/test_datastructures.py,test_uploadfile_rolling,supported,starlette.datastructures.UploadFile,"Use SpooledTemporaryFile thresholds 1 byte (`rolled`) and 1024 bytes (`unrolled`); read, append, seek, reread, and close.",rollover state; read/write/seek; size; close; I/O error selectors,backlog,,,tests/test_datastructures.py::test_uploadfile_rolling;starlette/datastructures.py:428-476;docs/requests.md:142-154
data-auth-errors.exc.force-500,upstream_test,tests/test_exceptions.py,test_force_500_response,supported,starlette.middleware.errors.ServerErrorMiddleware,Use a minimal ASGI application that records invocation and raises RuntimeError; configure client to retain a server-error response.,app invocation; response status/body/headers,backlog,,,tests/test_exceptions.py::test_force_500_response;docs/exceptions.md:78-105
data-auth-errors.exc.handler-registration,upstream_test,tests/test_exceptions.py,test_handlers_annotations,supported,starlette.exceptions.HTTPException,Register synchronous and asynchronous catch-all handlers on ExceptionMiddleware.,handler registry construction; exception key; callable classification,backlog,,,tests/test_exceptions.py::test_handlers_annotations;starlette/middleware/exceptions.py:19-34
data-auth-errors.exc.http-repr,upstream_test,tests/test_exceptions.py,test_http_repr,uncertain,starlette.exceptions.HTTPException.__repr__,Construct base and subclass HTTPException values with default and supplied detail; request repr().,representation; dynamic class name; status/detail selectors,backlog,,,tests/test_exceptions.py::test_http_repr;starlette/exceptions.py:18-20
data-auth-errors.exc.http-str,upstream_test,tests/test_exceptions.py,test_http_str,supported,starlette.exceptions.HTTPException.__str__,"Construct HTTPException with status only, supplied detail, and headers; request str().",string form; status; detail,backlog,,,tests/test_exceptions.py::test_http_str;starlette/exceptions.py:7-16;docs/release-notes.md:721-721
data-auth-errors.exc.websocket-repr,upstream_test,tests/test_exceptions.py,test_websocket_repr,uncertain,starlette.exceptions.WebSocketException.__repr__,Construct base and subclass WebSocketException values with supplied reasons; request repr().,representation; dynamic class name; code/reason,backlog,,,tests/test_exceptions.py::test_websocket_repr;starlette/exceptions.py:31-33
data-auth-errors.exc.websocket-str,upstream_test,tests/test_exceptions.py,test_websocket_str,supported,starlette.exceptions.WebSocketException.__str__,Construct WebSocketException with omitted and supplied reason values; request str().,string form; code; reason,backlog,,,tests/test_exceptions.py::test_websocket_str;starlette/exceptions.py:23-29;docs/release-notes.md:721-721
data-auth-errors.exc.websocket-unhandled-error,upstream_test,tests/test_exceptions.py,test_websockets_should_raise,supported,starlette.middleware.exceptions.ExceptionMiddleware,Raise unhandled RuntimeError during a WebSocket endpoint and connect with a client.,server exception class/message; WebSocket event sequence; disconnect/close,backlog,,,tests/test_exceptions.py::test_websockets_should_raise;docs/exceptions.md:78-90
data-auth-errors.status.alias-lifecycle,deprecation,starlette/status.py,deprecated alias lifecycle,supported,starlette.status.HTTP_413_REQUEST_ENTITY_TOO_LARGE;starlette.status.HTTP_414_REQUEST_URI_TOO_LONG;starlette.status.HTTP_416_REQUESTED_RANGE_NOT_SATISFIABLE;starlette.status.HTTP_422_UNPROCESSABLE_ENTITY,Inspect each legacy status name through module directory and attribute lookup alongside its canonical name.,alias discoverability; attribute presence; resolved-value selector; lifecycle metadata,backlog,,,starlette/status.py:182-211;tests/test_status.py::test_deprecated_types
data-auth-errors.status.alias-warning-metadata,deprecation,starlette/status.py,deprecated alias warning metadata,uncertain,starlette.status.HTTP_413_REQUEST_ENTITY_TOO_LARGE;starlette.status.HTTP_414_REQUEST_URI_TOO_LONG;starlette.status.HTTP_416_REQUESTED_RANGE_NOT_SATISFIABLE;starlette.status.HTTP_422_UNPROCESSABLE_ENTITY;starlette.exceptions.StarletteDeprecationWarning,Access each legacy alias at a stable helper call site while capturing its warning record.,warning count/category/message; warning filename/line; caller frame selected by stacklevel,backlog,,,starlette/status.py:190-205;starlette/exceptions.py:36-43;tests/test_status.py::test_deprecated_types
data-auth-errors.status.deprecated-tested,upstream_test,tests/test_status.py,test_deprecated_types,supported,starlette.status.HTTP_413_REQUEST_ENTITY_TOO_LARGE;starlette.status.HTTP_414_REQUEST_URI_TOO_LONG,Resolve legacy 413 and 414 names through status module lookup while recording warnings.,warning count/category/message; caller location; resolved numeric value,backlog,,,tests/test_status.py::test_deprecated_types;starlette/status.py:182-207
data-auth-errors.status.exported-constants,api_behavior,starlette/status.py,__all__,supported,starlette.status.HTTP_*;starlette.status.WS_*,Resolve names selected from the pinned module export list.,exported name set; resolved values; import/attribute error selectors,backlog,,,starlette/status.py:15-94;starlette/status.py:96-180
data-auth-errors.status.unknown-name,upstream_test,tests/test_status.py,test_unknown_status,supported,starlette.status.__getattr__,Resolve the unknown name `HTTP_999_UNKNOWN_STATUS_CODE` through status module attribute lookup.,exception class/message; queried name,backlog,,,tests/test_status.py::test_unknown_status;starlette/status.py:190-207
doc.index.optional-dependency-matrix,documentation,docs/index.md,Dependencies section and starlette[full] extra,n/a,dependency.core; dependency.full; optional.httpx2; optional.jinja2; optional.python-multipart; optional.itsdangerous; optional.pyyaml,"Install the base distribution and the full extra in isolated environments, then inspect metadata and exercise the dependent entry points with each optional package present/absent. SessionMiddleware runtime behavior is covered by the middleware stream.",required/extra dependency metadata; module import outcome; feature entry-point outcome; exception or warning category/message,backlog,,,docs/index.md:99;pyproject.toml:33
doc.schemas.openapi-response,documentation,docs/schemas.md,SchemaGenerator.OpenAPIResponse endpoint,supported,starlette.schemas.SchemaGenerator.OpenAPIResponse,Attach the documented schema response operation to a route and issue an HTTP request to the schema endpoint.,response status; media type; serialized body; ASGI response events,backlog,,,docs/schemas.md:37;starlette/schemas.py:112
doc.schemas.route-docstring-generation,documentation,docs/schemas.md,Schema generation from route metadata,supported,starlette.schemas.SchemaGenerator.get_schema,"Construct function and class endpoints with YAML docstrings, nested mounts and a host route; request schema generation against the route tree.",schema paths and operations; included/excluded endpoints; normalized converter paths; parsed docstring content,backlog,,,docs/schemas.md:1;starlette/schemas.py:36
doc.staticfiles.basic-mount,documentation,docs/staticfiles.md,StaticFiles directory serving and Mount usage,supported,starlette.staticfiles.StaticFiles,"Create a directory asset, configure a path-like root, mount it under a prefix, and request the mounted asset.",mount path mapping; response status; headers; body bytes,backlog,,,docs/staticfiles.md:5;docs/staticfiles.md:21
doc.staticfiles.methods-and-symlinks,documentation,docs/staticfiles.md,"StaticFiles method, startup check, and symlink configuration",supported,starlette.staticfiles.StaticFiles,"Exercise GET and HEAD for rooted files; vary check_dir and follow_symlink with existing, missing, and symlinked paths.",constructor errors; response status; content-length/body; path containment; resolved symlink behavior,backlog,,,docs/staticfiles.md:5;starlette/staticfiles.py:40
doc.templates.async-context-processor-constraint,documentation,docs/templates.md,Asynchronous context processors are unsupported,uncertain,starlette.templating.Jinja2Templates.context_processors,"Supply an async context processor and record whether construction or response rendering rejects, ignores, or awaits it; upstream docs state async processors are unsupported but do not define failure semantics.",processor await count; exception type/message; response status/body,backlog,,,docs/templates.md:97;starlette/templating.py:117
doc.templates.client-metadata,documentation,docs/templates.md,TestClient template and context attributes,supported,starlette.testclient.TestClient; starlette.templating.Jinja2Templates.TemplateResponse,"Render a template through TestClient and inspect the response template/context attributes, including the request value.",response extension data; template metadata; context keys and value types,backlog,,,docs/templates.md:121;starlette/testclient.py:340
doc.templates.environment-response,documentation,docs/templates.md,Preconfigured Jinja2 Environment,supported,starlette.templating.Jinja2Templates.__init__,"Build a Jinja2 Environment with a filesystem loader and custom filter, pass it to Jinja2Templates, then render.",environment loader and globals; rendered body; template lookup; filter application,backlog,,,docs/templates.md:63;docs/templates.md:72
doc.testclient.async-backend,documentation,docs/testclient.md,"asyncio, Trio, and backend options",supported,starlette.testclient.TestClient.__init__,"Run the same lifespan and request workload with asyncio defaults, Trio, and asyncio uvloop options where those runtimes are installed.",selected backend; startup/request/shutdown trace; backend setup or failure; task cleanup,backlog,,,docs/testclient.md:142;starlette/testclient.py:382
doc.testclient.http-interface,documentation,docs/testclient.md,HTTP requests through TestClient,supported,starlette.testclient.TestClient,"Use the synchronous client against a small ASGI app; exercise GET/POST, client defaults and per-call headers, authentication/cookies, query, redirects, and file uploads.",request scope and body; client/per-call headers; response status/headers/body; redirect history; cookie jar,backlog,,,docs/testclient.md:12;docs/testclient.md:36;docs/testclient.md:56;starlette/testclient.py:377
docs.index.bare-asgi-response,documentation,docs/index.md,Framework or Toolkit: bare ASGI app returning PlainTextResponse,supported,starlette.responses.PlainTextResponse;starlette.types.ASGIApp,"Invoke an async three-argument ASGI callable directly with an HTTP scope, receive callable, and send collector; the app constructs and awaits PlainTextResponse.",response_status; ordered_repeated_headers; response_bytes; asgi_event_order; exception_type_and_observable_payload,backlog,,,docs/index.md:111-134;starlette/responses.py;starlette/types.py;tests/test_responses.py:test_text_response
docs.index.routed-json-example,documentation,docs/index.md,Example: Starlette application with a GET route and JSONResponse,supported,starlette.applications.Starlette;starlette.responses.JSONResponse;starlette.routing.Route,"Construct the documented Starlette app with debug enabled, a GET / route, and an endpoint returning JSONResponse; issue an HTTP GET request.",response_status; ordered_repeated_headers; response_json_value; asgi_event_order; application_scope,backlog,,,docs/index.md:76-97;starlette/applications.py;starlette/routing.py;starlette/responses.py;tests/test_applications.py:test_func_route;tests/test_responses.py:test_json_none_response
docs.release-notes.1.6-body-limit,documentation,docs/release-notes.md,1.6.0: max_body_size on Starlette and route classes,supported,starlette.applications.Starlette.max_body_size;starlette.routing.Route.max_body_size;starlette.routing.Mount.max_body_size;starlette.routing.Router.max_body_size;starlette.middleware.body_limit.RequestBodyLimitMiddleware,"Build an app with configured application, route, mount, and router body limits. Supply request bodies with and without Content-Length, fragmented chunks, nested scope limits, and middleware that defers response start.",response_status; ordered_repeated_headers; response_bytes; ASGI receive/send event order; route/application scope limits; exception_type_and_observable_payload; cleanup,backlog,,,"docs/release-notes.md:5-10;starlette/applications.py:31,52,75-76;starlette/routing.py:207,372,584;starlette/middleware/body_limit.py;tests/middleware/test_body_limit.py:test_body_size_limit;tests/middleware/test_body_limit.py:test_received_bytes_are_counted_without_content_length;tests/middleware/test_body_limit.py:test_route_can_raise_application_limit;tests/middleware/test_body_limit.py:test_mount_can_override_application_limit"
docs.release-notes.1.6-response-debug,documentation,docs/release-notes.md,1.6.0: expose http.response.debug in response extensions,supported,starlette.testclient.TestClient;ASGI http.response.debug extension,Invoke a test app that emits http.response.debug with structured info and then sends a normal HTTP response; repeat through the documented template integration.,response extensions; response_status; ordered_repeated_headers; response_bytes; ASGI event order,backlog,,,"docs/release-notes.md:5-10;starlette/middleware/base.py:153,222;tests/test_testclient.py:test_debug_info_in_response_extensions;tests/test_testclient.py:test_debug_info_in_response_extensions_with_template"
docs.requests.body,documentation,docs/requests.md,Request body bytes,supported,starlette.requests.Request.body,Deliver body through zero or more ASGI request messages and call body().,body bytes;receive call count/order;exception type,backlog,,,docs/requests.md:77-82
docs.requests.complete-body-limit,documentation,docs/requests.md,Complete request body size limit including multipart overhead,supported,starlette.applications.Starlette.max_body_size;starlette.middleware.body_limit.RequestBodyLimitMiddleware,"Configure max_body_size at app/router/mount/route or middleware and submit bodies with or without Content-Length using single and multi-message delivery, including multipart overhead.",response status/headers/body;bytes/messages received;limit behavior;exception type;ASGI event order,backlog,,,docs/requests.md:125-133
docs.requests.form-limits,documentation,docs/requests.md,URL-encoded/multipart form parsing and limits,supported,starlette.requests.Request.form;starlette.datastructures.FormData,"Send URL-encoded and multipart fields/files; vary max_files, max_fields, max_part_size around their configured limits.",form entry keys/order/types;limit inputs;exception type/message;receive events,backlog,,,docs/requests.md:112-136
docs.requests.headers,documentation,docs/requests.md,Immutable case-insensitive multi-dict headers,supported,starlette.requests.Request,Provide mixed-case repeated header fields; look up/enumerate and attempt mutation.,header lookup;raw repeated fields;mutation result/exception,backlog,,,docs/requests.md:43-47
docs.requests.json,documentation,docs/requests.md,Request JSON body parsing,supported,starlette.requests.Request.json,Send JSON body in one or more ASGI messages and await json().,parsed JSON type/structure;body cache;exception type,backlog,,,docs/requests.md:77-106
docs.requests.multipart-no-filename,documentation,docs/requests.md,Multipart field without filename,supported,starlette.requests.Request.form;starlette.datastructures.FormData,Send file-like multipart part with a name and content but omit filename from Content-Disposition.,form value type/content;UploadFile presence;exception type,backlog,,,docs/requests.md:164-170
docs.requests.path-params,documentation,docs/requests.md,Path parameter dictionary,supported,starlette.requests.Request,Place named path_params in router scope and read selected entries.,path_params keys/values;lookup exception,backlog,,,docs/requests.md:55-59
docs.requests.stream,documentation,docs/requests.md,Request stream and consumption behavior,supported,starlette.requests.Request.stream,Send a multi-chunk request; iterate stream then attempt body/form/json on same Request.,chunk sequence;body cache;follow-up result/exception type,backlog,,,docs/requests.md:88-110
docs.requests.url-components,documentation,docs/requests.md,URL string and parsed components,supported,starlette.requests.Request,"Supply scheme, host, path, query, and optional port in scope; inspect URL string-like value and components.",URL string;scheme/host/port/path/query,backlog,,,docs/requests.md:34-41
docs.responses.base,documentation,docs/responses.md,Response content/status/headers/media type and ASGI call,supported,starlette.responses.Response,"Construct Response from string or bytes with status, custom headers, media type; invoke ASGI call.",status;ordered headers;Content-Length/Type;body bytes;ASGI event order,backlog,,,docs/responses.md:5-28
docs.responses.charset,documentation,docs/responses.md,Automatic text charset and explicit charset,supported,starlette.responses.Response,Construct text response with charset omitted and with charset supplied in media_type.,Content-Type value;Content-Length;body bytes,backlog,,,docs/responses.md:16-20
docs.responses.file-metadata,documentation,docs/responses.md,"FileResponse media type, disposition, and file metadata",supported,starlette.responses.FileResponse,"Serve temporary regular files with inferred/explicit media type, custom headers, download filename, and inline/attachment mode.",status;Content-Type/Disposition/Length/Last-Modified/ETag;body bytes,backlog,,,docs/responses.md:163-187
docs.responses.file-ranges,documentation,docs/responses.md,FileResponse byte ranges and invalid-range responses,supported,starlette.responses.FileResponse,"Serve a file with absent, satisfiable single/multiple/suffix byte ranges, invalid ranges, and unsupported units.",status;Accept-Ranges;Content-Range;Content-Length;multipart segments;body bytes;exception fields,backlog,,,docs/responses.md:188-193
docs.responses.html,documentation,docs/responses.md,HTMLResponse,supported,starlette.responses.HTMLResponse,Construct HTMLResponse from text or bytes and invoke over HTTP ASGI.,status;Content-Type;Content-Length;body bytes;ASGI event order,backlog,,,docs/responses.md:54-68
docs.responses.json,documentation,docs/responses.md,JSONResponse encoding,supported,starlette.responses.JSONResponse,Construct JSONResponse from nested JSON-compatible values and invoke over HTTP ASGI.,status;Content-Type;response body bytes;serialization exception,backlog,,,docs/responses.md:82-94
docs.responses.json-render,documentation,docs/responses.md,Custom JSONResponse render override,supported,starlette.responses.JSONResponse.render,Subclass JSONResponse and override render(content) with deterministic serializer; construct and invoke.,render input/call trace;rendered bytes;response headers/body;exception,backlog,,,docs/responses.md:96-118
docs.responses.plain-text,documentation,docs/responses.md,PlainTextResponse,supported,starlette.responses.PlainTextResponse,Construct PlainTextResponse from text or bytes and invoke over HTTP ASGI.,status;Content-Type;Content-Length;body bytes;ASGI event order,backlog,,,docs/responses.md:68-80
docs.responses.redirect,documentation,docs/responses.md,Redirect URL and default status,supported,starlette.responses.RedirectResponse,Construct redirects for relative and encoded URL targets with default and explicit status.,status;Location header;Content-Length;body bytes,backlog,,,docs/responses.md:120-134
docs.responses.set-cookie,documentation,docs/responses.md,Cookie attributes including partitioned option,supported,starlette.responses.Response.set_cookie,"Set cookie using max-age, expires, path, domain, secure, HttpOnly, SameSite, and partitioned options.",Set-Cookie fields/order;Python version;exception type,backlog,,,docs/responses.md:30-45
docs.responses.streaming,documentation,docs/responses.md,StreamingResponse with async/sync/file-like iterators,supported,starlette.responses.StreamingResponse,"Stream async generator, sync iterator, and file-like iterator yielding multiple chunks; optionally attach background callable.",headers;body chunks/more_body;ASGI order;background trace;exception,backlog,,,docs/responses.md:137-161
endpoints.doc-ws-hooks,documentation,docs/endpoints.md,WebSocketEndpoint lifecycle hooks,supported,starlette.endpoints.WebSocketEndpoint,"Connect, send data, and disconnect while overriding on_connect, on_receive, and on_disconnect.",websocket.messages; websocket.close_code; lifecycle_and_cleanup_effects,backlog,,,docs/endpoints.md:65-85
middleware.alias.gzip-exclusion-constant,api_behavior,starlette/middleware/gzip.py,DEFAULT_EXCLUDED_CONTENT_TYPES future rename TODO,uncertain,starlette.middleware.gzip.DEFAULT_EXCLUDED_CONTENT_TYPES,Inspect the pinned module exports and GZipMiddleware default argument for both the current constant spelling and the singular spelling mentioned by the TODO; instantiate with default and custom exclusions.,exported symbol names; constructor default identity/value; import outcome,backlog,,,starlette/middleware/gzip.py:12-27;docs/middleware.md:269-280
middleware.docs.base-http-dispatch,documentation,docs/middleware.md,BaseHTTPMiddleware dispatch/call_next contract,supported,starlette.middleware.base.BaseHTTPMiddleware;starlette.middleware.base.BaseHTTPMiddleware.dispatch,"Define a subclass overriding async dispatch(request, call_next), configure it through Middleware, and issue HTTP requests to endpoints; include constructor configuration and keep per-request state local.",request attributes observed by dispatch; downstream call trace; response status/headers/body; ASGI event order,backlog,,,docs/middleware.md:282-342;starlette/middleware/base.py:96-203
middleware.docs.body-limit-raw-bytes,documentation,docs/middleware.md,RequestBodyLimitMiddleware raw-byte accounting,supported,starlette.middleware.body_limit.RequestBodyLimitMiddleware,"Configure a non-negative max_body_size; send bodies below and above the limit with Content-Length present, missing, and understated, including fragmented chunks and multipart file/encoding bytes.",response status/headers/body; receive event count; total body bytes; ASGI event order; multipart parser interaction,backlog,,,docs/middleware.md:211-239;docs/release-notes.md:5-10;starlette/middleware/body_limit.py:30-124
middleware.docs.cleanup-and-error-handling,documentation,docs/middleware.md,Middleware try/except/finally and context-manager cleanup,supported,starlette.types.ASGIApp,Wrap an app that succeeds or raises with middleware using cleanup/finally or an async context manager; vary HTTP and WebSocket scopes as needed.,entry/exit order; exception type/context; cleanup completion; ASGI event order,backlog,,,docs/middleware.md:659-685;tests/middleware/test_base.py:415-470
middleware.docs.cors-global-enforcement,documentation,docs/middleware.md,CORS wrapper around the complete app,supported,starlette.middleware.cors.CORSMiddleware;starlette.middleware.errors.ServerErrorMiddleware,Wrap the complete Starlette app in CORSMiddleware; send an Origin request to an endpoint that raises an unhandled exception.,response status; Access-Control-Allow-Origin and Vary headers; ASGI event order; exception propagation,backlog,,,docs/middleware.md:104-127;starlette/middleware/cors.py:78-97;starlette/middleware/errors.py:127-187
middleware.docs.cors-policy,documentation,docs/middleware.md,CORSMiddleware options and restrictive defaults,supported,starlette.middleware.cors.CORSMiddleware,"Configure origin lists or regex, methods, request headers, credentials, exposed headers, and max_age; send simple and OPTIONS preflight requests with Origin and Access-Control-Request-* headers.",response status; repeated CORS/Vary headers; downstream invocation; response event order,backlog,,,docs/middleware.md:50-95;starlette/middleware/cors.py:15-77
middleware.docs.eager-response-and-wrapping,documentation,docs/middleware.md,Eager responses and wrapping arbitrary ASGI applications,supported,starlette.middleware.Middleware;starlette.responses.RedirectResponse,"Wrap an ASGI app; send one request that matches a middleware-owned path mapping and one that falls through, plus a non-HTTP scope.",downstream invocation; response status/headers/body; event ordering by scope,backlog,,,docs/middleware.md:500-588;docs/middleware.md:773-787;starlette/middleware/__init__.py:21-37
middleware.docs.gzip-exclusions,documentation,docs/middleware.md,GZip content-type exclusions and passthrough cases,supported,starlette.middleware.gzip.GZipMiddleware;starlette.middleware.gzip.DEFAULT_EXCLUDED_CONTENT_TYPES,"Configure default, replaced, and wildcard exclude_content_types; return responses with matching, non-matching, pre-encoded, event-stream, and partial-content metadata.",Content-Encoding/Length/Vary headers; body bytes/chunks; status; ASGI event order,backlog,,,docs/middleware.md:274-280;docs/release-notes.md:19-32;starlette/middleware/gzip.py:13-27;starlette/middleware/gzip.py:105-169
middleware.docs.gzip-stream-and-thresholds,documentation,docs/middleware.md,GZip standard and streaming response behavior,supported,starlette.middleware.gzip.GZipMiddleware,"Configure minimum_size, compresslevel, and thread_minimum_size; send requests with and without gzip negotiation to standard and multi-chunk streaming endpoints at different chunk sizes.",response headers; response body/chunk sequence; ASGI event order; compression thread identity,backlog,,,docs/middleware.md:241-273;starlette/middleware/gzip.py:44-78;starlette/middleware/gzip.py:101-177
middleware.docs.https-and-websocket-redirect,documentation,docs/middleware.md,HTTP/WS secure-scheme redirection,supported,starlette.middleware.httpsredirect.HTTPSRedirectMiddleware,"Wrap an ASGI app and send request scopes over http, https, ws, and wss schemes with host/path data.",HTTP response status/headers and Location; downstream invocation; WebSocket event order,backlog,,,docs/middleware.md:162-181;starlette/middleware/httpsredirect.py:6-25
middleware.docs.middleware-data-helpers,documentation,docs/middleware.md,"Using Request, data structures, and Response inside ASGI middleware",supported,starlette.requests.Request;starlette.datastructures.Headers;starlette.datastructures.QueryParams;starlette.datastructures.URL;starlette.responses.Response,"Construct request/data helpers from a supplied HTTP scope, inspect request fields, or invoke a Starlette response from middleware; vary query/header and response inputs.",observed request fields; response status/headers/body; ASGI event order,backlog,,,docs/middleware.md:491-512;starlette/requests.py:51;starlette/datastructures.py:28;starlette/responses.py:31
middleware.docs.pure-asgi-app-interoperability,documentation,docs/middleware.md,Wrap middleware around arbitrary ASGI applications,supported,starlette.middleware.Middleware;starlette.types.ASGIApp,"Place a pure ASGI middleware around a non-Starlette ASGI app and around a Starlette app; send HTTP, WebSocket, and lifespan scopes.",downstream scope/events; response and WebSocket event order; app identity/wrapper structure,backlog,,,docs/middleware.md:347-414;docs/middleware.md:773-787;starlette/middleware/__init__.py:21-37
middleware.docs.pure-asgi-interface,documentation,docs/middleware.md,Pure ASGI middleware callable and scope filtering,supported,starlette.types.ASGIApp;starlette.types.Scope;starlette.types.Receive;starlette.types.Send;starlette.types.Message,"Wrap an ASGI app with a middleware callable receiving scope, receive, and send; exercise HTTP, WebSocket, and lifespan scopes plus a filtered HTTP-only or WebSocket-only case.",scope type; receive/send message sequence; downstream invocation; exception/cancellation propagation,backlog,,,docs/middleware.md:347-489;starlette/types.py:12-18
middleware.docs.request-and-websocket-receive-wrapping,documentation,docs/middleware.md,Inspecting or modifying HTTP request and WebSocket receive events,supported,starlette.types.Receive;starlette.types.Scope;starlette.types.Message,"Wrap receive around HTTP and WebSocket apps; supply fragmented http.request events and websocket.receive messages, and vary scope type to exercise passthrough.",downstream receive messages; request body byte/chunk observations; WebSocket receive events; downstream invocation,backlog,,,docs/middleware.md:566-604;starlette/types.py:12-18
middleware.docs.response-and-websocket-send-wrapping,documentation,docs/middleware.md,Inspecting or modifying HTTP and WebSocket send events,supported,starlette.types.Send;starlette.types.Message;starlette.datastructures.MutableHeaders,Wrap send to append response headers or inspect/alter HTTP response events and WebSocket sends; include response bodies whose length changes.,send event order; repeated response headers; response body bytes; Content-Length; WebSocket send events,backlog,,,docs/middleware.md:606-639;starlette/types.py:13-18;starlette/datastructures.py:613-657
middleware.docs.route-mount-router-scope,documentation,docs/middleware.md,"Middleware placement on Mount, Route, WebSocketRoute, and Router",supported,starlette.middleware.Middleware;starlette.routing.Mount;starlette.routing.Route;starlette.routing.Router,"Configure the same observable middleware at app, mount, route, and router levels; send requests to included and excluded paths and a mounted app that raises.",middleware invocation order; route/scope identity; exception handling boundary; response headers/body,backlog,,,docs/middleware.md:788-858;starlette/routing.py:205-244;starlette/routing.py:360-395;starlette/routing.py:576-619
middleware.docs.scope-information-to-endpoint,documentation,docs/middleware.md,Passing middleware information through scope to endpoints,supported,starlette.types.Scope;starlette.requests.Request.scope,Add a uniquely namespaced scope value in middleware and issue an HTTP request to an endpoint that reads it.,scope keys/values at middleware and endpoint; ASGI event order,backlog,,,docs/middleware.md:641-657;starlette/types.py:12;starlette/requests.py:51
middleware.docs.stateless-per-request-state,documentation,docs/middleware.md,Keep connection-specific ASGI middleware state inside __call__,supported,starlette.types.ASGIApp;starlette.middleware.gzip.GZipMiddleware,Issue overlapping requests with different response headers through middleware that keeps a request-specific flag in __call__; exercise both flagged and unflagged requests.,per-request response body/header; cross-request state isolation; event order,backlog,,,docs/middleware.md:687-762;starlette/middleware/gzip.py:60-78
middleware.docs.trusted-host-validation,documentation,docs/middleware.md,"TrustedHost allowlists, wildcard matching, and www redirect",supported,starlette.middleware.trustedhost.TrustedHostMiddleware,"Configure allowed hostnames and www_redirect; send Host values for the apex, wildcard subdomains, invalid names, and www/non-www variants.",response status; Location and host-related headers; downstream invocation; response body,backlog,,,docs/middleware.md:183-209;starlette/middleware/trustedhost.py:12-57
middleware.optional.multipart-body-limit,optional_feature,pyproject.toml,full extra: python-multipart for multipart body-limit use,supported,starlette.middleware.body_limit.RequestBodyLimitMiddleware,"Install the full extra when testing multipart parsing, then POST a multipart body with file bytes and encoding overhead through RequestBodyLimitMiddleware.",dependency availability; parser/import outcome; received raw byte total; ASGI response events,backlog,,,pyproject.toml:38-42;docs/middleware.md:211-239;tests/middleware/test_body_limit.py:357-368
middleware.optional.sessions-itsdangerous,optional_feature,pyproject.toml,full extra: itsdangerous for SessionMiddleware,supported,starlette.middleware.sessions.SessionMiddleware,Run the session middleware import and a signed-cookie read/update flow in environments with and without the full-extra itsdangerous dependency.,dependency availability; import outcome; cookie and request.session observations,backlog,,,pyproject.toml:38-42;starlette/middleware/sessions.py:8-30;docs/middleware.md:129-160
middleware.python-version.exception-group,python_version,tests/middleware/test_base.py,test_custom_middleware: ExceptionGroup setup on Python 3.10+,supported,starlette.middleware.base.BaseHTTPMiddleware,Run the custom middleware error-propagation inputs with Python 3.10 using the exceptiongroup fallback and with Python 3.11+ using the built-in ExceptionGroup.,Python version; exception type and group structure; propagated exception context; ASGI event order,backlog,,,pyproject.toml:12;tests/middleware/test_base.py:25-27;tests/middleware/test_base.py:97-120;uv.lock:18
middleware.test.base.test_custom_middleware,upstream_test,tests/middleware/test_base.py,test_custom_middleware,supported,starlette.middleware.base.BaseHTTPMiddleware,"Wrap routes for ordinary HTTP, endpoint exceptions, a streaming exception, an exception group, a missing response, and a WebSocket endpoint in the custom BaseHTTPMiddleware; issue GET requests and one WebSocket connection.",ASGI http.response.start status and headers; ordered response body chunks; receive/send event order; downstream exception type/context; disconnect observations; background-task and cleanup completion,backlog,,,tests/middleware/test_base.py:97-120;starlette/middleware/base.py
middleware.test.base.test_do_not_block_on_background_tasks,upstream_test,tests/middleware/test_base.py,test_do_not_block_on_background_tasks,supported,starlette.middleware.base.BaseHTTPMiddleware,Start two concurrent direct ASGI requests to responses with delayed background tasks; capture response-body and task lifecycle ordering.,ASGI http.response.start status and headers; ordered response body chunks; receive/send event order; downstream exception type/context; disconnect observations; background-task and cleanup completion,backlog,,,tests/middleware/test_base.py:360-411;starlette/middleware/base.py
middleware.test.base.test_error_context_propagation,upstream_test,tests/middleware/test_base.py,test_error_context_propagation,supported,starlette.middleware.base.BaseHTTPMiddleware,Run nested middleware and an endpoint that raises; capture propagated exceptions and exception-context links across dispatch boundaries.,ASGI http.response.start status and headers; ordered response body chunks; receive/send event order; downstream exception type/context; disconnect observations; background-task and cleanup completion,backlog,,,tests/middleware/test_base.py:1262-1318;starlette/middleware/base.py
middleware.test.base.test_multiple_middlewares_stacked_client_disconnected,upstream_test,tests/middleware/test_base.py,test_multiple_middlewares_stacked_client_disconnected,supported,starlette.middleware.base.BaseHTTPMiddleware;starlette.types.Receive;starlette.types.Message,Stack multiple BaseHTTPMiddleware layers around streaming/request-reading endpoints; deliver the request and client-disconnect event sequence.,ASGI http.response.start status and headers; ordered response body chunks; receive/send event order; downstream exception type/context; disconnect observations; background-task and cleanup completion,backlog,,,tests/middleware/test_base.py:1063-1165;starlette/middleware/base.py
middleware.test.base.test_pr_1519_comment_1236166180_example,upstream_test,tests/middleware/test_base.py,test_pr_1519_comment_1236166180_example,supported,starlette.middleware.base.BaseHTTPMiddleware,Replay the direct ASGI receive/send and cancellation ordering from the referenced regression scenario through BaseHTTPMiddleware.,ASGI http.response.start status and headers; ordered response body chunks; receive/send event order; downstream exception type/context; disconnect observations; background-task and cleanup completion,backlog,,,tests/middleware/test_base.py:1020-1059;starlette/middleware/base.py
middleware.test.base.test_read_request_stream_in_dispatch_wrapping_app_calls_body,upstream_test,tests/middleware/test_base.py,test_read_request_stream_in_dispatch_wrapping_app_calls_body,supported,starlette.middleware.base.BaseHTTPMiddleware,POST a body through a pure ASGI wrapper and BaseHTTPMiddleware; downstream reads Request.body() while dispatch reads Request.stream().,ASGI http.response.start status and headers; ordered response body chunks; receive/send event order; downstream exception type/context; disconnect observations; background-task and cleanup completion,backlog,,,tests/middleware/test_base.py:777-832;starlette/middleware/base.py
middleware.test.base.test_run_background_tasks_even_if_client_disconnects,upstream_test,tests/middleware/test_base.py,test_run_background_tasks_even_if_client_disconnects,supported,starlette.middleware.base.BaseHTTPMiddleware;starlette.types.Receive;starlette.types.Message,Directly invoke an ASGI app whose endpoint response has a delayed background task; capture the response send and task completion timeline.,ASGI http.response.start status and headers; ordered response body chunks; receive/send event order; downstream exception type/context; disconnect observations; background-task and cleanup completion,backlog,,,tests/middleware/test_base.py:269-312;starlette/middleware/base.py
middleware.test.base.test_run_background_tasks_raise_exceptions,upstream_test,tests/middleware/test_base.py,test_run_background_tasks_raise_exceptions,supported,starlette.middleware.base.BaseHTTPMiddleware,Issue GET to an endpoint with a delayed background task that raises after response handling.,ASGI http.response.start status and headers; ordered response body chunks; receive/send event order; downstream exception type/context; disconnect observations; background-task and cleanup completion,backlog,,,tests/middleware/test_base.py:315-335;starlette/middleware/base.py
middleware.test.base.test_run_context_manager_exit_even_if_client_disconnects,upstream_test,tests/middleware/test_base.py,test_run_context_manager_exit_even_if_client_disconnects,supported,starlette.middleware.base.BaseHTTPMiddleware;starlette.types.Receive;starlette.types.Message,Invoke the app through BaseHTTPMiddleware and a pure ASGI context-manager middleware whose exit callback and endpoint background task are delayed.,ASGI http.response.start status and headers; ordered response body chunks; receive/send event order; downstream exception type/context; disconnect observations; background-task and cleanup completion,backlog,,,tests/middleware/test_base.py:415-470;starlette/middleware/base.py
middleware.test.base.test_state_data_across_multiple_middlewares,upstream_test,tests/middleware/test_base.py,test_state_data_across_multiple_middlewares,supported,starlette.middleware.base.BaseHTTPMiddleware,Stack three BaseHTTPMiddleware classes; the outer layers set/read request.state values around a GET to a text endpoint.,ASGI http.response.start status and headers; ordered response body chunks; receive/send event order; downstream exception type/context; disconnect observations; background-task and cleanup completion,backlog,,,tests/middleware/test_base.py:123-176;starlette/middleware/base.py
middleware.test.body_limit.test_body_size_limit,upstream_test,tests/middleware/test_body_limit.py,test_body_size_limit,supported,starlette.middleware.body_limit.RequestBodyLimitMiddleware,"POST body inputs at, then above, a configured 5-byte maximum to an endpoint that reads and echoes the body.",response status and headers; response body bytes; receive call count and request chunk totals; ASGI event order; scope limit value/restoration; downstream exception type,backlog,,,tests/middleware/test_body_limit.py:23-36;starlette/middleware/body_limit.py
middleware.test.body_limit.test_content_length_is_checked_without_reading_body,upstream_test,tests/middleware/test_body_limit.py,test_content_length_is_checked_without_reading_body,supported,starlette.middleware.body_limit.RequestBodyLimitMiddleware,Send a Content-Length declaring a body over the limit and instrument downstream receive to observe whether the body is consumed.,response status and headers; response body bytes; receive call count and request chunk totals; ASGI event order; scope limit value/restoration; downstream exception type,backlog,,,tests/middleware/test_body_limit.py:39-53;starlette/middleware/body_limit.py
middleware.test.body_limit.test_content_length_rejects_before_receiving_body,upstream_test,tests/middleware/test_body_limit.py,test_content_length_rejects_before_receiving_body,supported,starlette.middleware.body_limit.RequestBodyLimitMiddleware,Directly invoke RequestBodyLimitMiddleware with an oversized Content-Length and a receive callable that records calls.,response status and headers; response body bytes; receive call count and request chunk totals; ASGI event order; scope limit value/restoration; downstream exception type,backlog,,,tests/middleware/test_body_limit.py:76-97;starlette/middleware/body_limit.py
middleware.test.body_limit.test_existing_scope_limit_is_restored,upstream_test,tests/middleware/test_body_limit.py,test_existing_scope_limit_is_restored,supported,starlette.middleware.body_limit.RequestBodyLimitMiddleware,Invoke middleware with an existing body-size scope key; preserve and inspect the original scope input after completion.,response status and headers; response body bytes; receive call count and request chunk totals; ASGI event order; scope limit value/restoration; downstream exception type,backlog,,,tests/middleware/test_body_limit.py:220-241;starlette/middleware/body_limit.py
middleware.test.body_limit.test_limit_exceeded_after_response_started_is_raised,upstream_test,tests/middleware/test_body_limit.py,test_limit_exceeded_after_response_started_is_raised,supported,starlette.middleware.body_limit.RequestBodyLimitMiddleware,Use a downstream app that starts a response before reading enough request-body chunks to exceed the limit.,response status and headers; response body bytes; receive call count and request chunk totals; ASGI event order; scope limit value/restoration; downstream exception type,backlog,,,tests/middleware/test_body_limit.py:145-170;starlette/middleware/body_limit.py
middleware.test.body_limit.test_mount_can_override_application_limit,upstream_test,tests/middleware/test_body_limit.py,test_mount_can_override_application_limit,supported,starlette.middleware.body_limit.RequestBodyLimitMiddleware;starlette.routing.Route.max_body_size;starlette.routing.Router.max_body_size;starlette.routing.Mount.max_body_size,Configure app and mounted-subapplication body limits; POST through the mount using a body between those limits.,response status and headers; response body bytes; receive call count and request chunk totals; ASGI event order; scope limit value/restoration; downstream exception type,backlog,,,tests/middleware/test_body_limit.py:295-310;starlette/middleware/body_limit.py
middleware.test.body_limit.test_multipart_file_counts_towards_limit,upstream_test,tests/middleware/test_body_limit.py,test_multipart_file_counts_towards_limit,supported,starlette.middleware.body_limit.RequestBodyLimitMiddleware,POST multipart form data with a file body and encoding overhead under a configured raw-body limit.,response status and headers; response body bytes; receive call count and request chunk totals; ASGI event order; scope limit value/restoration; downstream exception type,backlog,,,tests/middleware/test_body_limit.py:357-368;starlette/middleware/body_limit.py
middleware.test.body_limit.test_non_http_scope_is_unchanged,upstream_test,tests/middleware/test_body_limit.py,test_non_http_scope_is_unchanged,supported,starlette.middleware.body_limit.RequestBodyLimitMiddleware,Invoke the middleware with the source-case non-HTTP scope and event stream.,response status and headers; response body bytes; receive call count and request chunk totals; ASGI event order; scope limit value/restoration; downstream exception type,backlog,,,tests/middleware/test_body_limit.py:174-193;starlette/middleware/body_limit.py
middleware.test.body_limit.test_non_request_message_passes_through,upstream_test,tests/middleware/test_body_limit.py,test_non_request_message_passes_through,supported,starlette.middleware.body_limit.RequestBodyLimitMiddleware,Send a non-http.request receive event through the body-limit wrapper to a downstream ASGI app.,response status and headers; response body bytes; receive call count and request chunk totals; ASGI event order; scope limit value/restoration; downstream exception type,backlog,,,tests/middleware/test_body_limit.py:197-216;starlette/middleware/body_limit.py
middleware.test.body_limit.test_received_bytes_are_counted_with_unreliable_content_length,upstream_test,tests/middleware/test_body_limit.py,test_received_bytes_are_counted_with_unreliable_content_length,supported,starlette.middleware.body_limit.RequestBodyLimitMiddleware,POST fragmented body events with an understated Content-Length so received bytes exceed the configured limit.,response status and headers; response body bytes; receive call count and request chunk totals; ASGI event order; scope limit value/restoration; downstream exception type,backlog,,,tests/middleware/test_body_limit.py:128-141;starlette/middleware/body_limit.py
middleware.test.body_limit.test_received_bytes_are_counted_without_content_length,upstream_test,tests/middleware/test_body_limit.py,test_received_bytes_are_counted_without_content_length,supported,starlette.middleware.body_limit.RequestBodyLimitMiddleware,POST fragmented request-body events without Content-Length whose combined bytes cross the configured limit.,response status and headers; response body bytes; receive call count and request chunk totals; ASGI event order; scope limit value/restoration; downstream exception type,backlog,,,tests/middleware/test_body_limit.py:101-125;starlette/middleware/body_limit.py
middleware.test.body_limit.test_route_can_lower_application_limit,upstream_test,tests/middleware/test_body_limit.py,test_route_can_lower_application_limit,supported,starlette.middleware.body_limit.RequestBodyLimitMiddleware;starlette.routing.Route.max_body_size;starlette.routing.Router.max_body_size;starlette.routing.Mount.max_body_size,Configure a higher app max_body_size and a lower route max_body_size; POST a body between those limits.,response status and headers; response body bytes; receive call count and request chunk totals; ASGI event order; scope limit value/restoration; downstream exception type,backlog,,,tests/middleware/test_body_limit.py:284-292;starlette/middleware/body_limit.py
middleware.test.body_limit.test_route_can_raise_application_limit,upstream_test,tests/middleware/test_body_limit.py,test_route_can_raise_application_limit,supported,starlette.middleware.body_limit.RequestBodyLimitMiddleware;starlette.routing.Route.max_body_size;starlette.routing.Router.max_body_size;starlette.routing.Mount.max_body_size,Configure a lower app max_body_size and a higher route max_body_size; POST a body between those limits.,response status and headers; response body bytes; receive call count and request chunk totals; ASGI event order; scope limit value/restoration; downstream exception type,backlog,,,tests/middleware/test_body_limit.py:266-281;starlette/middleware/body_limit.py
middleware.test.body_limit.test_route_override_applies_when_middleware_defers_response_start,upstream_test,tests/middleware/test_body_limit.py,test_route_override_applies_when_middleware_defers_response_start,supported,starlette.middleware.body_limit.RequestBodyLimitMiddleware;starlette.routing.Route.max_body_size;starlette.routing.Router.max_body_size;starlette.routing.Mount.max_body_size,Configure application and route body limits with middleware that delays response start; POST a body between the two configured limits.,response status and headers; response body bytes; receive call count and request chunk totals; ASGI event order; scope limit value/restoration; downstream exception type,backlog,,,tests/middleware/test_body_limit.py:56-72;starlette/middleware/body_limit.py
middleware.test.body_limit.test_router_limit,upstream_test,tests/middleware/test_body_limit.py,test_router_limit,supported,starlette.middleware.body_limit.RequestBodyLimitMiddleware;starlette.routing.Route.max_body_size;starlette.routing.Router.max_body_size;starlette.routing.Mount.max_body_size,Create a Router with its own max_body_size and POST a body across that configured threshold.,response status and headers; response body bytes; receive call count and request chunk totals; ASGI event order; scope limit value/restoration; downstream exception type,backlog,,,tests/middleware/test_body_limit.py:313-318;starlette/middleware/body_limit.py
middleware.test.body_limit.test_starlette_limit_applies_before_user_middleware,upstream_test,tests/middleware/test_body_limit.py,test_starlette_limit_applies_before_user_middleware,supported,starlette.middleware.body_limit.RequestBodyLimitMiddleware;starlette.routing.Route.max_body_size;starlette.routing.Router.max_body_size;starlette.routing.Mount.max_body_size,Configure the app max_body_size and a user middleware that reads the incoming body; POST a body that crosses the app limit.,response status and headers; response body bytes; receive call count and request chunk totals; ASGI event order; scope limit value/restoration; downstream exception type,backlog,,,tests/middleware/test_body_limit.py:244-263;starlette/middleware/body_limit.py
middleware.test.body_limit.test_stricter_route_rejects_body_read_by_middleware,upstream_test,tests/middleware/test_body_limit.py,test_stricter_route_rejects_body_read_by_middleware,supported,starlette.middleware.body_limit.RequestBodyLimitMiddleware;starlette.routing.Route.max_body_size;starlette.routing.Router.max_body_size;starlette.routing.Mount.max_body_size,Configure a stricter route limit than the app limit; have middleware read the body before the route handler.,response status and headers; response body bytes; receive call count and request chunk totals; ASGI event order; scope limit value/restoration; downstream exception type,backlog,,,tests/middleware/test_body_limit.py:341-354;starlette/middleware/body_limit.py
middleware.test.cors.test_cors_allow_all,upstream_test,tests/middleware/test_cors.py,test_cors_allow_all,supported,starlette.middleware.cors.CORSMiddleware,"Configure CORS policy for the source-case origin, methods, headers, credentials, regex, or private-network setting; send a simple request or OPTIONS preflight with Origin and the applicable Access-Control-Request-* headers. Case: cors allow all.",response status; repeated response headers; downstream-call/event trace; ASGI request/response event order,backlog,,,tests/middleware/test_cors.py:10-68;starlette/middleware/cors.py
middleware.test.cors.test_cors_allow_all_methods,upstream_test,tests/middleware/test_cors.py,test_cors_allow_all_methods,supported,starlette.middleware.cors.CORSMiddleware,"Configure CORS policy for the source-case origin, methods, headers, credentials, regex, or private-network setting; send a simple request or OPTIONS preflight with Origin and the applicable Access-Control-Request-* headers. Case: cors allow all methods.",response status; repeated response headers; downstream-call/event trace; ASGI request/response event order,backlog,,,tests/middleware/test_cors.py:271-297;starlette/middleware/cors.py
middleware.test.cors.test_cors_allow_origin_regex,upstream_test,tests/middleware/test_cors.py,test_cors_allow_origin_regex,supported,starlette.middleware.cors.CORSMiddleware,"Configure CORS policy for the source-case origin, methods, headers, credentials, regex, or private-network setting; send a simple request or OPTIONS preflight with Origin and the applicable Access-Control-Request-* headers. Case: cors allow origin regex.",response status; repeated response headers; downstream-call/event trace; ASGI request/response event order,backlog,,,tests/middleware/test_cors.py:300-369;starlette/middleware/cors.py
middleware.test.cors.test_cors_allow_origin_regex_fullmatch,upstream_test,tests/middleware/test_cors.py,test_cors_allow_origin_regex_fullmatch,supported,starlette.middleware.cors.CORSMiddleware,"Configure CORS policy for the source-case origin, methods, headers, credentials, regex, or private-network setting; send a simple request or OPTIONS preflight with Origin and the applicable Access-Control-Request-* headers. Case: cors allow origin regex fullmatch.",response status; repeated response headers; downstream-call/event trace; ASGI request/response event order,backlog,,,tests/middleware/test_cors.py:372-404;starlette/middleware/cors.py
middleware.test.cors.test_cors_allow_specific_origin,upstream_test,tests/middleware/test_cors.py,test_cors_allow_specific_origin,supported,starlette.middleware.cors.CORSMiddleware,"Configure CORS policy for the source-case origin, methods, headers, credentials, regex, or private-network setting; send a simple request or OPTIONS preflight with Origin and the applicable Access-Control-Request-* headers. Case: cors allow specific origin.",response status; repeated response headers; downstream-call/event trace; ASGI request/response event order,backlog,,,tests/middleware/test_cors.py:122-168;starlette/middleware/cors.py
middleware.test.cors.test_cors_disallowed_preflight,upstream_test,tests/middleware/test_cors.py,test_cors_disallowed_preflight,supported,starlette.middleware.cors.CORSMiddleware,"Configure CORS policy for the source-case origin, methods, headers, credentials, regex, or private-network setting; send a simple request or OPTIONS preflight with Origin and the applicable Access-Control-Request-* headers. Case: cors disallowed preflight.",response status; repeated response headers; downstream-call/event trace; ASGI request/response event order,backlog,,,tests/middleware/test_cors.py:171-209;starlette/middleware/cors.py
middleware.test.cors.test_cors_preflight_allow_all_methods,upstream_test,tests/middleware/test_cors.py,test_cors_preflight_allow_all_methods,supported,starlette.middleware.cors.CORSMiddleware,"Configure CORS policy for the source-case origin, methods, headers, credentials, regex, or private-network setting; send a simple request or OPTIONS preflight with Origin and the applicable Access-Control-Request-* headers. Case: cors preflight allow all methods.",response status; repeated response headers; downstream-call/event trace; ASGI request/response event order,backlog,,,tests/middleware/test_cors.py:247-268;starlette/middleware/cors.py
middleware.test.cors.test_cors_private_network_access_allowed,upstream_test,tests/middleware/test_cors.py,test_cors_private_network_access_allowed,supported,starlette.middleware.cors.CORSMiddleware,"Configure CORS policy for the source-case origin, methods, headers, credentials, regex, or private-network setting; send a simple request or OPTIONS preflight with Origin and the applicable Access-Control-Request-* headers. Case: cors private network access allowed.",response status; repeated response headers; downstream-call/event trace; ASGI request/response event order,backlog,,,tests/middleware/test_cors.py:495-533;starlette/middleware/cors.py
middleware.test.cors.test_cors_vary_header_defaults_to_origin,upstream_test,tests/middleware/test_cors.py,test_cors_vary_header_defaults_to_origin,supported,starlette.middleware.cors.CORSMiddleware,"Configure CORS policy for the source-case origin, methods, headers, credentials, regex, or private-network setting; send a simple request or OPTIONS preflight with Origin and the applicable Access-Control-Request-* headers. Case: cors vary header defaults to origin.",response status; repeated response headers; downstream-call/event trace; ASGI request/response event order,backlog,,,tests/middleware/test_cors.py:407-422;starlette/middleware/cors.py
middleware.test.cors.test_cors_vary_header_is_not_set_for_non_credentialed_request,upstream_test,tests/middleware/test_cors.py,test_cors_vary_header_is_not_set_for_non_credentialed_request,supported,starlette.middleware.cors.CORSMiddleware,"Configure CORS policy for the source-case origin, methods, headers, credentials, regex, or private-network setting; send a simple request or OPTIONS preflight with Origin and the applicable Access-Control-Request-* headers. Case: cors vary header is not set for non credentialed request.",response status; repeated response headers; downstream-call/event trace; ASGI request/response event order,backlog,,,tests/middleware/test_cors.py:425-437;starlette/middleware/cors.py
middleware.test.cors.test_cors_vary_header_is_properly_set_for_credentialed_request,upstream_test,tests/middleware/test_cors.py,test_cors_vary_header_is_properly_set_for_credentialed_request,supported,starlette.middleware.cors.CORSMiddleware,"Configure CORS policy for the source-case origin, methods, headers, credentials, regex, or private-network setting; send a simple request or OPTIONS preflight with Origin and the applicable Access-Control-Request-* headers. Case: cors vary header is properly set for credentialed request.",response status; repeated response headers; downstream-call/event trace; ASGI request/response event order,backlog,,,tests/middleware/test_cors.py:440-452;starlette/middleware/cors.py
middleware.test.cors.test_cors_vary_header_is_properly_set_when_allow_origins_is_not_wildcard,upstream_test,tests/middleware/test_cors.py,test_cors_vary_header_is_properly_set_when_allow_origins_is_not_wildcard,supported,starlette.middleware.cors.CORSMiddleware,"Configure CORS policy for the source-case origin, methods, headers, credentials, regex, or private-network setting; send a simple request or OPTIONS preflight with Origin and the applicable Access-Control-Request-* headers. Case: cors vary header is properly set when allow origins is not wildcard.",response status; repeated response headers; downstream-call/event trace; ASGI request/response event order,backlog,,,tests/middleware/test_cors.py:455-471;starlette/middleware/cors.py
middleware.test.cors.test_preflight_allows_request_origin_if_origins_wildcard_and_credentials_allowed,upstream_test,tests/middleware/test_cors.py,test_preflight_allows_request_origin_if_origins_wildcard_and_credentials_allowed,supported,starlette.middleware.cors.CORSMiddleware,"Configure CORS policy for the source-case origin, methods, headers, credentials, regex, or private-network setting; send a simple request or OPTIONS preflight with Origin and the applicable Access-Control-Request-* headers. Case: preflight allows request origin if origins wildcard and credentials allowed.",response status; repeated response headers; downstream-call/event trace; ASGI request/response event order,backlog,,,tests/middleware/test_cors.py:212-244;starlette/middleware/cors.py
middleware.test.errors.test_background_task,upstream_test,tests/middleware/test_errors.py,test_background_task,supported,starlette.middleware.errors.ServerErrorMiddleware,"Configure custom error handler or debug mode, then invoke an HTTP or non-HTTP scope whose endpoint raises or whose response/background task fails as named. Case: background task.",response status and headers; response body bytes/content type; response-start timing; debug extension/event data; propagated exception type and context,backlog,,,tests/middleware/test_errors.py:83-105;starlette/middleware/errors.py
middleware.test.errors.test_debug_after_response_sent,upstream_test,tests/middleware/test_errors.py,test_debug_after_response_sent,supported,starlette.middleware.errors.ServerErrorMiddleware,"Configure custom error handler or debug mode, then invoke an HTTP or non-HTTP scope whose endpoint raises or whose response/background task fails as named. Case: debug after response sent.",response status and headers; response body bytes/content type; response-start timing; debug extension/event data; propagated exception type and context,backlog,,,tests/middleware/test_errors.py:55-64;starlette/middleware/errors.py
middleware.test.errors.test_debug_html,upstream_test,tests/middleware/test_errors.py,test_debug_html,supported,starlette.middleware.errors.ServerErrorMiddleware,"Configure custom error handler or debug mode, then invoke an HTTP or non-HTTP scope whose endpoint raises or whose response/background task fails as named. Case: debug html.",response status and headers; response body bytes/content type; response-start timing; debug extension/event data; propagated exception type and context,backlog,,,tests/middleware/test_errors.py:43-52;starlette/middleware/errors.py
middleware.test.errors.test_debug_not_http,upstream_test,tests/middleware/test_errors.py,test_debug_not_http,supported,starlette.middleware.errors.ServerErrorMiddleware,"Configure custom error handler or debug mode, then invoke an HTTP or non-HTTP scope whose endpoint raises or whose response/background task fails as named. Case: debug not http.",response status and headers; response body bytes/content type; response-start timing; debug extension/event data; propagated exception type and context,backlog,,,tests/middleware/test_errors.py:67-80;starlette/middleware/errors.py
middleware.test.gzip.test_gzip_cleared_exclude_content_types,upstream_test,tests/middleware/test_gzip.py,test_gzip_cleared_exclude_content_types,supported,starlette.middleware.gzip.GZipMiddleware,"Configure gzip thresholds/exclusions and send Accept-Encoding with a standard, streaming, pathsend, partial, or identity response using the content type and chunk sizes named by the case. Case: gzip cleared exclude content types.",response headers; response body/chunk sequence; ASGI event order; compression worker-thread identity where exercised,backlog,,,tests/middleware/test_gzip.py:360-372;starlette/middleware/gzip.py
middleware.test.gzip.test_gzip_compression_in_thread,upstream_test,tests/middleware/test_gzip.py,test_gzip_compression_in_thread,supported,starlette.middleware.gzip.GZipMiddleware,Set a low thread_minimum_size and return a standard response body large enough to exercise worker-thread compression.,response headers; response body/chunk sequence; ASGI event order; compression worker-thread identity where exercised,backlog,,,tests/middleware/test_gzip.py:98-115;starlette/middleware/gzip.py
middleware.test.gzip.test_gzip_custom_exclude_content_types,upstream_test,tests/middleware/test_gzip.py,test_gzip_custom_exclude_content_types,supported,starlette.middleware.gzip.GZipMiddleware,"Configure gzip thresholds/exclusions and send Accept-Encoding with a standard, streaming, pathsend, partial, or identity response using the content type and chunk sizes named by the case. Case: gzip custom exclude content types.",response headers; response body/chunk sequence; ASGI event order; compression worker-thread identity where exercised,backlog,,,tests/middleware/test_gzip.py:345-357;starlette/middleware/gzip.py
middleware.test.gzip.test_gzip_exclude_content_types_for_identity_client,upstream_test,tests/middleware/test_gzip.py,test_gzip_exclude_content_types_for_identity_client,supported,starlette.middleware.gzip.GZipMiddleware,"Configure gzip thresholds/exclusions and send Accept-Encoding with a standard, streaming, pathsend, partial, or identity response using the content type and chunk sizes named by the case. Case: gzip exclude content types for identity client.",response headers; response body/chunk sequence; ASGI event order; compression worker-thread identity where exercised,backlog,,,tests/middleware/test_gzip.py:375-387;starlette/middleware/gzip.py
middleware.test.gzip.test_gzip_ignored_for_pathsend_responses,upstream_test,tests/middleware/test_gzip.py,test_gzip_ignored_for_pathsend_responses,supported,starlette.middleware.gzip.GZipMiddleware,Send an http.response.pathsend event from a downstream app with a gzip-capable request scope.,response headers; response body/chunk sequence; ASGI event order; compression worker-thread identity where exercised,backlog,,,tests/middleware/test_gzip.py:220-255;starlette/middleware/gzip.py
middleware.test.gzip.test_gzip_ignored_for_responses_with_encoding_set,upstream_test,tests/middleware/test_gzip.py,test_gzip_ignored_for_responses_with_encoding_set,supported,starlette.middleware.gzip.GZipMiddleware,"Configure gzip thresholds/exclusions and send Accept-Encoding with a standard, streaming, pathsend, partial, or identity response using the content type and chunk sizes named by the case. Case: gzip ignored for responses with encoding set.",response headers; response body/chunk sequence; ASGI event order; compression worker-thread identity where exercised,backlog,,,tests/middleware/test_gzip.py:172-194;starlette/middleware/gzip.py
middleware.test.gzip.test_gzip_ignored_for_small_responses,upstream_test,tests/middleware/test_gzip.py,test_gzip_ignored_for_small_responses,supported,starlette.middleware.gzip.GZipMiddleware,"Configure gzip thresholds/exclusions and send Accept-Encoding with a standard, streaming, pathsend, partial, or identity response using the content type and chunk sizes named by the case. Case: gzip ignored for small responses.",response headers; response body/chunk sequence; ASGI event order; compression worker-thread identity where exercised,backlog,,,tests/middleware/test_gzip.py:55-72;starlette/middleware/gzip.py
middleware.test.gzip.test_gzip_ignored_on_range_responses,upstream_test,tests/middleware/test_gzip.py,test_gzip_ignored_on_range_responses,supported,starlette.middleware.gzip.GZipMiddleware,"Configure gzip thresholds/exclusions and send Accept-Encoding with a standard, streaming, pathsend, partial, or identity response using the content type and chunk sizes named by the case. Case: gzip ignored on range responses.",response headers; response body/chunk sequence; ASGI event order; compression worker-thread identity where exercised,backlog,,,tests/middleware/test_gzip.py:258-275;starlette/middleware/gzip.py
middleware.test.gzip.test_gzip_ignored_on_server_sent_events,upstream_test,tests/middleware/test_gzip.py,test_gzip_ignored_on_server_sent_events,supported,starlette.middleware.gzip.GZipMiddleware,"Configure gzip thresholds/exclusions and send Accept-Encoding with a standard, streaming, pathsend, partial, or identity response using the content type and chunk sizes named by the case. Case: gzip ignored on server sent events.",response headers; response body/chunk sequence; ASGI event order; compression worker-thread identity where exercised,backlog,,,tests/middleware/test_gzip.py:197-216;starlette/middleware/gzip.py
middleware.test.gzip.test_gzip_not_in_accept_encoding,upstream_test,tests/middleware/test_gzip.py,test_gzip_not_in_accept_encoding,supported,starlette.middleware.gzip.GZipMiddleware,"Configure gzip thresholds/exclusions and send Accept-Encoding with a standard, streaming, pathsend, partial, or identity response using the content type and chunk sizes named by the case. Case: gzip not in accept encoding.",response headers; response body/chunk sequence; ASGI event order; compression worker-thread identity where exercised,backlog,,,tests/middleware/test_gzip.py:37-52;starlette/middleware/gzip.py
middleware.test.gzip.test_gzip_responses,upstream_test,tests/middleware/test_gzip.py,test_gzip_responses,supported,starlette.middleware.gzip.GZipMiddleware,"Configure gzip thresholds/exclusions and send Accept-Encoding with a standard, streaming, pathsend, partial, or identity response using the content type and chunk sizes named by the case. Case: gzip responses.",response headers; response body/chunk sequence; ASGI event order; compression worker-thread identity where exercised,backlog,,,tests/middleware/test_gzip.py:19-34;starlette/middleware/gzip.py
middleware.test.gzip.test_gzip_streaming_compression_in_thread,upstream_test,tests/middleware/test_gzip.py,test_gzip_streaming_compression_in_thread,supported,starlette.middleware.gzip.GZipMiddleware,Set a low thread_minimum_size and stream body chunks that meet the worker-thread threshold.,response headers; response body/chunk sequence; ASGI event order; compression worker-thread identity where exercised,backlog,,,tests/middleware/test_gzip.py:118-146;starlette/middleware/gzip.py
middleware.test.gzip.test_gzip_streaming_response,upstream_test,tests/middleware/test_gzip.py,test_gzip_streaming_response,supported,starlette.middleware.gzip.GZipMiddleware,"Configure gzip thresholds/exclusions and send Accept-Encoding with a standard, streaming, pathsend, partial, or identity response using the content type and chunk sizes named by the case. Case: gzip streaming response.",response headers; response body/chunk sequence; ASGI event order; compression worker-thread identity where exercised,backlog,,,tests/middleware/test_gzip.py:75-95;starlette/middleware/gzip.py
middleware.test.gzip.test_gzip_streaming_response_identity,upstream_test,tests/middleware/test_gzip.py,test_gzip_streaming_response_identity,supported,starlette.middleware.gzip.GZipMiddleware,"Configure gzip thresholds/exclusions and send Accept-Encoding with a standard, streaming, pathsend, partial, or identity response using the content type and chunk sizes named by the case. Case: gzip streaming response identity.",response headers; response body/chunk sequence; ASGI event order; compression worker-thread identity where exercised,backlog,,,tests/middleware/test_gzip.py:149-169;starlette/middleware/gzip.py
middleware.test.https_redirect.test_https_redirect_middleware,upstream_test,tests/middleware/test_https_redirect.py,test_https_redirect_middleware,supported,starlette.middleware.httpsredirect.HTTPSRedirectMiddleware,"Wrap a minimal ASGI app and send HTTP, HTTPS, WS, or WSS scope/scheme inputs with host and path components. Case: https redirect middleware.",response status and headers including Location; downstream invocation trace; WebSocket ASGI events,backlog,,,tests/middleware/test_https_redirect.py:10-41;starlette/middleware/httpsredirect.py
middleware.test.trusted_host.test_default_allowed_hosts,upstream_test,tests/middleware/test_trusted_host.py,test_default_allowed_hosts,supported,starlette.middleware.trustedhost.TrustedHostMiddleware,Construct TrustedHostMiddleware with default allowed_hosts and send a Host header input.,response status and headers including Location; downstream invocation trace; response body bytes,backlog,,,tests/middleware/test_trusted_host.py:32-35;starlette/middleware/trustedhost.py
middleware.test.trusted_host.test_trusted_host_middleware,upstream_test,tests/middleware/test_trusted_host.py,test_trusted_host_middleware,supported,starlette.middleware.trustedhost.TrustedHostMiddleware,"Send requests with the source-case allowed, wildcard, malformed, and blocked Host header values.",response status and headers including Location; downstream invocation trace; response body bytes,backlog,,,tests/middleware/test_trusted_host.py:10-29;starlette/middleware/trustedhost.py
middleware.test.trusted_host.test_www_redirect,upstream_test,tests/middleware/test_trusted_host.py,test_www_redirect,supported,starlette.middleware.trustedhost.TrustedHostMiddleware,Configure the allowed host and send the non-www host variant with www_redirect enabled.,response status and headers including Location; downstream invocation trace; response body bytes,backlog,,,tests/middleware/test_trusted_host.py:38-50;starlette/middleware/trustedhost.py
optional.httpx-fallback-deprecation,deprecation,starlette/testclient.py,Legacy httpx fallback when httpx2 is absent,supported,starlette.testclient.TestClient; httpx,"With httpx2 absent and plain httpx installed, import and use TestClient while capturing warnings.",warning category; exact warning message; warning filename/line and stacklevel call site; selected client implementation; HTTP request result,backlog,,,starlette/testclient.py:33-51;docs/testclient.md:12-17;pyproject.toml:44-45
optional.httpx2-preferred-runtime,optional_feature,starlette/testclient.py,httpx2 preferred TestClient dependency,supported,starlette.testclient.TestClient; httpx2>=2.0.0,Install httpx2 from the full extra and exercise TestClient HTTP and WebSocket request paths; record resolved dependency metadata.,resolved httpx2 version; module import outcome; HTTP transport behavior; WebSocket handshake behavior,backlog,,,starlette/testclient.py:30;starlette/testclient.py:33;pyproject.toml:45;docs/testclient.md:12
optional.jinja2-import-failure,optional_feature,starlette/templating.py,Jinja2Templates import boundary without Jinja2,supported,starlette.templating.Jinja2Templates; jinja2,"Import starlette.templating in an environment without Jinja2, then repeat with Jinja2 installed; when installed, inspect which context-decorator alias is selected.",module import outcome; ImportError type/message; selected pass_context/contextfunction alias; dependency version,backlog,,,starlette/templating.py:13;starlette/templating.py:16;starlette/templating.py:27;pyproject.toml:41;docs/index.md:104
optional.jinja2-version-compatibility,optional_feature,starlette/templating.py,Jinja2 context decorator compatibility alias,uncertain,starlette.templating.Jinja2Templates; jinja2.pass_context; jinja2.contextfunction,"Exercise environments exposing pass_context and, if the supported Jinja2 range still allows it, the legacy contextfunction attribute; record the unbounded dependency-version cases. No minimum Jinja2 version is stated in pyproject metadata.",Jinja2 version; selected alias; module import result; template global registration; unresolved lower-version boundary,backlog,,,starlette/templating.py:16;starlette/templating.py:23;starlette/templating.py:26;pyproject.toml:41
optional.no-httpx-backend,optional_feature,starlette/testclient.py,TestClient import when neither httpx2 nor httpx is installed,supported,starlette.testclient.TestClient;httpx2;httpx,"In an isolated dependency environment with both httpx2 and httpx unavailable, import starlette.testclient.",module import outcome; RuntimeError type/message and exception chaining; installed dependency set,backlog,,,starlette/testclient.py:32-51;pyproject.toml:44-45;docs/testclient.md:12-17
optional.python-multipart-import-and-form-boundary,optional_feature,starlette/formparsers.py,python-multipart optional import and Request.form boundary,supported,starlette.requests.Request.form; python-multipart>=0.0.18,"In isolated environments test preferred python_multipart import, legacy multipart fallback, and absence of both; submit URL-encoded and multipart requests with file/field parts.",installed distribution/version; selected import path; Request.form outcome; missing-dependency exception; parser request events,backlog,,,starlette/formparsers.py:12;starlette/formparsers.py:16;starlette/formparsers.py:57;starlette/requests.py:272;pyproject.toml:42;docs/index.md:105
optional.pyyaml-openapi-render-boundary,optional_feature,starlette/schemas.py,PyYAML-optional schema and response behavior,supported,starlette.schemas.SchemaGenerator; starlette.schemas.OpenAPIResponse,"In an environment without PyYAML, generate a schema without endpoint YAML and with endpoint YAML, and separately render the documented OpenAPI response; repeat with PyYAML installed.",module import outcome; schema generation outcome; parsing/rendering exception class/message; response media type/body,backlog,,,starlette/schemas.py:12;starlette/schemas.py:21;starlette/schemas.py:98;pyproject.toml:43;docs/index.md:107
optional.test_formparsers.test_urlencoded_limits_stop_parsing_within_a_single_chunk,upstream_test,tests/test_formparsers.py,test_urlencoded_limits_stop_parsing_within_a_single_chunk,supported,starlette.requests.Request.form.urlencoded,"Supply one async input chunk containing 100000 URL-encoded fields, then a second scenario with a 50 MiB field value and a 1 KiB configured limit; close each stream after parse.",limit exception class; consumed stream chunks; partial parser state or memory bound; stream closure,backlog,,,tests/test_formparsers.py:593
optional.test_schemas.test_schema_endpoint,upstream_test,tests/test_schemas.py,test_schema_endpoint,supported,starlette.schemas.SchemaGenerator.OpenAPIResponse,Use the documented /schema route backed by SchemaGenerator.OpenAPIResponse; issue GET through the ASGI client.,response status; content type; serialized schema bytes; ASGI event sequence,backlog,,,tests/test_schemas.py:250
optional.test_schemas.test_schema_generation,upstream_test,tests/test_schemas.py,test_schema_generation,supported,starlette.schemas.SchemaGenerator.get_schema,"Build routes for function and class endpoints with YAML docstrings, regular prose before a schema block, no-doc endpoints, GET/HEAD/POST methods, an integer path converter, WebSocket route, excluded schema route, nested Mount and Host.",schema route/path keys; operation keys; endpoint inclusion; converter normalization; docstring parse outcome; generated schema structure,backlog,,,tests/test_schemas.py:133
optional.test_staticfiles.test_staticfiles_cache_invalidation_for_deleted_file_html_mode,upstream_test,tests/test_staticfiles.py,test_staticfiles_cache_invalidation_for_deleted_file_html_mode,supported,starlette.staticfiles.StaticFiles,"Enable HTML mode with a requested asset and 404.html sharing a fixed mtime; GET, repeat conditionally, delete the asset, and request again with the prior validator.",response.status sequence; Last-Modified; body; deleted-file and fallback lookup behavior,backlog,,,tests/test_staticfiles.py:376
optional.test_staticfiles.test_staticfiles_head_with_middleware,upstream_test,tests/test_staticfiles.py,test_staticfiles_head_with_middleware,supported,starlette.staticfiles.StaticFiles,Mount a 100-byte asset behind a no-op BaseHTTPMiddleware and issue HEAD at the mounted path.,response.status; content-length; response body suppression; middleware event order,backlog,,,tests/test_staticfiles.py:46
optional.test_staticfiles.test_staticfiles_never_read_file_for_head_method,upstream_test,tests/test_staticfiles.py,test_staticfiles_never_read_file_for_head_method,supported,starlette.staticfiles.StaticFiles,Create a text asset and send HEAD directly to StaticFiles.,response.status; content-length; body byte count; file read behavior,backlog,,,tests/test_staticfiles.py:188
optional.test_staticfiles.test_staticfiles_relative_directory_symlinks,upstream_test,tests/test_staticfiles.py,test_staticfiles_relative_directory_symlinks,supported,starlette.staticfiles.StaticFiles,Use a relative package test static directory with follow_symlink enabled and GET its bundled asset.,response.status; response body; relative path resolution,backlog,,,tests/test_staticfiles.py:649
optional.test_staticfiles.test_staticfiles_self_symlinks,upstream_test,tests/test_staticfiles.py,test_staticfiles_self_symlinks,supported,starlette.staticfiles.StaticFiles,Create a root with an index file and a symlink to that same root; configure StaticFiles to follow symlinks and request the index.,response.status; response body; canonical root handling,backlog,,,tests/test_staticfiles.py:630
optional.test_staticfiles.test_staticfiles_unhandled_os_error_returns_500,upstream_test,tests/test_staticfiles.py,test_staticfiles_unhandled_os_error_returns_500,supported,starlette.staticfiles.StaticFiles,"Mount StaticFiles with an existing asset, replace lookup_path with a function that raises TimeoutError, and use a client that captures server exceptions.",response.status; response body; exception propagation/capture mode,backlog,,,tests/test_staticfiles.py:487
optional.test_staticfiles.test_staticfiles_with_directory_returns_404,upstream_test,tests/test_staticfiles.py,test_staticfiles_with_directory_returns_404,supported,starlette.staticfiles.StaticFiles,Mount a directory that contains a file without enabling HTML mode; request the directory root path.,response.status; response headers; response body,backlog,,,tests/test_staticfiles.py:96
optional.test_staticfiles.test_staticfiles_with_pathlib,upstream_test,tests/test_staticfiles.py,test_staticfiles_with_pathlib,supported,starlette.staticfiles.StaticFiles,Write a text asset and pass its pathlib.Path directory to StaticFiles; issue GET for the asset.,response.status; response.headers; response.body; file metadata,backlog,,,tests/test_staticfiles.py:34
optional.test_templates.test_calls_context_processors,upstream_test,tests/test_templates.py,test_calls_context_processors,supported,starlette.templating.Jinja2Templates,Create a template using a processor-provided username; register a synchronous request context processor and render through a route.,response.status; HTML body; template metadata; merged context keys,backlog,,,tests/test_templates.py:49
optional.test_templates.test_template_with_middleware,upstream_test,tests/test_templates.py,test_template_with_middleware,supported,starlette.templating.Jinja2Templates,Render a url_for template through an app with pass-through BaseHTTPMiddleware and a named route.,response.status; HTML body; template metadata; request context; middleware event order,backlog,,,tests/test_templates.py:77
optional.test_templates.test_templates,upstream_test,tests/test_templates.py,test_templates,supported,starlette.templating.Jinja2Templates,Create a directory template that invokes url_for for a named route; render it through TemplateResponse with request in context.,response.status; HTML body; response.template metadata; response.context keys; generated URL,backlog,,,tests/test_templates.py:19
optional.test_templates.test_templates_autoescape,upstream_test,tests/test_templates.py,test_templates_autoescape,supported,starlette.templating.Jinja2Templates,Create an HTML template containing a variable and render a script-like string through a directory-backed Jinja2Templates environment.,rendered HTML bytes; autoescape configuration; template lookup,backlog,,,tests/test_templates.py:37
optional.test_templates.test_templates_require_directory_or_environment,upstream_test,tests/test_templates.py,test_templates_require_directory_or_environment,supported,starlette.templating.Jinja2Templates,Construct Jinja2Templates with neither directory nor environment.,constructor exception class; exception message; initialization outcome,backlog,,,tests/test_templates.py:138
optional.test_templates.test_templates_require_directory_or_environment_not_both,upstream_test,tests/test_templates.py,test_templates_require_directory_or_environment_not_both,supported,starlette.templating.Jinja2Templates,Construct Jinja2Templates with both a directory and a Jinja2 Environment.,constructor exception class; exception message; initialization outcome,backlog,,,tests/test_templates.py:143
optional.test_templates.test_templates_with_directories,upstream_test,tests/test_templates.py,test_templates_with_directories,supported,starlette.templating.Jinja2Templates,Configure Jinja2Templates with two template directories and render one named template from each through distinct routes.,template search order; response URLs; rendered HTML; context keys,backlog,,,tests/test_templates.py:103
optional.test_templates.test_templates_with_directory,upstream_test,tests/test_templates.py,test_templates_with_directory,supported,starlette.templating.Jinja2Templates,Create an HTML file and render it directly with a directory-backed Jinja2Templates instance.,template lookup result; rendered text; environment autoescape configuration,backlog,,,tests/test_templates.py:148
optional.test_templates.test_templates_with_environment,upstream_test,tests/test_templates.py,test_templates_with_environment,supported,starlette.templating.Jinja2Templates,"Create a preconfigured Jinja2 Environment with FileSystemLoader, pass it into Jinja2Templates, and render through a named route.",response.status; rendered HTML; template metadata; context keys; supplied environment usage,backlog,,,tests/test_templates.py:158
optional.test_testclient.test_domain_restricted_cookies,upstream_test,tests/test_testclient.py,test_domain_restricted_cookies,supported,starlette.testclient.TestClient,"Run cookie-jar domain cases testserver, testserver.local, localhost, and example.com; accept the documented xfail condition on Python versions below 3.11 for the testserver case.",cookie jar domain matching; request Cookie header; response status; interpreter version and xfail/skip metadata,backlog,,,tests/test_testclient.py:374
optional.test_testclient.test_exception_in_middleware,upstream_test,tests/test_testclient.py,test_exception_in_middleware,supported,starlette.testclient.TestClient,Use a middleware that raises a custom exception on an HTTP request and invoke through the client factory.,raised exception class; exception propagation; middleware and response event trace,backlog,,,tests/test_testclient.py:180
optional.test_testclient.test_forward_follow_redirects,upstream_test,tests/test_testclient.py,test_forward_follow_redirects,supported,starlette.testclient.TestClient,Use an endpoint that returns a redirect to /ok and request with the client default follow_redirects behavior.,redirect history; final URL; final response status/body,backlog,,,tests/test_testclient.py:400
optional.test_testclient.test_forward_nofollow_redirects,upstream_test,tests/test_testclient.py,test_forward_nofollow_redirects,supported,starlette.testclient.TestClient,Use an endpoint that redirects to /ok and request with follow_redirects disabled for that call.,redirect response status; Location header; redirect history; response body,backlog,,,tests/test_testclient.py:413
optional.test_testclient.test_merge_url,upstream_test,tests/test_testclient.py,test_merge_url,supported,starlette.testclient.TestClient,Set a base URL with a path prefix and request a relative path through a route that returns the ASGI request path.,merged request URL; ASGI scope path; response body,backlog,,,tests/test_testclient.py:433
optional.test_testclient.test_query_params,upstream_test,tests/test_testclient.py,test_query_params,supported,starlette.testclient.TestClient,"Run the parameter cases for an ISO timestamp with offset, España, and voilà as query values; have the route read the query mapping.",decoded query key/value pairs; request URL encoding; response body,backlog,,,tests/test_testclient.py:346
optional.test_testclient.test_raw_path_with_querystring,upstream_test,tests/test_testclient.py,test_raw_path_with_querystring,supported,starlette.testclient.TestClient,Request a path with query params from a raw ASGI app that reports scope.raw_path.,scope raw_path bytes; scope query_string; response body,backlog,,,tests/test_testclient.py:443
optional.test_testclient.test_testclient_headers_behavior,upstream_test,tests/test_testclient.py,test_testclient_headers_behavior,supported,starlette.testclient.TestClient,"Construct clients with defaults, a custom User-Agent, and an Authentication header; inspect each client default-header mapping.",client header names and values; default header preservation,backlog,,,tests/test_testclient.py:70
optional.test_testclient.test_timeout_deprecation,upstream_test,tests/test_testclient.py,test_timeout_deprecation,supported,starlette.testclient.TestClient;starlette.testclient.TestClient.request.timeout,Pass an explicit timeout to TestClient.get for a simple route while capturing runtime warnings.,warning category; exact warning message; warning filename/line and stacklevel call site; request status/body,backlog,,,tests/test_testclient.py:467-472;starlette/testclient.py:430-453
optional.test_testclient.test_use_testclient_in_endpoint,upstream_test,tests/test_testclient.py,test_use_testclient_in_endpoint,supported,starlette.testclient.TestClient,Create an outer app endpoint that constructs a TestClient for a second in-process Starlette app and calls its root route.,nested request status; nested response body; outer response body; loop/thread cleanup,backlog,,,tests/test_testclient.py:50
optional.test_testclient.test_with_duplicate_headers,upstream_test,tests/test_testclient.py,test_with_duplicate_headers,supported,starlette.testclient.TestClient,Send two values for the same request header and have the endpoint enumerate that header from Request.headers.,raw header values; header order; response body,backlog,,,tests/test_testclient.py:423
python.minimum-and-ci-matrix,python_version,pyproject.toml,requires-python floor and upstream CI test matrix,n/a,python.floor.3.10; python.ci.3.10-3.14,"Build/install the package and run the same API smoke cases in isolated Python 3.10, 3.11, 3.12, 3.13, and 3.14 environments; preserve which CI jobs run lint versus build/test.",declared requires-python; interpreter version; dependency resolution; import and runtime outcome; job steps enabled,backlog,,,pyproject.toml:12;pyproject.toml:25;pyproject.toml:30;.github/workflows/main.yml:18;.github/workflows/main.yml:36;.github/workflows/main.yml:40
python.testclient-domain-cookie-floor,python_version,tests/test_testclient.py,Cookie domain handling xfail below Python 3.11,supported,starlette.testclient.TestClient.cookies; python.cookie-jar.domain,Run the domain-restriction cases on Python 3.10 and 3.11+; preserve the test’s xfail marker only for the testserver domain below 3.11.,interpreter version; cookie jar domain matching; request Cookie header; xfail/skip classification,backlog,,,tests/test_testclient.py:374;tests/test_testclient.py:380
python.typing-extensions-marker,python_version,pyproject.toml,Conditional typing_extensions dependency and runtime import branches,n/a,python.typing-extensions.python<3.13,"Resolve/install across Python 3.10-3.12 and 3.13-3.14; inspect whether TypeIs, TypeVar, and Self resolve from typing_extensions or stdlib paths.",environment markers; resolved typing_extensions package; selected import branch; module import outcome,backlog,,,pyproject.toml:35;starlette/_utils.py:13;starlette/requests.py:33;starlette/testclient.py:29
request-response.optional.multipart,optional_feature,pyproject.toml,python-multipart full extra,supported,starlette.requests.Request.form;starlette.datastructures.UploadFile,"Run multipart form input with python-multipart installed and absent, preserving dependency environment metadata.",installed distribution/extra set;form parse result;import or exception type/message,backlog,,,pyproject.toml:40-44;docs/requests.md:112-170;starlette/requests.py:313-323
request-response.python-version-matrix,python_version,pyproject.toml,"Supported CPython range, typing defaults, and cookie partitioned behavior",supported,starlette.applications.Starlette;starlette.concurrency.run_in_threadpool;starlette.datastructures.URL;starlette.config.Config;starlette.exceptions.HTTPException;starlette.requests.Request;starlette.responses.Response.set_cookie;typing_extensions.TypeVar,"Run representative ASGI/lifespan, sync-offload, URL/config/exception parsing, type-metadata, and cookie inputs under each supported CPython version 3.10 through 3.14, including typing behavior before and after Python 3.13 and partitioned-cookie behavior.",runtime.python_version; import/build status; ASGI/lifespan and sync-callable traces; URL/config/exception observations; type annotation metadata; cookie headers and errors,backlog,,,"pyproject.toml:12-36;.github/workflows/main.yml:18-20;starlette/_utils.py:13-27;starlette/requests.py:4-9,77;starlette/responses.py:89-132;docs/responses.md:30-45"
request.test.test_request_url_outside_starlette_context,upstream_test,tests/test_requests.py,test_request_url_outside_starlette_context,supported,starlette.requests.Request,Construct Request with root_path and query data outside app routing context; resolve a named URL.,"request fields;receive/send ASGI event trace;response status, headers, and bytes;raised exception type/message",backlog,,,tests/test_requests.py:633
request.test.test_request_url_starlette_context,upstream_test,tests/test_requests.py,test_request_url_starlette_context,supported,starlette.requests.Request,Resolve named route URL from within endpoint request context using route parameters.,"request fields;receive/send ASGI event trace;response status, headers, and bytes;raised exception type/message",backlog,,,tests/test_requests.py:646
response.test.test_file_response,upstream_test,tests/test_responses.py,test_file_response,supported,starlette.responses.FileResponse,"Serve temporary file with chosen filename, media type inferred from name, and background task.",response status;ordered headers;Content-Range/Content-Disposition/metadata;body bytes/chunks;ASGI event order;raised exception type and fields,backlog,,,tests/test_responses.py:213
response.test.test_file_response_known_size,upstream_test,tests/test_responses.py,test_file_response_known_size,supported,starlette.responses.FileResponse,Serve temporary file with known size available before send.,response status;ordered headers;Content-Range/Content-Disposition/metadata;body bytes/chunks;ASGI event order;raised exception type and fields,backlog,,,tests/test_responses.py:563
response.test.test_file_response_multiple_calls,upstream_test,tests/test_responses.py,test_file_response_multiple_calls,supported,starlette.responses.FileResponse,Invoke one FileResponse object repeatedly for independent requests.,response status;ordered headers;Content-Range/Content-Disposition/metadata;body bytes/chunks;ASGI event order;raised exception type and fields,backlog,,,tests/test_responses.py:981
response.test.test_file_response_on_head_method,upstream_test,tests/test_responses.py,test_file_response_on_head_method,supported,starlette.responses.FileResponse,Invoke FileResponse directly using HTTP HEAD scope and temporary file.,response status;ordered headers;Content-Range/Content-Disposition/metadata;body bytes/chunks;ASGI event order;raised exception type and fields,backlog,,,tests/test_responses.py:253
response.test.test_file_response_with_chinese_filename,upstream_test,tests/test_responses.py,test_file_response_with_chinese_filename,supported,starlette.responses.FileResponse,Serve temporary file with non-ASCII download filename.,response status;ordered headers;Content-Range/Content-Disposition/metadata;body bytes/chunks;ASGI event order;raised exception type and fields,backlog,,,tests/test_responses.py:322
response.test.test_file_response_with_directory_raises_error,upstream_test,tests/test_responses.py,test_file_response_with_directory_raises_error,supported,starlette.responses.FileResponse,Invoke FileResponse for a directory path.,response status;ordered headers;Content-Range/Content-Disposition/metadata;body bytes/chunks;ASGI event order;raised exception type and fields,backlog,,,tests/test_responses.py:305
response.test.test_file_response_with_inline_disposition,upstream_test,tests/test_responses.py,test_file_response_with_inline_disposition,supported,starlette.responses.FileResponse,Serve temporary file with filename and inline disposition mode.,response status;ordered headers;Content-Range/Content-Disposition/metadata;body bytes/chunks;ASGI event order;raised exception type and fields,backlog,,,tests/test_responses.py:336
response.test.test_file_response_with_missing_file_raises_error,upstream_test,tests/test_responses.py,test_file_response_with_missing_file_raises_error,supported,starlette.responses.FileResponse,Invoke FileResponse for a nonexistent file path.,response status;ordered headers;Content-Range/Content-Disposition/metadata;body bytes/chunks;ASGI event order;raised exception type and fields,backlog,,,tests/test_responses.py:313
response.test.test_head_method,upstream_test,tests/test_responses.py,test_head_method,supported,starlette.responses.Response,Invoke text response through HTTP HEAD request.,response status;ordered/repeated headers;reason phrase;response body bytes;ASGI event order;exception type,backlog,,,tests/test_responses.py:524
response.test.test_response_phrase,upstream_test,tests/test_responses.py,test_response_phrase,supported,starlette.responses.Response,Send response with standard status and another with unknown numeric status.,response status;ordered/repeated headers;reason phrase;response body bytes;ASGI event order;exception type,backlog,,,tests/test_responses.py:201
routing.doc-body-size,documentation,docs/routing.md,max_body_size on route/router/mount,supported,starlette.routing.Route; starlette.routing.Router; starlette.routing.Mount,"Configure outer and nested request-body limits; send request bodies at and around limits, including multipart bytes and chunked input.",response_status; response_headers; response_bytes; asgi_event_order,backlog,,,docs/routing.md:296-325
routing.doc-host-matching,documentation,docs/routing.md,host routing and request port treatment,supported,starlette.routing.Host,Configure host-based routes and request the same paths with matching host names and varied host ports.,response_status; selected_endpoint; request.headers.host,backlog,,,docs/routing.md:211-238
routing.doc-host-reverse,documentation,docs/routing.md,host and subdomain reverse lookup,supported,starlette.routing.Host; starlette.routing.Router,Configure a subdomain host pattern with nested route and mount; reverse-generate using host and path values.,generated_absolute_url; generated_url_host; generated_url_path,backlog,,,docs/routing.md:240-254
routing.doc-http-methods,documentation,docs/routing.md,default and explicit HTTP methods,supported,starlette.routing.Route,Create a route with default methods and another with an explicit method collection; send matching and nonmatching methods.,response_status; response_headers.allow; selected_endpoint,backlog,,,docs/routing.md:94-103
routing.doc-lifespan,documentation,docs/lifespan.md,lifespan context startup and teardown,supported,starlette.routing.Router.lifespan,"Supply async-context-manager lifespan, send startup, issue a request, then send shutdown.",lifespan.events; response_status; lifecycle_and_cleanup_effects,backlog,,,docs/lifespan.md:2-30
routing.doc-lifespan-test-context,documentation,docs/lifespan.md,TestClient context manager runs lifespan,supported,starlette.routing.Router.lifespan,Run an app with lifespan inside the TestClient context manager; issue an HTTP request between enter and exit.,lifespan.events; response_status; lifecycle_and_cleanup_effects,backlog,,,docs/lifespan.md:142-158
routing.doc-low-level-router,documentation,docs/routing.md,Router as lightweight ASGI app,supported,starlette.routing.Router,Invoke Router directly with HTTP scope and nested route definitions.,response_status; response_bytes; asgi_event_order,backlog,,,docs/routing.md:279-294
routing.doc-mount-app,documentation,docs/routing.md,mount ASGI subapplication,supported,starlette.routing.Mount,Mount an ASGI app under a prefix and request a path beneath that prefix.,response_status; response_bytes; scope.root_path,backlog,,,docs/routing.md:132-147
routing.doc-mount-routes,documentation,docs/routing.md,mount route lists,supported,starlette.routing.Mount; starlette.routing.Route,Mount nested route lists under common prefixes and request root and nested paths.,response_status; selected_endpoint; scope.path_params,backlog,,,docs/routing.md:104-130
routing.doc-reverse-mount-prefix,documentation,docs/routing.md,reverse lookup through named mounts,supported,starlette.routing.Mount; starlette.routing.Route,Create a named mount with named children and reverse-generate through the mount prefix.,generated_url_path; generated_absolute_url,backlog,,,docs/routing.md:176-190
routing.doc-reverse-name,documentation,docs/routing.md,reverse lookup by route name,supported,starlette.routing.Router; starlette.routing.Route,Name a route and generate its URL from a request and from the application router.,generated_url_path; generated_absolute_url; generated_url_protocol,backlog,,,docs/routing.md:149-174; docs/routing.md:204-209
routing.doc-reverse-params,documentation,docs/routing.md,reverse URL path parameters,supported,starlette.routing.Route; starlette.routing.Router,Generate a named route URL by supplying its path parameter values.,generated_url_path; generated_absolute_url,backlog,,,docs/routing.md:165-174
routing.doc-reverse-static-path,documentation,docs/routing.md,reverse lookup for mounted app path,supported,starlette.routing.Mount,Mount a named ASGI app and generate a URL with the mount path argument.,generated_url_path; generated_absolute_url,backlog,,,docs/routing.md:192-202
routing.doc-route-priority,documentation,docs/routing.md,route order priority,supported,starlette.routing.Router; starlette.routing.Route,Arrange overlapping fixed and parameter routes in both orders and request the overlapping path.,selected_endpoint; response_status,backlog,,,docs/routing.md:256-277
routing.doc-router-path-only,documentation,docs/routing.md,router reverse lookup without Request,supported,starlette.routing.Router.url_path_for,Generate a URL path directly from the router when no Request exists.,generated_url_path; generated_url_protocol,backlog,,,docs/routing.md:204-209
routing.doc-websocket-route,documentation,docs/routing.md,WebSocketRoute endpoint and path parameters,supported,starlette.routing.WebSocketRoute; starlette.websockets.WebSocket,Configure function and ASGI-class WebSocket endpoints with fixed and parameterized paths; connect to each.,websocket.connection_outcome; websocket.messages; websocket.close_code; scope.path_params,backlog,,,docs/routing.md:327-364
routing.doc.basic,documentation,docs/routing.md,HTTP route endpoint forms,supported,starlette.routing.Route,Create a route list with sync/async request handlers and an ASGI class endpoint; issue HTTP requests to their configured paths.,response_status; response_bytes; selected_endpoint,backlog,,,docs/routing.md:1-31
routing.test_base_route_middleware.mounted_app_with_middleware,upstream_test,tests/test_routing.py,test_base_route_middleware[mounted_app_with_middleware],supported,starlette.routing.Route; starlette.routing.Mount,Construct the selected middleware fixture mounted_app_with_middleware and issue HTTP requests to the unrelated path and the middleware-wrapped path.,response_status; response_bytes; response_headers; asgi_event_order,backlog,,,tests/test_routing.py:875; tests/conftest.py:test_client_factory
routing.test_base_route_middleware.mounted_routes_with_middleware,upstream_test,tests/test_routing.py,test_base_route_middleware[mounted_routes_with_middleware],supported,starlette.routing.Route; starlette.routing.Mount,Construct the selected middleware fixture mounted_routes_with_middleware and issue HTTP requests to the unrelated path and the middleware-wrapped path.,response_status; response_bytes; response_headers; asgi_event_order,backlog,,,tests/test_routing.py:875; tests/conftest.py:test_client_factory
routing.test_base_route_middleware.route_with_middleware,upstream_test,tests/test_routing.py,test_base_route_middleware[route_with_middleware],supported,starlette.routing.Route; starlette.routing.Mount,Construct the selected middleware fixture route_with_middleware and issue HTTP requests to the unrelated path and the middleware-wrapped path.,response_status; response_bytes; response_headers; asgi_event_order,backlog,,,tests/test_routing.py:875; tests/conftest.py:test_client_factory
routing.test_duplicated_param_names,upstream_test,tests/test_routing.py,test_duplicated_param_names,uncertain,starlette.routing.Route,Construct route templates with one repeated path parameter and with two repeated parameter names.,exception_type_and_observable_payload,backlog,,,tests/test_routing.py:754-777; starlette/routing.py:93-108
routing.test_exception_on_mounted_apps,upstream_test,tests/test_routing.py,test_exception_on_mounted_apps,supported,starlette.routing.Mount; starlette.routing.Route,"Construct the app, route, or WebSocket scope for this behavior family and supply these request/event inputs in order: get('/sub/').",response_status; response_bytes; generated_url_path; response_url; scope.path; scope.root_path; exception_type_and_observable_payload,backlog,,,tests/test_routing.py:921; tests/conftest.py:test_client_factory
routing.test_host_named_repr,upstream_test,tests/test_routing.py,test_host_named_repr,uncertain,starlette.routing.Host,"Construct the app, route, or WebSocket scope described by this upstream behavior family. Exercise its direct constructor, lookup, lifecycle, or ASGI callable input sequence.",route.representation; route.name,backlog,,,tests/test_routing.py:1080
routing.test_host_repr,upstream_test,tests/test_routing.py,test_host_repr,uncertain,starlette.routing.Host,"Construct the app, route, or WebSocket scope described by this upstream behavior family. Exercise its direct constructor, lookup, lifecycle, or ASGI callable input sequence.",route.representation,backlog,,,tests/test_routing.py:1067
routing.test_host_reverse_urls,upstream_test,tests/test_routing.py,test_host_reverse_urls,supported,starlette.routing.Router; starlette.routing.Host; starlette.routing.NoMatchFound,"Construct the app, route, or WebSocket scope described by this upstream behavior family. Exercise its direct constructor, lookup, lifecycle, or ASGI callable input sequence.",response_status; response_bytes; generated_url_path; response_url; scope.path; scope.root_path,backlog,,,tests/test_routing.py:479
routing.test_host_routing,upstream_test,tests/test_routing.py,test_host_routing,supported,starlette.routing.Router; starlette.routing.Host,"Construct the app, route, or WebSocket scope for this behavior family and supply these request/event inputs in order: get('/users'), get('/').",response_status; response_bytes; generated_url_path; response_url; scope.path; scope.root_path,backlog,,,tests/test_routing.py:439; tests/conftest.py:test_client_factory
routing.test_lifespan_state_async_cm,upstream_test,tests/test_routing.py,test_lifespan_state_async_cm,supported,starlette.routing.Router.lifespan,"Construct the app, route, or WebSocket scope for this behavior family and supply these request/event inputs in order: get('/').",response_status; response_bytes; lifespan.events; lifecycle_and_cleanup_effects; exception_type_and_observable_payload,backlog,,,tests/test_routing.py:645; tests/conftest.py:test_client_factory
routing.test_lifespan_state_unsupported,upstream_test,tests/test_routing.py,test_lifespan_state_unsupported,supported,starlette.routing.Router.lifespan,"Construct the app, route, or WebSocket scope described by this upstream behavior family. Exercise its direct constructor, lookup, lifecycle, or ASGI callable input sequence.",response_status; response_bytes; lifespan.events; lifecycle_and_cleanup_effects; exception_type_and_observable_payload,backlog,,,tests/test_routing.py:626; tests/conftest.py:test_client_factory
routing.test_mount_asgi_app_with_middleware_url_path_for,upstream_test,tests/test_routing.py,test_mount_asgi_app_with_middleware_url_path_for,uncertain,starlette.routing.Mount; starlette.routing.NoMatchFound,Mount a Route ASGI app with middleware and attempt a reverse lookup for its internal named route.,exception_type_and_observable_payload,backlog,,,tests/test_routing.py:895-901; starlette/routing.py:427-452; docs/routing.md:192-202
routing.test_mount_at_root,upstream_test,tests/test_routing.py,test_mount_at_root,supported,starlette.routing.Router; starlette.routing.Mount,"Construct the app, route, or WebSocket scope for this behavior family and supply these request/event inputs in order: get('/').",response_status; response_bytes; generated_url_path; response_url; scope.path; scope.root_path,backlog,,,tests/test_routing.py:404; tests/conftest.py:test_client_factory
routing.test_mount_named_repr,upstream_test,tests/test_routing.py,test_mount_named_repr,uncertain,starlette.routing.Mount,"Construct the app, route, or WebSocket scope described by this upstream behavior family. Exercise its direct constructor, lookup, lifecycle, or ASGI callable input sequence.",route.representation; route.name,backlog,,,tests/test_routing.py:1055
routing.test_mount_repr,upstream_test,tests/test_routing.py,test_mount_repr,uncertain,starlette.routing.Mount,"Construct the app, route, or WebSocket scope described by this upstream behavior family. Exercise its direct constructor, lookup, lifecycle, or ASGI callable input sequence.",route.representation,backlog,,,tests/test_routing.py:1044
routing.test_mounted_middleware_does_not_catch_exception,upstream_test,tests/test_routing.py,test_mounted_middleware_does_not_catch_exception,supported,starlette.routing.Mount; starlette.routing.Route,"Construct the app, route, or WebSocket scope for this behavior family and supply these request/event inputs in order: get('/home'), get('/err'), get('/mount/home'), get('/mount/err').",response_status; response_bytes; generated_url_path; response_url; scope.path; scope.root_path; response_headers; asgi_event_order; exception_type_and_observable_payload,backlog,,,tests/test_routing.py:936; tests/conftest.py:test_client_factory
routing.test_partial_async_endpoint,upstream_test,tests/test_routing.py,test_partial_async_endpoint,supported,starlette.routing.Route,"Construct the app, route, or WebSocket scope for this behavior family and supply these request/event inputs in order: get('/partial'), get('/partial/cls').",response_status; response_bytes,backlog,,,tests/test_routing.py:730; tests/conftest.py:test_client_factory
routing.test_partial_async_ws_endpoint,upstream_test,tests/test_routing.py,test_partial_async_ws_endpoint,supported,starlette.routing.WebSocketRoute; starlette.websockets.WebSocket,"Construct the app, route, or WebSocket scope for this behavior family and supply these request/event inputs in order: websocket_connect('/partial/ws'), websocket_connect('/partial/ws/cls').",response_status; response_bytes,backlog,,,tests/test_routing.py:741; tests/conftest.py:test_client_factory
routing.test_paths_with_root_path,upstream_test,tests/test_routing.py,test_paths_with_root_path,supported,starlette.routing.Router; starlette.routing.Mount; starlette.routing.Route,"Construct the app, route, or WebSocket scope for this behavior family and supply these request/event inputs in order: get('/root/path'), get('/root/asgipath/'), get('/root/sub/path'), post('/root/root-queue/path').",response_status; response_bytes; generated_url_path; response_url; scope.path; scope.root_path,backlog,,,tests/test_routing.py:1146; tests/conftest.py:test_client_factory
routing.test_protocol_switch,upstream_test,tests/test_routing.py,test_protocol_switch,supported,starlette.routing.Router; starlette.routing.Route; starlette.routing.WebSocketRoute,"Construct the app, route, or WebSocket scope for this behavior family and supply these request/event inputs in order: get('/'), websocket_connect('/'), websocket_connect('/404').",response_status; response_bytes,backlog,,,tests/test_routing.py:358; tests/conftest.py:test_client_factory
routing.test_raise_on_shutdown,upstream_test,tests/test_routing.py,test_raise_on_shutdown,supported,starlette.routing.Router.lifespan,"Construct the app, route, or WebSocket scope described by this upstream behavior family. Exercise its direct constructor, lookup, lifecycle, or ASGI callable input sequence.",response_status; response_bytes; lifespan.events; lifecycle_and_cleanup_effects; exception_type_and_observable_payload,backlog,,,tests/test_routing.py:717; tests/conftest.py:test_client_factory
routing.test_raise_on_startup,upstream_test,tests/test_routing.py,test_raise_on_startup,supported,starlette.routing.Router.lifespan,"Construct the app, route, or WebSocket scope described by this upstream behavior family. Exercise its direct constructor, lookup, lifecycle, or ASGI callable input sequence.",response_status; response_bytes; lifespan.events; lifecycle_and_cleanup_effects; exception_type_and_observable_payload,backlog,,,tests/test_routing.py:693; tests/conftest.py:test_client_factory
routing.test_reverse_mount_urls.success,upstream_test,tests/test_routing.py,test_reverse_mount_urls[successful-nested-lookups],supported,starlette.routing.Router; starlette.routing.Mount; starlette.routing.Route; starlette.routing.NoMatchFound,Construct named mount and nested route structures; reverse-generate the mount path and child route paths with path parameters.,generated_url_path; generated_url_protocol,backlog,,,tests/test_routing.py:386-402; docs/routing.md:176-190
routing.test_route_converters,upstream_test,tests/test_routing.py,test_route_converters,supported,starlette.routing.Route; starlette.convertors.Convertor; starlette.convertors.register_url_convertor,"Construct the app, route, or WebSocket scope for this behavior family and supply these request/event inputs in order: get('/int/5'), get('/path-with-parentheses(7)'), get('/float/25.5'), get('/path/some/example'), get('/uuid/ec38df32-ceda-4cfa-9b4a-1aeb94ad551a').",response_status; response_bytes; scope.path_params,backlog,,,tests/test_routing.py:226; tests/conftest.py:test_client_factory
routing.test_route_name.classmethod,upstream_test,tests/test_routing.py,test_route_name[classmethod],uncertain,starlette.routing.Route,Construct Route with the selected endpoint shape: class-method endpoint.,response_status; response_bytes; route.name,backlog,,,tests/test_routing.py:795
routing.test_route_name.function,upstream_test,tests/test_routing.py,test_route_name[function],uncertain,starlette.routing.Route,Construct Route with the selected endpoint shape: function endpoint.,response_status; response_bytes; route.name,backlog,,,tests/test_routing.py:795
routing.test_route_name.lambda,upstream_test,tests/test_routing.py,test_route_name[lambda],uncertain,starlette.routing.Route,Construct Route with the selected endpoint shape: lambda endpoint.,response_status; response_bytes; route.name,backlog,,,tests/test_routing.py:795
routing.test_route_name.method,upstream_test,tests/test_routing.py,test_route_name[method],uncertain,starlette.routing.Route,Construct Route with the selected endpoint shape: bound instance-method endpoint.,response_status; response_bytes; route.name,backlog,,,tests/test_routing.py:795
routing.test_route_name.object,upstream_test,tests/test_routing.py,test_route_name[object],uncertain,starlette.routing.Route,Construct Route with the selected endpoint shape: callable-object endpoint.,response_status; response_bytes; route.name,backlog,,,tests/test_routing.py:795
routing.test_route_name.staticmethod,upstream_test,tests/test_routing.py,test_route_name[staticmethod],uncertain,starlette.routing.Route,Construct Route with the selected endpoint shape: static-method endpoint.,response_status; response_bytes; route.name,backlog,,,tests/test_routing.py:795
routing.test_route_repr,upstream_test,tests/test_routing.py,test_route_repr,uncertain,starlette.routing.Route,"Construct the app, route, or WebSocket scope described by this upstream behavior family. Exercise its direct constructor, lookup, lifecycle, or ASGI callable input sequence.",route.representation,backlog,,,tests/test_routing.py:1029
routing.test_route_repr_without_methods,upstream_test,tests/test_routing.py,test_route_repr_without_methods,uncertain,starlette.routing.Route,"Construct the app, route, or WebSocket scope described by this upstream behavior family. Exercise its direct constructor, lookup, lifecycle, or ASGI callable input sequence.",route.representation,backlog,,,tests/test_routing.py:1034
routing.test_router,upstream_test,tests/test_routing.py,test_router,supported,starlette.routing.Router; starlette.routing.Route; starlette.routing.Mount,"Construct the app, route, or WebSocket scope for this behavior family and supply these request/event inputs in order: get('/'), post('/'), get('/foo'), get('/users'), get('/users/tomchristie'), get('/users/me'), get('/users/tomchristie/'), put('/users/tomchristie:disable'), get('/users/nomatch'), get('/static/123').",response_status; response_bytes,backlog,,,tests/test_routing.py:181; tests/conftest.py:test_client_factory
routing.test_router_add_route,upstream_test,tests/test_routing.py,test_router_add_route,uncertain,starlette.routing.Router.add_route,"Construct the app, route, or WebSocket scope for this behavior family and supply these request/event inputs in order: get('/func').",response_status; response_bytes,backlog,,,tests/test_routing.py:295; tests/conftest.py:test_client_factory
routing.test_router_add_websocket_route,upstream_test,tests/test_routing.py,test_router_add_websocket_route,uncertain,starlette.routing.Router.add_websocket_route; starlette.routing.WebSocketRoute,"Construct the app, route, or WebSocket scope for this behavior family and supply these request/event inputs in order: websocket_connect('/ws'), websocket_connect('/ws/test').",websocket.messages; websocket.close_code,backlog,,,tests/test_routing.py:307; tests/conftest.py:test_client_factory
routing.test_router_middleware,upstream_test,tests/test_routing.py,test_router_middleware,supported,starlette.routing.Router,"Construct the app, route, or WebSocket scope for this behavior family and supply these request/event inputs in order: get('/').",response_status; response_bytes; response_headers; asgi_event_order,backlog,,,tests/test_routing.py:317; tests/conftest.py:test_client_factory
routing.test_standalone_route_does_not_match,upstream_test,tests/test_routing.py,test_standalone_route_does_not_match,supported,starlette.routing.Route,"Construct the app, route, or WebSocket scope for this behavior family and supply these request/event inputs in order: get('/invalid').",response_status; response_bytes; exception_type_and_observable_payload,backlog,,,tests/test_routing.py:590; tests/conftest.py:test_client_factory
routing.test_standalone_route_matches,upstream_test,tests/test_routing.py,test_standalone_route_matches,supported,starlette.routing.Route,"Construct Route(""/"", PlainTextResponse(...)) as the ASGI application itself (without a Starlette wrapper), then send an HTTP GET scope for /.",response_status; ordered_repeated_headers; response_bytes; ASGI event order; exception_type_and_observable_payload,backlog,,,tests/test_routing.py:580; tests/conftest.py:test_client_factory
routing.test_standalone_ws_route_does_not_match,upstream_test,tests/test_routing.py,test_standalone_ws_route_does_not_match,supported,starlette.routing.WebSocketRoute; starlette.websockets.WebSocketDisconnect,"Construct the app, route, or WebSocket scope for this behavior family and supply these request/event inputs in order: websocket_connect('/invalid').",response_status; response_bytes; exception_type_and_observable_payload,backlog,,,tests/test_routing.py:616; tests/conftest.py:test_client_factory
routing.test_standalone_ws_route_matches,upstream_test,tests/test_routing.py,test_standalone_ws_route_matches,supported,starlette.routing.WebSocketRoute; starlette.websockets.WebSocket,"Construct the app, route, or WebSocket scope for this behavior family and supply these request/event inputs in order: websocket_connect('/').",response_status; response_bytes; exception_type_and_observable_payload,backlog,,,tests/test_routing.py:606; tests/conftest.py:test_client_factory
routing.test_subdomain_reverse_urls,upstream_test,tests/test_routing.py,test_subdomain_reverse_urls,supported,starlette.routing.Router; starlette.routing.Host,"Construct the app, route, or WebSocket scope described by this upstream behavior family. Exercise its direct constructor, lookup, lifecycle, or ASGI callable input sequence.",response_status; response_bytes; generated_url_path; response_url; scope.path; scope.root_path; scope.path_params,backlog,,,tests/test_routing.py:512
routing.test_subdomain_routing,upstream_test,tests/test_routing.py,test_subdomain_routing,supported,starlette.routing.Router; starlette.routing.Host,"Construct the app, route, or WebSocket scope for this behavior family and supply these request/event inputs in order: get('/').",response_status; response_bytes; scope.path_params,backlog,,,tests/test_routing.py:504; tests/conftest.py:test_client_factory
routing.test_url_for,upstream_test,tests/test_routing.py,test_url_for,supported,starlette.routing.Router; starlette.routing.Route; starlette.routing.WebSocketRoute,"Construct the app, route, or WebSocket scope described by this upstream behavior family. Exercise its direct constructor, lookup, lifecycle, or ASGI callable input sequence.",response_status; response_bytes; generated_url_path; response_url; scope.path; scope.root_path,backlog,,,tests/test_routing.py:275
routing.test_url_for_with_double_mount,upstream_test,tests/test_routing.py,test_url_for_with_double_mount,supported,starlette.routing.Router; starlette.routing.Mount,"Construct the app, route, or WebSocket scope described by this upstream behavior family. Exercise its direct constructor, lookup, lifecycle, or ASGI callable input sequence.",response_status; response_bytes; generated_url_path; response_url; scope.path; scope.root_path,backlog,,,tests/test_routing.py:564
routing.test_url_for_with_root_path,upstream_test,tests/test_routing.py,test_url_for_with_root_path,supported,starlette.routing.Router; starlette.routing.Mount; starlette.routing.Route,"Construct the app, route, or WebSocket scope for this behavior family and supply these request/event inputs in order: get('/sub_path/'), get('/sub_path/submount/').",response_status; response_bytes; generated_url_path; response_url; scope.path; scope.root_path,backlog,,,tests/test_routing.py:540; tests/conftest.py:test_client_factory
routing.test_url_for_with_root_path_ending_with_slash,upstream_test,tests/test_routing.py,test_url_for_with_root_path_ending_with_slash,supported,starlette.routing.Router; starlette.routing.Route,"Construct the app, route, or WebSocket scope for this behavior family and supply these request/event inputs in order: get('/sub_path/').",response_status; response_bytes; generated_url_path; response_url; scope.path; scope.root_path,backlog,,,tests/test_routing.py:570; tests/conftest.py:test_client_factory
routing.test_url_path_for.invalid-string-values,upstream_test,tests/test_routing.py,test_url_path_for[slash-and-empty-string-values],uncertain,starlette.routing.Router; starlette.routing.Route; starlette.routing.NoMatchFound,Invoke reverse lookup on a default string parameter with a slash-containing value and with an empty value.,exception_type_and_observable_payload,backlog,,,tests/test_routing.py:270-273; starlette/convertors.py:26-31
routing.test_url_path_for.success,upstream_test,tests/test_routing.py,test_url_path_for[successful-lookups],supported,starlette.routing.Router; starlette.routing.Route; starlette.routing.NoMatchFound,"Construct named HTTP and WebSocket routes; invoke reverse lookups for the root, a parameterized user route, and a WebSocket route.",generated_url_path; generated_url_protocol,backlog,,,tests/test_routing.py:261; docs/routing.md:149-209; docs/routing.md:327-333
routing.test_url_path_for.unmatched-name,upstream_test,tests/test_routing.py,test_url_path_for[unmatched-name-and-params],uncertain,starlette.routing.Router; starlette.routing.Route; starlette.routing.NoMatchFound,Invoke reverse lookup with an unknown route name both without parameters and with extra parameter names.,exception_type_and_observable_payload,backlog,,,tests/test_routing.py:265-268; starlette/routing.py:30-38
routing.test_websocket_route_middleware,upstream_test,tests/test_routing.py,test_websocket_route_middleware,supported,starlette.routing.WebSocketRoute; starlette.websockets.WebSocket,"Construct the app, route, or WebSocket scope for this behavior family and supply these request/event inputs in order: send_text('Hello, world!'), websocket_connect('/ws').",websocket.messages; websocket.close_code,backlog,,,tests/test_routing.py:991; tests/conftest.py:test_client_factory
routing.test_websocket_route_repr,upstream_test,tests/test_routing.py,test_websocket_route_repr,uncertain,starlette.routing.WebSocketRoute,"Construct the app, route, or WebSocket scope described by this upstream behavior family. Exercise its direct constructor, lookup, lifecycle, or ASGI callable input sequence.",websocket.messages; websocket.close_code,backlog,,,tests/test_routing.py:1039
websockets.api-doc-constructor-defaults,api_behavior,docs/websockets.md,"WebSocket(scope, receive=None, send=None) documentation/source discrepancy",uncertain,starlette.websockets.WebSocket,"Attempt construction from a WebSocket scope with only scope, then with explicit receive and send callables.",constructor_success_or_exception; exception_type_and_observable_payload,backlog,,,docs/websockets.md:5-17; starlette/websockets.py:26-31
websockets.doc-accept,documentation,docs/websockets.md,accept subprotocol and headers,supported,starlette.websockets.WebSocket.accept,Offer protocols and accept with a selected protocol plus optional response headers.,websocket.accept_subprotocol; websocket.accept_headers; asgi_event_order,backlog,,,docs/websockets.md:52-55
websockets.doc-close,documentation,docs/websockets.md,close code and reason,supported,starlette.websockets.WebSocket.close; starlette.websockets.WebSocketDisconnect,Accept and close with a chosen code and reason; observe the peer disconnect.,websocket.disconnect_code; websocket.disconnect_reason; exception_type_and_observable_payload,backlog,,,docs/websockets.md:99-102
websockets.doc-default-denial,documentation,docs/websockets.md,close before accept,supported,starlette.websockets.WebSocket.close,Receive a connection and close before acceptance.,websocket.connection_outcome; websocket.denial_status; websocket.close_code,backlog,,,docs/websockets.md:113-117
websockets.doc-denial-extension,optional_feature,docs/websockets.md,WebSocket Denial Response extension,supported,starlette.websockets.WebSocket.send_denial_response,"Expose the denial-response extension in scope, receive connect, and submit a response through WebSocket denial handling.",websocket.denial_status; websocket.denial_headers; websocket.denial_body; asgi_event_order,backlog,,,docs/websockets.md:118-125
websockets.doc-headers,documentation,docs/websockets.md,WebSocket header mapping,supported,starlette.websockets.WebSocket,Supply repeated and differently-cased handshake headers and read them through the header mapping.,websocket.headers; ordered_repeated_headers,backlog,,,docs/websockets.md:34-38
websockets.doc-http-exception,documentation,docs/websockets.md,HTTPException for WebSocket authorization denial,supported,starlette.websockets.WebSocket; starlette.routing.WebSocketRoute,Check offered subprotocols and raise an HTTP exception before acceptance for the unauthorized branch; accept the authorized branch.,websocket.connection_outcome; websocket.denial_status; websocket.accept_subprotocol; websocket.messages,backlog,,,docs/websockets.md:127-158
websockets.doc-iterators,documentation,docs/websockets.md,WebSocket async iterators,supported,starlette.websockets.WebSocket,"Accept, iterate text/bytes/JSON messages, and then deliver a disconnect event.",websocket.messages; websocket.close_code; lifecycle_and_cleanup_effects,backlog,,,docs/websockets.md:76-98
websockets.doc-json-modes,documentation,docs/websockets.md,JSON text and binary modes,supported,starlette.websockets.WebSocket,Send and receive JSON in text frames by default and binary frames with the mode argument.,websocket.messages; websocket.frame_type; response_json_value,backlog,,,docs/websockets.md:60-74
websockets.doc-path-params,documentation,docs/websockets.md,WebSocket path parameters,supported,starlette.websockets.WebSocket,Route a WebSocket path with a named parameter and inspect path_params in the endpoint.,websocket.path_params,backlog,,,docs/websockets.md:46-50
websockets.doc-raw,documentation,docs/websockets.md,generic message methods and state tracking,supported,starlette.websockets.WebSocket.send; starlette.websockets.WebSocket.receive,Exchange generic ASGI WebSocket messages with valid and invalid state transitions.,asgi_event_order; websocket.client_state; websocket.application_state; exception_type_and_observable_payload,backlog,,,docs/websockets.md:103-111
websockets.doc-scope,documentation,docs/websockets.md,WebSocket scope mapping,supported,starlette.websockets.WebSocket,Construct WebSocket from ASGI scope and access scope entries through its mapping interface.,websocket.scope_mapping; websocket.mapping_keys,backlog,,,docs/websockets.md:20-23
websockets.doc-text-bytes,documentation,docs/websockets.md,send and receive text/binary,supported,starlette.websockets.WebSocket,Accept and send/receive text and binary frames using typed helper methods.,websocket.messages; websocket.close_code,backlog,,,docs/websockets.md:56-71
websockets.doc-url,documentation,docs/websockets.md,WebSocket URL fields,supported,starlette.websockets.WebSocket,"Supply scope scheme, server, path, and query data; observe URL string and components.",websocket.url; websocket.url.path; websocket.url.port; websocket.url.scheme,backlog,,,docs/websockets.md:25-32
websockets.test-scope-equality-hash,upstream_test,tests/test_websockets.py,test_websocket_scope_interface[equality-and-hash],uncertain,starlette.websockets.WebSocket,Construct two WebSocket objects from equivalent scopes and inspect object equality and set membership.,websocket.object_equality; websocket.hashability; websocket.set_membership,backlog,,,tests/test_websockets.py:510
websockets.test-scope-mapping,upstream_test,tests/test_websockets.py,test_websocket_scope_interface,supported,starlette.websockets.WebSocket,"Construct the app, route, or WebSocket scope described by this upstream behavior family. Exercise its direct constructor, lookup, lifecycle, or ASGI callable input sequence.",websocket.scope_mapping; websocket.mapping_keys; websocket.mapping_length,backlog,,,tests/test_websockets.py:510; docs/websockets.md:20-23
websockets.test_client_disconnect_on_send,upstream_test,tests/test_websockets.py,test_client_disconnect_on_send,supported,starlette.websockets.WebSocket; starlette.websockets.WebSocketDisconnect,"Construct the app, route, or WebSocket scope for this behavior family and supply these request/event inputs in order: send_text('Hello, world!').",websocket.messages; websocket.close_code; websocket.disconnect_code; websocket.disconnect_reason,backlog,,,tests/test_websockets.py:263
websockets.test_duplicate_close,upstream_test,tests/test_websockets.py,test_duplicate_close,supported,starlette.websockets.WebSocket; starlette.websockets.WebSocketDisconnect,"Construct the app, route, or WebSocket scope for this behavior family and supply these request/event inputs in order: websocket_connect('/').",websocket.messages; websocket.close_code; websocket.disconnect_code; websocket.disconnect_reason; exception_type_and_observable_payload,backlog,,,tests/test_websockets.py:483; tests/conftest.py:test_client_factory
websockets.test_duplicate_disconnect,upstream_test,tests/test_websockets.py,test_duplicate_disconnect,supported,starlette.websockets.WebSocket; starlette.websockets.WebSocketDisconnect,"Construct the app, route, or WebSocket scope for this behavior family and supply these request/event inputs in order: websocket_connect('/').",websocket.messages; websocket.close_code; websocket.disconnect_code; websocket.disconnect_reason; exception_type_and_observable_payload,backlog,,,tests/test_websockets.py:496; tests/conftest.py:test_client_factory
websockets.test_receive_before_accept,upstream_test,tests/test_websockets.py,test_receive_before_accept,uncertain,starlette.websockets.WebSocket.receive; starlette.websockets.WebSocketState,"Construct the app, route, or WebSocket scope for this behavior family and supply these request/event inputs in order: websocket_connect('/'), send({'type': 'websocket.send'}).",websocket.messages; websocket.close_code; exception_type_and_observable_payload,backlog,,,tests/test_websockets.py:631; tests/conftest.py:test_client_factory
websockets.test_receive_bytes_before_accept,upstream_test,tests/test_websockets.py,test_receive_bytes_before_accept,supported,starlette.websockets.WebSocket,"Construct the app, route, or WebSocket scope for this behavior family and supply these request/event inputs in order: websocket_connect('/').",websocket.messages; websocket.close_code; exception_type_and_observable_payload,backlog,,,tests/test_websockets.py:586; tests/conftest.py:test_client_factory
websockets.test_receive_json_before_accept,upstream_test,tests/test_websockets.py,test_receive_json_before_accept,supported,starlette.websockets.WebSocket,"Construct the app, route, or WebSocket scope for this behavior family and supply these request/event inputs in order: websocket_connect('/').",websocket.messages; websocket.close_code; exception_type_and_observable_payload,backlog,,,tests/test_websockets.py:597; tests/conftest.py:test_client_factory
websockets.test_receive_text_before_accept,upstream_test,tests/test_websockets.py,test_receive_text_before_accept,supported,starlette.websockets.WebSocket,"Construct the app, route, or WebSocket scope for this behavior family and supply these request/event inputs in order: websocket_connect('/').",websocket.messages; websocket.close_code; exception_type_and_observable_payload,backlog,,,tests/test_websockets.py:575; tests/conftest.py:test_client_factory
websockets.test_receive_wrong_message_type,upstream_test,tests/test_websockets.py,test_receive_wrong_message_type,supported,starlette.websockets.WebSocket,"Construct the app, route, or WebSocket scope for this behavior family and supply these request/event inputs in order: websocket_connect('/'), send({'type': 'websocket.connect'}).",websocket.messages; websocket.close_code; exception_type_and_observable_payload,backlog,,,tests/test_websockets.py:644; tests/conftest.py:test_client_factory
websockets.test_rejected_connection,upstream_test,tests/test_websockets.py,test_rejected_connection,supported,starlette.websockets.WebSocket,"Construct the app, route, or WebSocket scope for this behavior family and supply these request/event inputs in order: websocket_connect('/'). The application close call supplies status.WS_1001_GOING_AWAY before or after acceptance, as selected by this case.",websocket.messages; websocket.close_code,backlog,,,tests/test_websockets.py:296; tests/conftest.py:test_client_factory
websockets.test_send_before_accept,upstream_test,tests/test_websockets.py,test_send_before_accept,supported,starlette.websockets.WebSocket,"Construct the app, route, or WebSocket scope for this behavior family and supply these request/event inputs in order: send({'type': 'websocket.send'}), websocket_connect('/').",websocket.messages; websocket.close_code; exception_type_and_observable_payload,backlog,,,tests/test_websockets.py:608; tests/conftest.py:test_client_factory
websockets.test_send_denial_response,upstream_test,tests/test_websockets.py,test_send_denial_response,supported,starlette.websockets.WebSocket.send_denial_response,"Construct the app, route, or WebSocket scope for this behavior family and supply these request/event inputs in order: websocket_connect('/').",websocket.messages; websocket.close_code; websocket.denial_status; websocket.denial_headers; websocket.denial_body,backlog,,,tests/test_websockets.py:310; tests/conftest.py:test_client_factory
websockets.test_send_denial_response_with_file_response,upstream_test,tests/test_websockets.py,test_send_denial_response_with_file_response,supported,starlette.websockets.WebSocket.send_denial_response,"Construct the app, route, or WebSocket scope for this behavior family and supply these request/event inputs in order: websocket_connect('/').",websocket.messages; websocket.close_code; websocket.denial_status; websocket.denial_headers; websocket.denial_body,backlog,,,tests/test_websockets.py:346; tests/conftest.py:test_client_factory
websockets.test_send_denial_response_with_streaming_response,upstream_test,tests/test_websockets.py,test_send_denial_response_with_streaming_response,supported,starlette.websockets.WebSocket.send_denial_response,"Construct the app, route, or WebSocket scope for this behavior family and supply these request/event inputs in order: websocket_connect('/').",websocket.messages; websocket.close_code; websocket.denial_status; websocket.denial_headers; websocket.denial_body,backlog,,,tests/test_websockets.py:326; tests/conftest.py:test_client_factory
websockets.test_send_response_duplicate_start,upstream_test,tests/test_websockets.py,test_send_response_duplicate_start,supported,starlette.websockets.WebSocket.send_denial_response,"Construct the app, route, or WebSocket scope for this behavior family and supply these request/event inputs in order: websocket_connect('/').",websocket.messages; websocket.close_code; websocket.denial_status; websocket.denial_headers; websocket.denial_body; exception_type_and_observable_payload,backlog,,,tests/test_websockets.py:409; tests/conftest.py:test_client_factory
websockets.test_send_response_unsupported,upstream_test,tests/test_websockets.py,test_send_response_unsupported,supported,starlette.websockets.WebSocket.send_denial_response,"Construct the app, route, or WebSocket scope for this behavior family and supply these request/event inputs in order: websocket_connect('/').",websocket.messages; websocket.close_code; websocket.url; websocket.denial_status; websocket.denial_headers; websocket.denial_body; exception_type_and_observable_payload,backlog,,,tests/test_websockets.py:388; tests/conftest.py:test_client_factory
websockets.test_send_wrong_message_type,upstream_test,tests/test_websockets.py,test_send_wrong_message_type,supported,starlette.websockets.WebSocket,"Construct the app, route, or WebSocket scope for this behavior family and supply these request/event inputs in order: send({'type': 'websocket.accept'}), websocket_connect('/').",websocket.messages; websocket.close_code; exception_type_and_observable_payload,backlog,,,tests/test_websockets.py:619; tests/conftest.py:test_client_factory
websockets.test_subprotocol,upstream_test,tests/test_websockets.py,test_subprotocol,supported,starlette.websockets.WebSocket,"Construct the app, route, or WebSocket scope for this behavior family and supply these request/event inputs in order: websocket_connect('/', subprotocols=['soap', 'wamp']).",websocket.messages; websocket.close_code; websocket.accept_subprotocol,backlog,,,tests/test_websockets.py:439; tests/conftest.py:test_client_factory
websockets.test_websocket_binary_json,upstream_test,tests/test_websockets.py,test_websocket_binary_json,supported,starlette.websockets.WebSocket,"Construct the app, route, or WebSocket scope for this behavior family and supply these request/event inputs in order: send_json(mode='binary'), websocket_connect('/123?a=abc'), send_json({'test': 'data'}, mode='binary').",websocket.messages; websocket.close_code,backlog,,,tests/test_websockets.py:31; tests/conftest.py:test_client_factory
websockets.test_websocket_concurrency_pattern,upstream_test,tests/test_websockets.py,test_websocket_concurrency_pattern,supported,starlette.websockets.WebSocket,"Construct the app, route, or WebSocket scope for this behavior family and supply these request/event inputs in order: websocket_connect('/'), send_json({'hello': 'world'}).",websocket.messages; websocket.close_code,backlog,,,tests/test_websockets.py:211; tests/conftest.py:test_client_factory
websockets.test_websocket_ensure_unicode_on_send_json,upstream_test,tests/test_websockets.py,test_websocket_ensure_unicode_on_send_json,supported,starlette.websockets.WebSocket,"Construct the app, route, or WebSocket scope for this behavior family and supply these request/event inputs in order: send_json(mode='text'), websocket_connect('/123?a=abc'), send_json({'test': '数据'}, mode='text').",websocket.messages; websocket.close_code,backlog,,,tests/test_websockets.py:46; tests/conftest.py:test_client_factory
websockets.test_websocket_exception,upstream_test,tests/test_websockets.py,test_websocket_exception,supported,starlette.websockets.WebSocket,"Construct the app, route, or WebSocket scope for this behavior family and supply these request/event inputs in order: websocket_connect('/123?a=abc').",websocket.messages; websocket.close_code; exception_type_and_observable_payload,backlog,,,tests/test_websockets.py:473; tests/conftest.py:test_client_factory
websockets.test_websocket_headers,upstream_test,tests/test_websockets.py,test_websocket_headers,supported,starlette.websockets.WebSocket,"Construct the app, route, or WebSocket scope for this behavior family and supply these request/event inputs in order: websocket_connect('/'). Record whether brotli or brotlicffi is loaded because the upstream test is conditionally skipped when either is present.",websocket.messages; websocket.close_code; websocket.accept_headers,backlog,,,tests/test_websockets.py:82; tests/conftest.py:test_client_factory
websockets.test_websocket_iter_bytes,upstream_test,tests/test_websockets.py,test_websocket_iter_bytes,supported,starlette.websockets.WebSocket,"Construct the app, route, or WebSocket scope for this behavior family and supply these request/event inputs in order: websocket_connect('/'), send_bytes(b'Hello, world!').",websocket.messages; websocket.close_code,backlog,,,tests/test_websockets.py:183; tests/conftest.py:test_client_factory
websockets.test_websocket_iter_json,upstream_test,tests/test_websockets.py,test_websocket_iter_json,supported,starlette.websockets.WebSocket,"Construct the app, route, or WebSocket scope for this behavior family and supply these request/event inputs in order: websocket_connect('/'), send_json({'hello': 'world'}).",websocket.messages; websocket.close_code,backlog,,,tests/test_websockets.py:197; tests/conftest.py:test_client_factory
websockets.test_websocket_iter_text,upstream_test,tests/test_websockets.py,test_websocket_iter_text,supported,starlette.websockets.WebSocket,"Construct the app, route, or WebSocket scope for this behavior family and supply these request/event inputs in order: websocket_connect('/'), send_text('Hello, world!').",websocket.messages; websocket.close_code,backlog,,,tests/test_websockets.py:169; tests/conftest.py:test_client_factory
websockets.test_websocket_port,upstream_test,tests/test_websockets.py,test_websocket_port,supported,starlette.websockets.WebSocket,"Construct the app, route, or WebSocket scope for this behavior family and supply these request/event inputs in order: websocket_connect('ws://example.com:123/123?a=abc').",websocket.messages; websocket.close_code; websocket.url,backlog,,,tests/test_websockets.py:105; tests/conftest.py:test_client_factory
websockets.test_websocket_send_and_receive_bytes,upstream_test,tests/test_websockets.py,test_websocket_send_and_receive_bytes,supported,starlette.websockets.WebSocket,"Construct the app, route, or WebSocket scope for this behavior family and supply these request/event inputs in order: websocket_connect('/'), send_bytes(b'Hello, world!').",websocket.messages; websocket.close_code,backlog,,,tests/test_websockets.py:135; tests/conftest.py:test_client_factory
websockets.test_websocket_send_and_receive_json,upstream_test,tests/test_websockets.py,test_websocket_send_and_receive_json,supported,starlette.websockets.WebSocket,"Construct the app, route, or WebSocket scope for this behavior family and supply these request/event inputs in order: websocket_connect('/'), send_json({'hello': 'world'}).",websocket.messages; websocket.close_code,backlog,,,tests/test_websockets.py:152; tests/conftest.py:test_client_factory
websockets.test_websocket_send_and_receive_text,upstream_test,tests/test_websockets.py,test_websocket_send_and_receive_text,supported,starlette.websockets.WebSocket,"Construct the app, route, or WebSocket scope for this behavior family and supply these request/event inputs in order: websocket_connect('/'), send_text('Hello, world!').",websocket.messages; websocket.close_code,backlog,,,tests/test_websockets.py:118; tests/conftest.py:test_client_factory
websockets.test_websocket_url,upstream_test,tests/test_websockets.py,test_websocket_url,supported,starlette.websockets.WebSocket,"Construct the app, route, or WebSocket scope for this behavior family and supply these request/event inputs in order: websocket_connect('/123?a=abc').",websocket.messages; websocket.close_code; websocket.url,backlog,,,tests/test_websockets.py:18; tests/conftest.py:test_client_factory
